-- phpMyAdmin SQL Dump
-- version 4.9.1
-- https://www.phpmyadmin.net/
--
-- Host: 127.0.0.1
-- Waktu pembuatan: 07 Jan 2021 pada 07.16
-- Versi server: 10.4.8-MariaDB
-- Versi PHP: 7.3.11

SET SQL_MODE = "NO_AUTO_VALUE_ON_ZERO";
SET AUTOCOMMIT = 0;
START TRANSACTION;
SET time_zone = "+00:00";


/*!40101 SET @OLD_CHARACTER_SET_CLIENT=@@CHARACTER_SET_CLIENT */;
/*!40101 SET @OLD_CHARACTER_SET_RESULTS=@@CHARACTER_SET_RESULTS */;
/*!40101 SET @OLD_COLLATION_CONNECTION=@@COLLATION_CONNECTION */;
/*!40101 SET NAMES utf8mb4 */;

--
-- Database: `hris`
--

-- --------------------------------------------------------

--
-- Struktur dari tabel `departemen`
--

CREATE TABLE `departemen` (
  `id` int(11) NOT NULL,
  `id_dept` text NOT NULL DEFAULT '-',
  `departemen` text NOT NULL DEFAULT '-',
  `isDell` int(11) NOT NULL DEFAULT 0,
  `created_at` datetime NOT NULL DEFAULT current_timestamp() ON UPDATE current_timestamp(),
  `updated_at` datetime NOT NULL DEFAULT current_timestamp() ON UPDATE current_timestamp()
) ENGINE=InnoDB DEFAULT CHARSET=utf8mb4;
-- Kesalahan membaca data untuk tabel hris.departemen: #1064 - You have an error in your SQL syntax; check the manual that corresponds to your MariaDB server version for the right syntax to use near 'FROM `hris`.`departemen`' at line 1

-- --------------------------------------------------------

--
-- Struktur dari tabel `karyawan`
--

CREATE TABLE `karyawan` (
  `id` int(11) NOT NULL,
  `nip` text NOT NULL,
  `nama` text NOT NULL,
  `departemen` text NOT NULL,
  `jabatan` text NOT NULL DEFAULT '-',
  `status_karyawan` int(11) NOT NULL DEFAULT 0,
  `created_at` datetime NOT NULL DEFAULT current_timestamp() ON UPDATE current_timestamp(),
  `updated_at` datetime NOT NULL DEFAULT current_timestamp() ON UPDATE current_timestamp()
) ENGINE=InnoDB DEFAULT CHARSET=utf8mb4;

--
-- Dumping data untuk tabel `karyawan`
--

INSERT INTO `karyawan` (`id`, `nip`, `nama`, `departemen`, `jabatan`, `status_karyawan`, `created_at`, `updated_at`) VALUES
(2, '02-1018-071', 'Benedecta Alodia', 'DP001', '-', 0, '2020-12-16 11:01:15', '2020-12-16 11:01:15'),
(3, '02-0719-389', 'Ernanto Nur Pra', 'DP001', '-', 0, '2020-12-16 11:01:15', '2020-12-16 11:01:15'),
(4, '02-0919-416', 'Anisa Ayu Mutta', 'DP001', '-', 0, '2020-12-16 11:01:15', '2020-12-16 11:01:15'),
(5, '02-1019-427', 'Dony Suryatin', 'DP001', '-', 0, '2020-12-16 11:01:15', '2020-12-16 11:01:15'),
(6, '02-1019-442', 'Meydiana Rizky', 'DP001', '-', 0, '2020-12-16 11:01:15', '2020-12-16 11:01:15'),
(7, '02-1019-441', 'Gandung Siyamsyah', 'DP001', '-', 0, '2020-12-16 11:01:15', '2020-12-16 11:01:15'),
(8, '02-1119-445', 'Oktaviani Putri', 'DP001', '-', 0, '2020-12-16 11:01:15', '2020-12-16 11:01:15'),
(9, '02-0320-521', 'Bagus Trianggon', 'DP001', '-', 0, '2020-12-16 11:01:15', '2020-12-16 11:01:15'),
(10, '02-0320-524', 'Theodurus Gary', 'DP001', '-', 0, '2020-12-16 11:01:15', '2020-12-16 11:01:15'),
(11, '02-0418-015', 'Muh Khoirul Irvan', 'DP002', '-', 0, '2020-12-16 11:01:15', '2020-12-16 11:01:15'),
(12, '02-0418-019', 'Fitriana', 'DP002', '-', 0, '2020-12-16 11:01:15', '2020-12-16 11:01:15'),
(13, '02-1018-067', 'Fayr Fahri', 'DP002', '-', 0, '2020-12-16 11:01:15', '2020-12-16 11:01:15'),
(14, '02-0918-061', 'Son Loka', 'DP002', '-', 0, '2020-12-16 11:01:15', '2020-12-16 11:01:15'),
(15, '02-0918-059', 'Wiratmoko', 'DP002', '-', 0, '2020-12-16 11:01:15', '2020-12-16 11:01:15'),
(16, '02-1118-093', 'Lisnawati', 'DP002', '-', 0, '2020-12-16 11:01:15', '2020-12-16 11:01:15'),
(17, '02-1218-209', 'Titis Setyoko', 'DP002', '-', 0, '2020-12-16 11:01:15', '2020-12-16 11:01:15'),
(18, '02-1218-200', 'Neng Hesti Styo', 'DP002', '-', 0, '2020-12-16 11:01:15', '2020-12-16 11:01:15'),
(19, '02-1218-206', 'Edi Prasetyo', 'DP002', '-', 0, '2020-12-16 11:01:15', '2020-12-16 11:01:15'),
(20, '02-1218-249', 'Iin Nurfitri', 'DP002', '-', 0, '2020-12-16 11:01:15', '2020-12-16 11:01:15'),
(21, '02-0119-266', 'Kris', 'DP002', '-', 0, '2020-12-16 11:01:15', '2020-12-16 11:01:15'),
(22, '02-0219-269', 'Widia Dwi L', 'DP002', '-', 0, '2020-12-16 11:01:15', '2020-12-16 11:01:15'),
(23, '02-0219-270', 'Lesti Kesuma', 'DP002', '-', 0, '2020-12-16 11:01:15', '2020-12-16 11:01:15'),
(24, '02-0319-271', 'Reza Zhainal', 'DP002', '-', 0, '2020-12-16 11:01:15', '2020-12-16 11:01:15'),
(25, '02-0319-282', 'Ikbal Yuliyanto', 'DP002', '-', 0, '2020-12-16 11:01:15', '2020-12-16 11:01:15'),
(26, '02-1119-446', 'Misbahul Munir', 'DP002', '-', 0, '2020-12-16 11:01:15', '2020-12-16 11:01:15'),
(27, '02-1119-478', 'Mahardika', 'DP002', '-', 0, '2020-12-16 11:01:15', '2020-12-16 11:01:15'),
(28, '02-1020-571', 'Desi Ramadina', 'DP002', '-', 0, '2020-12-16 11:01:15', '2020-12-16 11:01:15'),
(29, '02-0719-388', 'Banu Susanto', 'DP002', '-', 0, '2020-12-16 11:01:15', '2020-12-16 11:01:15'),
(30, '02-0719-373', 'Ananda Cecilia', 'DP002', '-', 0, '2020-12-16 11:01:15', '2020-12-16 11:01:15'),
(31, '02-0718-027', 'Dewobroto', 'DP003', '-', 0, '2020-12-16 11:01:15', '2020-12-16 11:01:15'),
(32, '02-0418-012', 'Mochamad Rifai', 'DP004', '-', 0, '2020-12-16 11:01:15', '2020-12-16 11:01:15'),
(33, '01-0217-007', 'Natalia Wijaya', 'DP004', '-', 0, '2020-12-16 11:01:15', '2020-12-16 11:01:15'),
(34, '02-0418-016', 'Ika Taorina M.D.', 'DP004', '-', 0, '2020-12-16 11:01:15', '2020-12-16 11:01:15'),
(35, '02-0117-009', 'Khairis', 'DP004', '-', 0, '2020-12-16 11:01:15', '2020-12-16 11:01:15'),
(36, '02-0918-057', 'Albertus Bayu', 'DP004', '-', 0, '2020-12-16 11:01:15', '2020-12-16 11:01:15'),
(37, '02-1118-094', 'Vitalin', 'DP004', '-', 0, '2020-12-16 11:01:15', '2020-12-16 11:01:15'),
(38, '02-1118-087', 'Eka Adi W', 'DP004', '-', 0, '2020-12-16 11:01:15', '2020-12-16 11:01:15'),
(39, '02-1118-174', 'Akdan Subkhan', 'DP004', '-', 0, '2020-12-16 11:01:15', '2020-12-16 11:01:15'),
(40, '02-1118-175', 'Rizky Agung', 'DP004', '-', 0, '2020-12-16 11:01:15', '2020-12-16 11:01:15'),
(41, '02-1118-176', 'Omar Yudi P', 'DP004', '-', 0, '2020-12-16 11:01:15', '2020-12-16 11:01:15'),
(42, '02-1118-119', 'Ajeng Juwita S', 'DP004', '-', 0, '2020-12-16 11:01:15', '2020-12-16 11:01:15'),
(43, '02-1218-214', 'Risa Emawati', 'DP004', '-', 0, '2020-12-16 11:01:15', '2020-12-16 11:01:15'),
(44, '02-1218-216', 'Nur Rosyid', 'DP004', '-', 0, '2020-12-16 11:01:15', '2020-12-16 11:01:15'),
(45, '02-0119-252', 'M Targhibul', 'DP004', '-', 0, '2020-12-16 11:01:15', '2020-12-16 11:01:15'),
(46, '02-0419-284', 'Susanto', 'DP004', '-', 0, '2020-12-16 11:01:15', '2020-12-16 11:01:15'),
(47, '02-1019-428', 'Fx Ferry Eko', 'DP004', '-', 0, '2020-12-16 11:01:15', '2020-12-16 11:01:15'),
(48, '02-1019-443', 'Eko Pramujianto', 'DP004', '-', 0, '2020-12-16 11:01:15', '2020-12-16 11:01:15'),
(49, '02-1019-477', 'Khoirul Anam', 'DP004', '-', 0, '2020-12-16 11:01:15', '2020-12-16 11:01:15'),
(50, '02-1119-477', 'Nugrahani D', 'DP004', '-', 0, '2020-12-16 11:01:15', '2020-12-16 11:01:15'),
(51, '02-0220-515', 'Martinus P', 'DP004', '-', 0, '2020-12-16 11:01:15', '2020-12-16 11:01:15'),
(52, '02-1020-572', 'Kholidin', 'DP004', '-', 0, '2020-12-16 11:01:15', '2020-12-16 11:01:15'),
(53, '02-0920-545', 'Shinta Oktavian', 'DP004', '-', 0, '2020-12-16 11:01:15', '2020-12-16 11:01:15'),
(54, '02-0818-049', 'Marta K', 'DP005', '-', 0, '2020-12-16 11:01:15', '2020-12-16 11:01:15'),
(55, '02-0818-050', 'Hermawan TP', 'DP005', '-', 0, '2020-12-16 11:01:15', '2020-12-16 11:01:15'),
(56, '02-1018-065', 'Bekti Berkah W', 'DP005', '-', 0, '2020-12-16 11:01:15', '2020-12-16 11:01:15'),
(57, '02-1118-081', 'Sawitri', 'DP005', '-', 0, '2020-12-16 11:01:15', '2020-12-16 11:01:15'),
(58, '02-1218-183', 'Satria Manggala', 'DP005', '-', 0, '2020-12-16 11:01:15', '2020-12-16 11:01:15'),
(59, '02-1118-153', 'Nazzul Aqil Maj', 'DP005', '-', 0, '2020-12-16 11:01:15', '2020-12-16 11:01:15'),
(60, '02-1118-147', 'Chicik Kusworo', 'DP005', '-', 0, '2020-12-16 11:01:15', '2020-12-16 11:01:15'),
(61, '02-1118-138', 'Putri Wulansari', 'DP005', '-', 0, '2020-12-16 11:01:15', '2020-12-16 11:01:15'),
(62, '02-1118-146', 'Samsul Maarif', 'DP005', '-', 0, '2020-12-16 11:01:15', '2020-12-16 11:01:15'),
(63, '02-1118-129', 'Siti Khoiriyah', 'DP005', '-', 0, '2020-12-16 11:01:15', '2020-12-16 11:01:15'),
(64, '02-1118-152', 'Hesti Endah R', 'DP005', '-', 0, '2020-12-16 11:01:15', '2020-12-16 11:01:15'),
(65, '02-1118-141', 'Tri Hidayat', 'DP005', '-', 0, '2020-12-16 11:01:15', '2020-12-16 11:01:15'),
(66, '02-1118-145', 'Daniel Dwi R', 'DP005', '-', 0, '2020-12-16 11:01:15', '2020-12-16 11:01:15'),
(67, '02-1118-159', 'Fanny K', 'DP005', '-', 0, '2020-12-16 11:01:15', '2020-12-16 11:01:15'),
(68, '02-1118-139', 'Andika Ferdian', 'DP005', '-', 0, '2020-12-16 11:01:15', '2020-12-16 11:01:15'),
(69, '02-1118-161', 'Zainal Arifin', 'DP005', '-', 0, '2020-12-16 11:01:15', '2020-12-16 11:01:15'),
(70, '02-1118-156', 'Jeffry Setiawan', 'DP005', '-', 0, '2020-12-16 11:01:15', '2020-12-16 11:01:15'),
(71, '02-1118-143', 'Aditiya Destriy', 'DP005', '-', 0, '2020-12-16 11:01:15', '2020-12-16 11:01:15'),
(72, '02-1118-134', 'Lukman Adi N', 'DP005', '-', 0, '2020-12-16 11:01:15', '2020-12-16 11:01:15'),
(73, '02-1118-132', 'Rizky Ilham M', 'DP005', '-', 0, '2020-12-16 11:01:15', '2020-12-16 11:01:15'),
(74, '02-1218-179', 'Alfifudin J', 'DP005', '-', 0, '2020-12-16 11:01:15', '2020-12-16 11:01:15'),
(75, '02-1218-213', 'Wahyu Imam P', 'DP005', '-', 0, '2020-12-16 11:01:15', '2020-12-16 11:01:15'),
(76, '02-1118-158', 'Krisna Danang K', 'DP005', '-', 0, '2020-12-16 11:01:15', '2020-12-16 11:01:15'),
(77, '02-1118-154', 'Muhamad Fatkhu', 'DP005', '-', 0, '2020-12-16 11:01:15', '2020-12-16 11:01:15'),
(78, '02-1218-193', 'Sri Wahyuningsi', 'DP005', '-', 0, '2020-12-16 11:01:15', '2020-12-16 11:01:15'),
(79, '02-1218-202', 'B Agung Ardhy K', 'DP005', '-', 0, '2020-12-16 11:01:15', '2020-12-16 11:01:15'),
(80, '02-1218-186', 'Jayanti Rahma W', 'DP005', '-', 0, '2020-12-16 11:01:15', '2020-12-16 11:01:15'),
(81, '02-1218-197', 'Devi Santi', 'DP005', '-', 0, '2020-12-16 11:01:15', '2020-12-16 11:01:15'),
(82, '02-1218-192', 'Lia Irmawati', 'DP005', '-', 0, '2020-12-16 11:01:15', '2020-12-16 11:01:15'),
(83, '02-1118-127', 'Ahmadi Dawut Y', 'DP005', '-', 0, '2020-12-16 11:01:15', '2020-12-16 11:01:15'),
(84, '02-1118-151', 'Amalikfar Alfia', 'DP005', '-', 0, '2020-12-16 11:01:15', '2020-12-16 11:01:15'),
(85, '02-1218-178', 'Edi Kris P', 'DP005', '-', 0, '2020-12-16 11:01:15', '2020-12-16 11:01:15'),
(86, '02-1118-173', 'Robby Cahyadi', 'DP005', '-', 0, '2020-12-16 11:01:15', '2020-12-16 11:01:15'),
(87, '02-1218-225', 'Shinta Oktaviya', 'DP005', '-', 0, '2020-12-16 11:01:15', '2020-12-16 11:01:15'),
(88, '02-1218-234', 'Agus Kristiawan', 'DP005', '-', 0, '2020-12-16 11:01:15', '2020-12-16 11:01:15'),
(89, '02-1218-238', 'Ananda Febri S', 'DP005', '-', 0, '2020-12-16 11:01:15', '2020-12-16 11:01:15'),
(90, '02-1218-236', 'Bagus Yulianto', 'DP005', '-', 0, '2020-12-16 11:01:15', '2020-12-16 11:01:15'),
(91, '02-1218-240', 'Siti Fatmaul', 'DP005', '-', 0, '2020-12-16 11:01:15', '2020-12-16 11:01:15'),
(92, '02-1218-239', 'Rudi Supriyo', 'DP005', '-', 0, '2020-12-16 11:01:15', '2020-12-16 11:01:15'),
(93, '02-1218-237', 'Heri', 'DP005', '-', 0, '2020-12-16 11:01:15', '2020-12-16 11:01:15'),
(94, '02-1218-243', 'Rendi Suryadi', 'DP005', '-', 0, '2020-12-16 11:01:15', '2020-12-16 11:01:15'),
(95, '02-0119-258', 'Kifan', 'DP005', '-', 0, '2020-12-16 11:01:15', '2020-12-16 11:01:15'),
(96, '02-0119-265', 'Taufiq Achmad', 'DP005', '-', 0, '2020-12-16 11:01:15', '2020-12-16 11:01:15'),
(97, '02-0419-285', 'Nuryanto', 'DP005', '-', 0, '2020-12-16 11:01:15', '2020-12-16 11:01:15'),
(98, '02-0419-286', 'Santika', 'DP005', '-', 0, '2020-12-16 11:01:15', '2020-12-16 11:01:15'),
(99, '02-0820-532', 'Mujayana', 'DP005', '-', 0, '2020-12-16 11:01:15', '2020-12-16 11:01:15'),
(100, '02-0919-418', 'Jumiko', 'DP005', '-', 0, '2020-12-16 11:01:15', '2020-12-16 11:01:15'),
(101, '02-0919-422', 'Dewi Setya P', 'DP005', '-', 0, '2020-12-16 11:01:15', '2020-12-16 11:01:15'),
(102, '02-0919-420', 'Fahmi Idris', 'DP005', '-', 0, '2020-12-16 11:01:15', '2020-12-16 11:01:15'),
(103, '02-0919-421', 'Adi Subeki', 'DP005', '-', 0, '2020-12-16 11:01:15', '2020-12-16 11:01:15'),
(104, '02-1019-425', 'Ajeng Nurmalita', 'DP005', '-', 0, '2020-12-16 11:01:15', '2020-12-16 11:01:15'),
(105, '02-0820-531', 'Supriyanto', 'DP005', '-', 0, '2020-12-16 11:01:15', '2020-12-16 11:01:15'),
(106, '02-0820-533', 'Eni Istiani', 'DP005', '-', 0, '2020-12-16 11:01:15', '2020-12-16 11:01:15'),
(107, '02-0820-530', 'Jati Waskito', 'DP005', '-', 0, '2020-12-16 11:01:15', '2020-12-16 11:01:15'),
(108, '02-1219-483', 'Yuda Indrawan', 'DP005', '-', 0, '2020-12-16 11:01:15', '2020-12-16 11:01:15'),
(109, '02-0220-514', 'Ragil Trikawan', 'DP005', '-', 0, '2020-12-16 11:01:15', '2020-12-16 11:01:15'),
(110, '02-0320-519', 'Sabihis', 'DP005', '-', 0, '2020-12-16 11:01:15', '2020-12-16 11:01:15'),
(111, '02-0320-520', 'Kuni Saadati', 'DP005', '-', 0, '2020-12-16 11:01:15', '2020-12-16 11:01:15'),
(112, '02-0320-525', 'Agni Metta Bril', 'DP005', '-', 0, '2020-12-16 11:01:15', '2020-12-16 11:01:15'),
(113, '02-0320-527', 'Fery Tri Nugroh', 'DP005', '-', 0, '2020-12-16 11:01:15', '2020-12-16 11:01:15'),
(114, '02-0320-528', 'Bayu Evendy', 'DP005', '-', 0, '2020-12-16 11:01:15', '2020-12-16 11:01:15'),
(115, '02-1219-501', 'Agus Dwi S', 'DP005', '-', 0, '2020-12-16 11:01:15', '2020-12-16 11:01:15'),
(116, '02-0719-359', 'Fista Saisabila', 'DP005', '-', 0, '2020-12-16 11:01:15', '2020-12-16 11:01:15'),
(117, '02-0719-349', 'Heru Kuncoro', 'DP005', '-', 0, '2020-12-16 11:01:15', '2020-12-16 11:01:15'),
(118, '02-0719-384', 'Hadi M Jambak', 'DP005', '-', 0, '2020-12-16 11:01:15', '2020-12-16 11:01:15'),
(119, '02-1219-488', 'Hasan Fatchur R', 'DP005', '-', 0, '2020-12-16 11:01:15', '2020-12-16 11:01:15'),
(120, '02-0719-383', 'Zoelfa Arifudin', 'DP005', '-', 0, '2020-12-16 11:01:15', '2020-12-16 11:01:15'),
(121, '02-0719-381', 'Putri Arumsari', 'DP005', '-', 0, '2020-12-16 11:01:15', '2020-12-16 11:01:15'),
(122, '02-0719-385', 'Faiz Fissa F', 'DP005', '-', 0, '2020-12-16 11:01:15', '2020-12-16 11:01:15'),
(123, '02-0719-379', 'Lufky Hendra P', 'DP005', '-', 0, '2020-12-16 11:01:15', '2020-12-16 11:01:15'),
(124, '02-0719-362', 'Santo Nurcahyono', 'DP005', '-', 0, '2020-12-16 11:01:15', '2020-12-16 11:01:15'),
(125, '02-0719-386', 'Kiki Pohing P', 'DP005', '-', 0, '2020-12-16 11:01:15', '2020-12-16 11:01:15'),
(126, '02-0920-543', 'Putri Zulekha', 'DP005', '-', 0, '2020-12-16 11:01:15', '2020-12-16 11:01:15'),
(127, '02-1018-066', 'Riyanto', 'DP006', '-', 0, '2020-12-16 11:01:15', '2020-12-16 11:01:15'),
(128, '02-0418-010', 'Samuel Souhuwat', 'DP006', '-', 0, '2020-12-16 11:01:15', '2020-12-16 11:01:15'),
(129, '01-1117-008', 'Ande Suleindy S.', 'DP006', '-', 0, '2020-12-16 11:01:15', '2020-12-16 11:01:15'),
(130, '02-0418-011', 'Daniel Joko S.', 'DP006', '-', 0, '2020-12-16 11:01:15', '2020-12-16 11:01:15'),
(131, '02-0718-035', 'Ahmad Rodhi', 'DP006', '-', 0, '2020-12-16 11:01:15', '2020-12-16 11:01:15'),
(132, '02-0718-034', 'Nanda Nizar A.M.', 'DP006', '-', 0, '2020-12-16 11:01:15', '2020-12-16 11:01:15'),
(133, '02-0920-541', 'Sunaryo Hadi', 'DP006', '-', 0, '2020-12-16 11:01:15', '2020-12-16 11:01:15'),
(134, '02-0920-538', 'Muh. Masrul Fikri', 'DP006', '-', 0, '2020-12-16 11:01:15', '2020-12-16 11:01:15'),
(135, '02-0920-539', 'Ivan Kurnia Pamungkas', 'DP006', '-', 0, '2020-12-16 11:01:15', '2020-12-16 11:01:15'),
(136, '02-0920-540', 'Restu Ajie', 'DP006', '-', 0, '2020-12-16 11:01:15', '2020-12-16 11:01:15'),
(137, '02-0718-037', 'Tri Wahyono Sulfianto', 'DP006', '-', 0, '2020-12-16 11:01:15', '2020-12-16 11:01:15'),
(138, '02-0920-537', 'Setiyo Hermawan', 'DP006', '-', 0, '2020-12-16 11:01:15', '2020-12-16 11:01:15'),
(139, '02-0920-536', 'Zaenudin', 'DP006', '-', 0, '2020-12-16 11:01:15', '2020-12-16 11:01:15'),
(140, '02-0920-535', 'Muhsinun', 'DP006', '-', 0, '2020-12-16 11:01:15', '2020-12-16 11:01:15'),
(141, '01-0117-006', 'Benny Saputro H.', 'DP006', '-', 0, '2020-12-16 11:01:15', '2020-12-16 11:01:15'),
(142, '02-0920-542', 'Pajar Sukoco', 'DP006', '-', 0, '2020-12-16 11:01:15', '2020-12-16 11:01:15'),
(143, '02-0818-047', 'Rio Ari S', 'DP006', '-', 0, '2020-12-16 11:01:15', '2020-12-16 11:01:15'),
(144, '02-0920-570', 'Arif Rahmanto', 'DP006', '-', 0, '2020-12-16 11:01:15', '2020-12-16 11:01:15'),
(145, '02-0818-053', 'Tafdhil Munir', 'DP006', '-', 0, '2020-12-16 11:01:15', '2020-12-16 11:01:15'),
(146, '02-0918-060', 'Khoirul Anam', 'DP006', '-', 0, '2020-12-16 11:01:15', '2020-12-16 11:01:15'),
(147, '02-1018-070', 'Alvin Sahana', 'DP006', '-', 0, '2020-12-16 11:01:15', '2020-12-16 11:01:15'),
(148, '02-1118-096', 'Muhammad Ihsan', 'DP006', '-', 0, '2020-12-16 11:01:15', '2020-12-16 11:01:15'),
(149, '02-1118-095', 'Abi Zakaria', 'DP006', '-', 0, '2020-12-16 11:01:15', '2020-12-16 11:01:15'),
(150, '02-1118-097', 'Tri Listyo A', 'DP006', '-', 0, '2020-12-16 11:01:15', '2020-12-16 11:01:15'),
(151, '02-1118-160', 'Yogi Adam S', 'DP006', '-', 0, '2020-12-16 11:01:15', '2020-12-16 11:01:15'),
(152, '02-1218-195', 'Istiqomah', 'DP006', '-', 0, '2020-12-16 11:01:15', '2020-12-16 11:01:15'),
(153, '02-0319-272', 'Pamuji', 'DP006', '-', 0, '2020-12-16 11:01:15', '2020-12-16 11:01:15'),
(154, '02-0319-281', 'Achmad Yusuf A', 'DP006', '-', 0, '2020-12-16 11:01:15', '2020-12-16 11:01:15'),
(155, '02-0619-309', 'Bayu Aditya P', 'DP006', '-', 0, '2020-12-16 11:01:15', '2020-12-16 11:01:15'),
(156, '02-0819-395', 'Asep Priyanto', 'DP006', '-', 0, '2020-12-16 11:01:15', '2020-12-16 11:01:15'),
(157, '02-0819-392', 'M Riyadhoh', 'DP006', '-', 0, '2020-12-16 11:01:15', '2020-12-16 11:01:15'),
(158, '02-0819-390', 'Eko Prasetyo', 'DP006', '-', 0, '2020-12-16 11:01:15', '2020-12-16 11:01:15'),
(159, '02-0919-410', 'Hasnul Wahyudin', 'DP006', '-', 0, '2020-12-16 11:01:15', '2020-12-16 11:01:15'),
(160, '02-0919-412', 'Arya Nugraha', 'DP006', '-', 0, '2020-12-16 11:01:15', '2020-12-16 11:01:15'),
(161, '02-0919-415', 'Mohamad Sholahu', 'DP006', '-', 0, '2020-12-16 11:01:15', '2020-12-16 11:01:15'),
(162, '02-0619-317', 'Legiyo Priyo a', 'DP006', '-', 0, '2020-12-16 11:01:15', '2020-12-16 11:01:15'),
(163, '02-1019-426', 'Farid Setiadi', 'DP006', '-', 0, '2020-12-16 11:01:15', '2020-12-16 11:01:15'),
(164, '02-1019-432', 'Suryadi', 'DP006', '-', 0, '2020-12-16 11:01:15', '2020-12-16 11:01:15'),
(165, '02-1019-433', 'Ahmadi', 'DP006', '-', 0, '2020-12-16 11:01:15', '2020-12-16 11:01:15'),
(166, '02-1019-434', 'Aji Hasmadi', 'DP006', '-', 0, '2020-12-16 11:01:15', '2020-12-16 11:01:15'),
(167, '02-1119-447', 'Dedy Kurniawan', 'DP006', '-', 0, '2020-12-16 11:01:15', '2020-12-16 11:01:15'),
(168, '02-1119-448', 'Adin Yuliarto', 'DP006', '-', 0, '2020-12-16 11:01:15', '2020-12-16 11:01:15'),
(169, '02-0418-014', 'Bin Wasito', 'DP007', '-', 0, '2020-12-16 11:01:15', '2020-12-16 11:01:15'),
(170, '02-0418-018', 'Tressia Sepanov T.', 'DP007', '-', 0, '2020-12-16 11:01:15', '2020-12-16 11:01:15'),
(171, '02-1018-068', 'Widiya Astuti', 'DP007', '-', 0, '2020-12-16 11:01:15', '2020-12-16 11:01:15'),
(172, '02-1118-089', 'Fajar Diki C', 'DP007', '-', 0, '2020-12-16 11:01:15', '2020-12-16 11:01:15'),
(173, '02-1118-086', 'Tri Rizqi A', 'DP007', '-', 0, '2020-12-16 11:01:15', '2020-12-16 11:01:15'),
(174, '02-1118-079', 'Athin Pratiwi', 'DP007', '-', 0, '2020-12-16 11:01:15', '2020-12-16 11:01:15'),
(175, '02-1118-084', 'Ariyono', 'DP007', '-', 0, '2020-12-16 11:01:15', '2020-12-16 11:01:15'),
(176, '02-1118-077', 'Ch Arjuna A W', 'DP007', '-', 0, '2020-12-16 11:01:15', '2020-12-16 11:01:15'),
(177, '02-1118-076', 'Wahyu Harsiyant', 'DP007', '-', 0, '2020-12-16 11:01:15', '2020-12-16 11:01:15'),
(178, '02-1118-090', 'Salva Bella P', 'DP007', '-', 0, '2020-12-16 11:01:15', '2020-12-16 11:01:15'),
(179, '02-1118-085', 'Fajar Budi K', 'DP007', '-', 0, '2020-12-16 11:01:15', '2020-12-16 11:01:15'),
(180, '02-1218-181', 'Suprapto', 'DP007', '-', 0, '2020-12-16 11:01:15', '2020-12-16 11:01:15'),
(181, '02-1118-100', 'Yonik Dwi F', 'DP007', '-', 0, '2020-12-16 11:01:15', '2020-12-16 11:01:15'),
(182, '02-1118-102', 'Dedi Suprayitno', 'DP007', '-', 0, '2020-12-16 11:01:15', '2020-12-16 11:01:15'),
(183, '02-1118-103', 'Dewi Septi A', 'DP007', '-', 0, '2020-12-16 11:01:15', '2020-12-16 11:01:15'),
(184, '02-1118-099', 'Dinda Aprilia N', 'DP007', '-', 0, '2020-12-16 11:01:15', '2020-12-16 11:01:15'),
(185, '02-1118-106', 'Imam Kurmen', 'DP007', '-', 0, '2020-12-16 11:01:15', '2020-12-16 11:01:15'),
(186, '02-1118-107', 'Adi Setyawan', 'DP007', '-', 0, '2020-12-16 11:01:15', '2020-12-16 11:01:15'),
(187, '02-1118-108', 'Asrul Amri P F', 'DP007', '-', 0, '2020-12-16 11:01:15', '2020-12-16 11:01:15'),
(188, '02-1118-112', 'Siti Inayah', 'DP007', '-', 0, '2020-12-16 11:01:15', '2020-12-16 11:01:15'),
(189, '02-1118-111', 'Agung Zuhri T', 'DP007', '-', 0, '2020-12-16 11:01:15', '2020-12-16 11:01:15'),
(190, '02-1118-113', 'Muchlis Arif H', 'DP007', '-', 0, '2020-12-16 11:01:15', '2020-12-16 11:01:15'),
(191, '02-1118-115', 'Titin Nurul H', 'DP007', '-', 0, '2020-12-16 11:01:15', '2020-12-16 11:01:15'),
(192, '02-1118-170', 'Pujo Leksono', 'DP007', '-', 0, '2020-12-16 11:01:15', '2020-12-16 11:01:15'),
(193, '02-1118-123', 'Muhamad Najichi', 'DP007', '-', 0, '2020-12-16 11:01:15', '2020-12-16 11:01:15'),
(194, '02-1118-166', 'Jangkung Laras', 'DP007', '-', 0, '2020-12-16 11:01:15', '2020-12-16 11:01:15'),
(195, '02-1118-171', 'Eko Prasetyo', 'DP007', '-', 0, '2020-12-16 11:01:15', '2020-12-16 11:01:15'),
(196, '02-1118-124', 'Busaeri', 'DP007', '-', 0, '2020-12-16 11:01:15', '2020-12-16 11:01:15'),
(197, '02-1118-165', 'Jenifan Widi H', 'DP007', '-', 0, '2020-12-16 11:01:15', '2020-12-16 11:01:15'),
(198, '02-1118-114', 'Imam Sukri n', 'DP007', '-', 0, '2020-12-16 11:01:15', '2020-12-16 11:01:15'),
(199, '02-1118-117', 'Marissa Akmalia', 'DP007', '-', 0, '2020-12-16 11:01:15', '2020-12-16 11:01:15'),
(200, '02-1118-118', 'Ana Chofiifa', 'DP007', '-', 0, '2020-12-16 11:01:15', '2020-12-16 11:01:15'),
(201, '02-1118-126', 'Muhamnad Bagus', 'DP007', '-', 0, '2020-12-16 11:01:15', '2020-12-16 11:01:15'),
(202, '02-1118-169', 'Ignatius Edi P', 'DP007', '-', 0, '2020-12-16 11:01:15', '2020-12-16 11:01:15'),
(203, '02-1218-232', 'Sudadi', 'DP007', '-', 0, '2020-12-16 11:01:15', '2020-12-16 11:01:15'),
(204, '02-1218-231', 'Pak Slamet', 'DP007', '-', 0, '2020-12-16 11:01:15', '2020-12-16 11:01:15'),
(205, '02-0119-251', 'Faizun', 'DP007', '-', 0, '2020-12-16 11:01:15', '2020-12-16 11:01:15'),
(206, '02-0319-273', 'Dimas Feby', 'DP007', '-', 0, '2020-12-16 11:01:15', '2020-12-16 11:01:15'),
(207, '02-1020-576', 'Redi Setyawan', 'DP007', '-', 0, '2020-12-16 11:01:15', '2020-12-16 11:01:15'),
(208, '02-0619-311', 'Ahmad Roziqin', 'DP007', '-', 0, '2020-12-16 11:01:15', '2020-12-16 11:01:15'),
(209, '02-0619-312', 'Purwito', 'DP007', '-', 0, '2020-12-16 11:01:15', '2020-12-16 11:01:15'),
(210, '02-0719-331', 'Bayu Munir', 'DP007', '-', 0, '2020-12-16 11:01:15', '2020-12-16 11:01:15'),
(211, '02-0719-333', 'Bagas Widiantar', 'DP007', '-', 0, '2020-12-16 11:01:15', '2020-12-16 11:01:15'),
(212, '02-0819-396', 'Sahlan', 'DP007', '-', 0, '2020-12-16 11:01:15', '2020-12-16 11:01:15'),
(213, '02-0719-337', 'Muhammad Rozid', 'DP007', '-', 0, '2020-12-16 11:01:15', '2020-12-16 11:01:15'),
(214, '02-0719-339', 'Syahid Putra Lu', 'DP007', '-', 0, '2020-12-16 11:01:15', '2020-12-16 11:01:15'),
(215, '02-0719-375', 'Agus Ivan K', 'DP007', '-', 0, '2020-12-16 11:01:15', '2020-12-16 11:01:15'),
(216, '02-0919-402', 'Gilang Perdana', 'DP007', '-', 0, '2020-12-16 11:01:15', '2020-12-16 11:01:15'),
(217, '02-0919-403', 'Arif Kurniawan', 'DP007', '-', 0, '2020-12-16 11:01:15', '2020-12-16 11:01:15'),
(218, '02-0919-401', 'Catur Aldi', 'DP007', '-', 0, '2020-12-16 11:01:15', '2020-12-16 11:01:15'),
(219, '02-1019-451', 'Ilham Maulida', 'DP007', '-', 0, '2020-12-16 11:01:15', '2020-12-16 11:01:15'),
(220, '02-1119-452', 'Yusman Ardiansy', 'DP007', '-', 0, '2020-12-16 11:01:15', '2020-12-16 11:01:15'),
(221, '02-1219-500', 'Wahyu Avisina', 'DP007', '-', 0, '2020-12-16 11:01:15', '2020-12-16 11:01:15'),
(222, '02-0220-513', 'Irvan Maulana', 'DP007', '-', 0, '2020-12-16 11:01:15', '2020-12-16 11:01:15'),
(223, '02-0320-517', 'Wihardo', 'DP007', '-', 0, '2020-12-16 11:01:15', '2020-12-16 11:01:15'),
(224, '02-0320-516', 'Nina V P', 'DP007', '-', 0, '2020-12-16 11:01:15', '2020-12-16 11:01:15'),
(225, '02-0320-529', 'Merlina Da silva', 'DP007', '-', 0, '2020-12-16 11:01:15', '2020-12-16 11:01:15'),
(226, '02-0720-534', 'Sumarno', 'DP007', '-', 0, '2020-12-16 11:01:15', '2020-12-16 11:01:15'),
(227, '02-0920-553', 'Muh Sabar', 'DP007', '-', 0, '2020-12-16 11:01:15', '2020-12-16 11:01:15'),
(228, '02-0920-550', 'Iwan Setyawan', 'DP007', '-', 0, '2020-12-16 11:01:15', '2020-12-16 11:01:15'),
(229, '02-0920-547', 'Joko Susilo', 'DP007', '-', 0, '2020-12-16 11:01:15', '2020-12-16 11:01:15'),
(230, '02-0920-552', 'S Lilik Gian', 'DP007', '-', 0, '2020-12-16 11:01:15', '2020-12-16 11:01:15'),
(231, '02-0920-557', 'Diah Kristiani', 'DP007', '-', 0, '2020-12-16 11:01:15', '2020-12-16 11:01:15'),
(232, '02-0920-563', 'Maksum Sangidu', 'DP007', '-', 0, '2020-12-16 11:01:15', '2020-12-16 11:01:15'),
(233, '02-0920-564', 'Agus Setiawan', 'DP007', '-', 0, '2020-12-16 11:01:15', '2020-12-16 11:01:15'),
(234, '02-0920-562', 'Juweni', 'DP007', '-', 0, '2020-12-16 11:01:15', '2020-12-16 11:01:15'),
(235, '02-0920-566', 'Suhudi', 'DP007', '-', 0, '2020-12-16 11:01:15', '2020-12-16 11:01:15'),
(236, '02-0920-556', 'Nur Rohmat', 'DP007', '-', 0, '2020-12-16 11:01:15', '2020-12-16 11:01:15'),
(237, '02-0920-561', 'Vega Aan Erfian', 'DP007', '-', 0, '2020-12-16 11:01:15', '2020-12-16 11:01:15'),
(238, '02-0920-568', 'Joko Santoso', 'DP007', '-', 0, '2020-12-16 11:01:15', '2020-12-16 11:01:15'),
(239, '02-0920-555', 'Riski Setiawan', 'DP007', '-', 0, '2020-12-16 11:01:15', '2020-12-16 11:01:15'),
(240, '02-0920-549', 'Ryan Eko S S', 'DP007', '-', 0, '2020-12-16 11:01:15', '2020-12-16 11:01:15'),
(241, '02-0920-554', 'Arif Wahyudin', 'DP007', '-', 0, '2020-12-16 11:01:15', '2020-12-16 11:01:15'),
(242, '02-0920-559', 'Putut Puji Wido', 'DP007', '-', 0, '2020-12-16 11:01:15', '2020-12-16 11:01:15'),
(243, '02-0920-551', 'Gundari', 'DP007', '-', 0, '2020-12-16 11:01:15', '2020-12-16 11:01:15'),
(244, '02-0920-560', 'Rohadi', 'DP007', '-', 0, '2020-12-16 11:01:15', '2020-12-16 11:01:15'),
(245, '02-0920-565', 'Setiyoko', 'DP007', '-', 0, '2020-12-16 11:01:15', '2020-12-16 11:01:15'),
(246, '02-0920-558', 'Kiki wahyu p', 'DP007', '-', 0, '2020-12-16 11:01:15', '2020-12-16 11:01:15'),
(247, '02-0920-569', 'Luffi Arifiyant', 'DP007', '-', 0, '2020-12-16 11:01:15', '2020-12-16 11:01:15'),
(248, '02-0920-567', 'Ririn Anggun W', 'DP007', '-', 0, '2020-12-16 11:01:15', '2020-12-16 11:01:15'),
(249, '02-0920-546', 'Rifki Novianto', 'DP007', '-', 0, '2020-12-16 11:01:15', '2020-12-16 11:01:15'),
(250, '02-0719-358', 'Didik Nugroho', 'DP007', '-', 0, '2020-12-16 11:01:15', '2020-12-16 11:01:15'),
(251, '02-0719-374', 'Muhamnad Joko', 'DP007', '-', 0, '2020-12-16 11:01:15', '2020-12-16 11:01:15'),
(252, '02-0719-351', 'Alifia Kurnia', 'DP007', '-', 0, '2020-12-16 11:01:15', '2020-12-16 11:01:15'),
(253, '02-0719-350', 'Oki Kristiyanto', 'DP007', '-', 0, '2020-12-16 11:01:15', '2020-12-16 11:01:15'),
(254, '02-0719-353', 'Muhammad Mahrus', 'DP007', '-', 0, '2020-12-16 11:01:15', '2020-12-16 11:01:15'),
(255, '02-0719-340', 'Steven Eranda', 'DP007', '-', 0, '2020-12-16 11:01:15', '2020-12-16 11:01:15'),
(256, '02-1219-492', 'M Alaik Mufid', 'DP007', '-', 0, '2020-12-16 11:01:15', '2020-12-16 11:01:15'),
(257, '02-1120-580', 'Fio Ardan Dika', 'DP007', '-', 0, '2020-12-16 11:01:15', '2020-12-16 11:01:15'),
(258, '02-1120-582', 'Mei Nuraini', 'DP007', '-', 0, '2020-12-16 11:01:15', '2020-12-16 11:01:15'),
(259, '02-0418-024', 'Erwin Kristianto T.', 'DP008', '-', 0, '2020-12-16 11:01:15', '2020-12-16 11:01:15'),
(260, '02-1118-091', 'Widhi Mukti A', 'DP008', '-', 0, '2020-12-16 11:01:15', '2020-12-16 11:01:15'),
(261, '02-1218-182', 'Andreas W', 'DP008', '-', 0, '2020-12-16 11:01:15', '2020-12-16 11:01:15'),
(262, '02-1218-201', 'Eva Yulina', 'DP008', '-', 0, '2020-12-16 11:01:15', '2020-12-16 11:01:15'),
(263, '02-1218-246', 'Lidya Arystiani', 'DP008', '-', 0, '2020-12-16 11:01:15', '2020-12-16 11:01:15'),
(264, '02-0119-267', 'F Bayu Pramasty', 'DP008', '-', 0, '2020-12-16 11:01:15', '2020-12-16 11:01:15'),
(265, '02-0319-278', 'Mateo Bunga', 'DP008', '-', 0, '2020-12-16 11:01:15', '2020-12-16 11:01:15'),
(266, '02-0719-325', 'Alfa Gani', 'DP008', '-', 0, '2020-12-16 11:01:15', '2020-12-16 11:01:15'),
(267, '02-0719-335', 'Mona Joan Emera', 'DP008', '-', 0, '2020-12-16 11:01:15', '2020-12-16 11:01:15'),
(268, '02-0819-394', 'Arief Asmara', 'DP008', '-', 0, '2020-12-16 11:01:15', '2020-12-16 11:01:15'),
(269, '02-1019-430', 'Pratiwi Ivany', 'DP008', '-', 0, '2020-12-16 11:01:15', '2020-12-16 11:01:15'),
(270, '02-1019-429', 'Aulia Novia', 'DP008', '-', 0, '2020-12-16 11:01:15', '2020-12-16 11:01:15'),
(271, '02-1019-437', 'Gizella Adlien', 'DP008', '-', 0, '2020-12-16 11:01:15', '2020-12-16 11:01:15'),
(272, '02-1019-439', 'Deni Rachman K', 'DP008', '-', 0, '2020-12-16 11:01:15', '2020-12-16 11:01:15'),
(273, '02-1119-479', 'Widawati', 'DP008', '-', 0, '2020-12-16 11:01:15', '2020-12-16 11:01:15'),
(274, '02-0220-510', 'Cholifah Wulan', 'DP008', '-', 0, '2020-12-16 11:01:15', '2020-12-16 11:01:15'),
(275, '02-0920-544', 'Diah Ayu Puspita', 'DP008', '-', 0, '2020-12-16 11:01:15', '2020-12-16 11:01:15'),
(276, '000', 'trial', 'DP001', '-', 0, '2021-01-06 05:26:24', '2021-01-06 05:26:24'),
(277, '0000', 'trial', 'DP003', '-', 0, '2021-01-06 05:57:27', '2021-01-06 05:57:27'),
(278, '00000', 'trial', 'DP001', '-', 0, '2021-01-06 05:58:32', '2021-01-06 05:58:32'),
(279, '0', 'trial001', 'DP001', '-', 0, '2021-01-06 06:04:09', '2021-01-06 06:04:09'),
(280, '0101', 'trial', 'DP001', '-', 0, '2021-01-06 06:14:17', '2021-01-06 06:14:17');

-- --------------------------------------------------------

--
-- Struktur dari tabel `karyawan_detail`
--

CREATE TABLE `karyawan_detail` (
  `id` int(11) NOT NULL,
  `nip` text NOT NULL,
  `no_rekening` text NOT NULL DEFAULT '-',
  `total_hari_kerja` int(11) NOT NULL DEFAULT 0,
  `gaji_pokok` float NOT NULL DEFAULT 0,
  `gaji_harian` float NOT NULL DEFAULT 0,
  `tnj_jabatan` float NOT NULL DEFAULT 0,
  `tnj_keahlian` float NOT NULL DEFAULT 0,
  `tnj_komunikasi` float NOT NULL DEFAULT 0,
  `tnj_tempat_tinggal` float NOT NULL DEFAULT 0,
  `tnj_kehadiran` float NOT NULL DEFAULT 0,
  `tnj_transportasi` float NOT NULL DEFAULT 0,
  `tnj_makan_siang` float NOT NULL DEFAULT 0,
  `jml_hari_prorate` float NOT NULL DEFAULT 0,
  `proprate_point` float NOT NULL DEFAULT 0,
  `lembur` float NOT NULL DEFAULT 0,
  `thr` float NOT NULL DEFAULT 0,
  `bonus` float NOT NULL DEFAULT 0,
  `komisi` float NOT NULL DEFAULT 0,
  `lain_lain_tnj_td_ttp` float NOT NULL DEFAULT 0,
  `bpjsKes_persen_karyawan` float NOT NULL DEFAULT 0,
  `bpjsKes_persen_perusahaan` float NOT NULL DEFAULT 0,
  `skema1_bpjs_kesehatan` float NOT NULL DEFAULT 0,
  `skema2_bpjs_kesehatan` float NOT NULL DEFAULT 0,
  `beban_perusahaan_kesehatan` float NOT NULL DEFAULT 0,
  `beban_karyawan_perusahaan` float NOT NULL DEFAULT 0,
  `bpjsTk_persen_perusahaan` float NOT NULL DEFAULT 0,
  `bpjsTk_persen_karyawan` float NOT NULL DEFAULT 0,
  `skema1_bpjs_tk` float NOT NULL DEFAULT 0,
  `skema2_bpjs_tk` float NOT NULL DEFAULT 0,
  `beban_perusahaan_tk` float NOT NULL DEFAULT 0,
  `beban_karyawan_tk` float NOT NULL DEFAULT 0,
  `pajak_persen_perusahaan` float NOT NULL DEFAULT 0,
  `pajak_persen_karyawan` float NOT NULL DEFAULT 0,
  `skema1_pajak` float NOT NULL DEFAULT 0,
  `skema2_pajak` float NOT NULL DEFAULT 0,
  `beban_perusahaan_pajak` float NOT NULL DEFAULT 0,
  `beban_karyawan_pajak` float NOT NULL DEFAULT 0,
  `iuran_koperasi` float NOT NULL DEFAULT 0,
  `hutang_pinjaman` float NOT NULL DEFAULT 0,
  `piutang_karyawan` float NOT NULL DEFAULT 0,
  `lain_lain_pengurangan` float NOT NULL DEFAULT 0,
  `created_at` datetime NOT NULL DEFAULT current_timestamp() ON UPDATE current_timestamp(),
  `updated_at` datetime NOT NULL DEFAULT current_timestamp() ON UPDATE current_timestamp()
) ENGINE=InnoDB DEFAULT CHARSET=utf8mb4;

--
-- Dumping data untuk tabel `karyawan_detail`
--

INSERT INTO `karyawan_detail` (`id`, `nip`, `no_rekening`, `total_hari_kerja`, `gaji_pokok`, `gaji_harian`, `tnj_jabatan`, `tnj_keahlian`, `tnj_komunikasi`, `tnj_tempat_tinggal`, `tnj_kehadiran`, `tnj_transportasi`, `tnj_makan_siang`, `jml_hari_prorate`, `proprate_point`, `lembur`, `thr`, `bonus`, `komisi`, `lain_lain_tnj_td_ttp`, `bpjsKes_persen_karyawan`, `bpjsKes_persen_perusahaan`, `skema1_bpjs_kesehatan`, `skema2_bpjs_kesehatan`, `beban_perusahaan_kesehatan`, `beban_karyawan_perusahaan`, `bpjsTk_persen_perusahaan`, `bpjsTk_persen_karyawan`, `skema1_bpjs_tk`, `skema2_bpjs_tk`, `beban_perusahaan_tk`, `beban_karyawan_tk`, `pajak_persen_perusahaan`, `pajak_persen_karyawan`, `skema1_pajak`, `skema2_pajak`, `beban_perusahaan_pajak`, `beban_karyawan_pajak`, `iuran_koperasi`, `hutang_pinjaman`, `piutang_karyawan`, `lain_lain_pengurangan`, `created_at`, `updated_at`) VALUES
(1298, '02-1018-071', '112233', 21, 2229880, 106185, 0, 0, 0, 0, 0, 0, 0, 0, 0, 0, 0, 0, 0, 0, 0, 0, 0, 0, 0, 0, 0, 0, 0, 0, 0, 10, 0, 0, 0, 0, 0, 0, 0, 0, 0, 0, '2020-12-24 14:03:22', '2020-12-24 14:03:22'),
(1299, '02-0719-389', '112234', 21, 2500000, 119048, 100000, 0, 0, 0, 0, 0, 0, 0, 0, 0, 0, 0, 0, 0, 0, 0, 0, 0, 0, 0, 0, 0, 0, 0, 0, 10, 0, 0, 0, 0, 0, 0, 0, 0, 0, 0, '2020-12-24 14:03:22', '2020-12-24 14:03:22'),
(1300, '02-0919-416', '112235', 21, 2229880, 106185, 100000, 250000, 0, 0, 0, 0, 0, 0, 0, 0, 0, 0, 0, 0, 0, 0, 0, 0, 0, 0, 0, 0, 0, 0, 0, 9, 0, 0, 0, 0, 0, 0, 0, 0, 0, 0, '2020-12-24 14:03:22', '2020-12-24 14:03:22'),
(1301, '02-1019-427', '112236', 21, 2229880, 106185, 100000, 250000, 0, 0, 0, 0, 0, 0, 0, 0, 0, 0, 0, 0, 0, 0, 0, 0, 0, 0, 0, 0, 0, 0, 0, 12, 0, 0, 0, 0, 0, 0, 0, 0, 0, 0, '2020-12-24 14:03:22', '2020-12-24 14:03:22'),
(1302, '02-1019-442', '112237', 21, 2229880, 106185, 100000, 250000, 0, 0, 0, 0, 0, 0, 0, 0, 0, 0, 0, 0, 0, 0, 0, 0, 0, 0, 0, 0, 0, 0, 0, 11, 0, 0, 0, 0, 0, 0, 0, 0, 0, 0, '2020-12-24 14:03:22', '2020-12-24 14:03:22'),
(1303, '02-1019-441', '112238', 21, 2202870, 104899, 100000, 0, 0, 0, 0, 0, 0, 0, 0, 0, 0, 0, 0, 0, 0, 0, 0, 0, 0, 0, 0, 0, 0, 0, 0, 10, 0, 0, 0, 0, 0, 0, 0, 0, 0, 0, '2020-12-24 14:03:22', '2020-12-24 14:03:22'),
(1304, '02-1119-445', '112239', 21, 2175860, 103612, 100000, 0, 0, 0, 0, 0, 0, 0, 0, 0, 0, 0, 0, 0, 0, 0, 0, 0, 0, 0, 0, 0, 0, 0, 0, 10, 0, 0, 0, 0, 0, 0, 0, 0, 0, 0, '2020-12-24 14:03:22', '2020-12-24 14:03:22'),
(1305, '02-0320-521', '112240', 21, 2148850, 102326, 100000, 250000, 0, 0, 0, 0, 0, 0, 0, 0, 0, 0, 0, 0, 0, 0, 0, 0, 0, 0, 0, 0, 0, 0, 0, 10, 0, 0, 0, 0, 0, 0, 0, 0, 0, 0, '2020-12-24 14:03:22', '2020-12-24 14:03:22'),
(1306, '02-0320-524', '112241', 21, 2121830, 101040, 100000, 250000, 0, 0, 0, 0, 0, 0, 0, 0, 0, 0, 0, 0, 0, 0, 0, 0, 0, 0, 0, 0, 0, 0, 0, 10, 0, 0, 0, 0, 0, 0, 0, 0, 0, 0, '2020-12-24 14:03:22', '2020-12-24 14:03:22'),
(1307, '02-0418-015', '112242', 21, 2094820, 99753.5, 100000, 250000, 0, 0, 0, 0, 0, 0, 0, 0, 0, 0, 0, 0, 0, 0, 0, 0, 0, 0, 0, 0, 0, 0, 0, 10, 0, 0, 0, 0, 0, 0, 0, 0, 0, 0, '2020-12-24 14:03:22', '2020-12-24 14:03:22'),
(1308, '02-0418-019', '112243', 21, 2067810, 98467.2, 100000, 0, 0, 0, 0, 0, 0, 0, 0, 0, 0, 0, 0, 0, 0, 0, 0, 0, 0, 0, 0, 0, 0, 0, 0, 10, 0, 0, 0, 0, 0, 0, 0, 0, 0, 0, '2020-12-24 14:03:22', '2020-12-24 14:03:22'),
(1309, '02-1018-067', '112244', 21, 2040800, 97180.9, 100000, 0, 0, 0, 0, 0, 0, 0, 0, 0, 0, 0, 0, 0, 0, 0, 0, 0, 0, 0, 0, 0, 0, 0, 0, 10, 0, 0, 0, 0, 0, 0, 0, 0, 0, 0, '2020-12-24 14:03:22', '2020-12-24 14:03:22'),
(1310, '02-0918-061', '112245', 21, 2013790, 95894.6, 100000, 250000, 0, 0, 0, 0, 0, 0, 0, 0, 0, 0, 0, 0, 0, 0, 0, 0, 0, 0, 0, 0, 0, 0, 0, 10, 0, 0, 0, 0, 0, 0, 0, 0, 0, 0, '2020-12-24 14:03:22', '2020-12-24 14:03:22'),
(1311, '02-0918-059', '112246', 21, 1986770, 94608.3, 100000, 250000, 0, 0, 0, 0, 0, 0, 0, 0, 0, 0, 0, 0, 0, 0, 0, 0, 0, 0, 0, 0, 0, 0, 0, 10, 0, 0, 0, 0, 0, 0, 0, 0, 0, 0, '2020-12-24 14:03:22', '2020-12-24 14:03:22'),
(1312, '02-1118-093', '112247', 21, 1959760, 93322, 100000, 250000, 0, 0, 0, 0, 0, 0, 0, 0, 0, 0, 0, 0, 0, 0, 0, 0, 0, 0, 0, 0, 0, 0, 0, 10, 0, 0, 0, 0, 0, 0, 0, 0, 0, 0, '2020-12-24 14:03:22', '2020-12-24 14:03:22'),
(1313, '02-1218-209', '112248', 21, 1932750, 92035.7, 100000, 0, 0, 0, 0, 0, 0, 0, 0, 0, 0, 0, 0, 0, 0, 0, 0, 0, 0, 0, 0, 0, 0, 0, 0, 10, 0, 0, 0, 0, 0, 0, 0, 0, 0, 0, '2020-12-24 14:03:22', '2020-12-24 14:03:22'),
(1314, '02-1218-200', '112249', 21, 1905740, 90749.4, 100000, 0, 0, 0, 0, 0, 0, 0, 0, 0, 0, 0, 0, 0, 0, 0, 0, 0, 0, 0, 0, 0, 0, 0, 0, 10, 0, 0, 0, 0, 0, 0, 0, 0, 0, 0, '2020-12-24 14:03:22', '2020-12-24 14:03:22'),
(1315, '02-1218-206', '112250', 21, 1878730, 89463.1, 100000, 0, 0, 0, 0, 0, 0, 0, 0, 0, 0, 0, 0, 0, 0, 0, 0, 0, 0, 0, 0, 0, 0, 0, 0, 10, 0, 0, 0, 0, 0, 0, 0, 0, 0, 0, '2020-12-24 14:03:22', '2020-12-24 14:03:22'),
(1316, '02-1218-249', '112251', 21, 1851710, 88176.8, 100000, 250000, 0, 0, 0, 0, 0, 0, 0, 0, 0, 0, 0, 0, 0, 0, 0, 0, 0, 0, 0, 0, 0, 0, 0, 10, 0, 0, 0, 0, 0, 0, 0, 0, 0, 0, '2020-12-24 14:03:22', '2020-12-24 14:03:22'),
(1317, '02-0119-266', '112252', 21, 1824700, 86890.5, 100000, 250000, 120000, 300000, 300000, 400000, 30000, 24, 20, 70000, 200000, 0, 300000, 120000, 0, 0, 0, 0, 72988, 18247, 0, 0, 0, 0, 77367.3, 36494, 0, 0, 0, 0, 0, 0, 0, 0, 0, 0, '2020-12-26 15:55:55', '2020-12-26 15:55:55'),
(1318, '02-0219-269', '112253', 21, 1797690, 85604.2, 100000, 155263, 0, 0, 0, 0, 0, 0, 0, 0, 0, 0, 0, 0, 0, 0, 0, 0, 0, 0, 0, 0, 0, 0, 0, 10, 0, 0, 0, 0, 0, 0, 0, 0, 0, 0, '2020-12-24 14:03:22', '2020-12-24 14:03:22'),
(1319, '02-0219-270', '112254', 21, 1770680, 84317.9, 100000, 156955, 0, 0, 0, 0, 0, 0, 0, 0, 0, 0, 0, 0, 0, 0, 0, 0, 0, 0, 0, 0, 0, 0, 0, 10, 0, 0, 0, 0, 0, 0, 0, 0, 0, 0, '2020-12-24 14:03:22', '2020-12-24 14:03:22'),
(1320, '02-0319-271', '112255', 21, 1743670, 83031.6, 100000, 158647, 0, 0, 0, 0, 0, 0, 0, 0, 0, 0, 0, 0, 0, 0, 0, 0, 0, 0, 0, 0, 0, 0, 0, 10, 0, 0, 0, 0, 0, 0, 0, 0, 0, 0, '2020-12-24 14:03:22', '2020-12-24 14:03:22'),
(1321, '02-0319-282', '112256', 21, 1716650, 81745.3, 100000, 160338, 0, 0, 0, 0, 0, 0, 0, 0, 0, 0, 0, 0, 0, 0, 0, 0, 0, 0, 0, 0, 0, 0, 0, 10, 0, 0, 0, 0, 0, 0, 0, 0, 0, 0, '2020-12-24 14:03:22', '2020-12-24 14:03:22'),
(1322, '02-1119-446', '112257', 21, 1689640, 80459, 100000, 162030, 0, 0, 0, 0, 0, 0, 0, 0, 0, 0, 0, 0, 0, 0, 0, 0, 0, 0, 0, 0, 0, 0, 0, 10, 0, 0, 0, 0, 0, 0, 0, 0, 0, 0, '2020-12-24 14:03:22', '2020-12-24 14:03:22'),
(1323, '02-1119-478', '112258', 21, 1662630, 79172.7, 100000, 163722, 0, 0, 0, 0, 0, 0, 0, 0, 0, 0, 0, 0, 0, 0, 0, 0, 0, 0, 0, 0, 0, 0, 0, 10, 0, 0, 0, 0, 0, 0, 0, 0, 0, 0, '2020-12-24 14:03:22', '2020-12-24 14:03:22'),
(1324, '02-1020-571', '112259', 21, 1635620, 77886.4, 100000, 165414, 0, 0, 0, 0, 0, 0, 0, 0, 0, 0, 0, 0, 0, 0, 0, 0, 0, 0, 0, 0, 0, 0, 0, 10, 0, 0, 0, 0, 0, 0, 0, 0, 0, 0, '2020-12-24 14:03:22', '2020-12-24 14:03:22'),
(1325, '02-0719-388', '112260', 21, 1608610, 76600.1, 100000, 167105, 0, 0, 0, 0, 0, 0, 0, 0, 0, 0, 0, 0, 0, 0, 0, 0, 0, 0, 0, 0, 0, 0, 0, 10, 0, 0, 0, 0, 0, 0, 0, 0, 0, 0, '2020-12-24 14:03:22', '2020-12-24 14:03:22'),
(1326, '02-0719-373', '112261', 21, 1581600, 75313.8, 100000, 168797, 0, 0, 0, 0, 0, 0, 0, 0, 0, 0, 0, 0, 0, 0, 0, 0, 0, 0, 0, 0, 0, 0, 0, 10, 0, 0, 0, 0, 0, 0, 0, 0, 0, 0, '2020-12-24 14:03:22', '2020-12-24 14:03:22'),
(1327, '02-0718-027', '112262', 21, 1554580, 74027.5, 100000, 170489, 0, 0, 0, 0, 0, 0, 0, 0, 0, 0, 0, 0, 0, 0, 0, 0, 0, 0, 0, 0, 0, 0, 0, 10, 0, 0, 0, 0, 0, 0, 0, 0, 0, 0, '2020-12-24 14:03:22', '2020-12-24 14:03:22'),
(1328, '02-0418-012', '112263', 21, 1527570, 72741.2, 100000, 172180, 0, 0, 0, 0, 0, 0, 0, 0, 0, 0, 0, 0, 0, 0, 0, 0, 0, 0, 0, 0, 0, 0, 0, 10, 0, 0, 0, 0, 0, 0, 0, 0, 0, 0, '2020-12-24 14:03:22', '2020-12-24 14:03:22'),
(1329, '01-0217-007', '112264', 21, 1500560, 71455.2, 100000, 173872, 300000, 500000, 120000, 80000, 150000, 20, 20, 90000, 125000, 50000, 75000, 20000, 4, 0.04, 0, 0, 60022.4, 6002240, 0.4, 7, 0, 0, 600224, 10503900, 8.3, 8, 0, 0, 12454600, 12004500, 0, 0, 0, 0, '2021-01-06 16:43:50', '2021-01-06 16:43:50'),
(1330, '02-0418-016', '112265', 21, 1473550, 70168.6, 100000, 175564, 0, 0, 0, 0, 0, 0, 0, 0, 0, 0, 0, 0, 0, 0, 0, 0, 0, 0, 0, 0, 0, 0, 0, 10, 0, 0, 0, 0, 0, 0, 0, 0, 0, 0, '2020-12-24 14:03:22', '2020-12-24 14:03:22'),
(1331, '02-0117-009', '112266', 21, 1446540, 68882.9, 100000, 177256, 90000, 20000, 300000, 50000, 170000, 17, 11, 120000, 80000, 50000, 100000, 25000, 0, 0, 0, 0, 57861.6, 14465.4, 0, 0, 0, 0, 61333.3, 28930.8, 0, 0, 0, 0, 0, 0, 0, 0, 0, 0, '2020-12-26 15:42:28', '2020-12-26 15:42:28'),
(1332, '02-0918-057', '112267', 21, 1419520, 67596, 100000, 178947, 0, 0, 0, 0, 0, 0, 0, 0, 0, 0, 0, 0, 0, 0, 0, 0, 0, 0, 0, 0, 0, 0, 0, 10, 0, 0, 0, 0, 0, 0, 0, 0, 0, 0, '2020-12-24 14:03:22', '2020-12-24 14:03:22'),
(1333, '02-1118-094', '112268', 21, 1392510, 66309.7, 100000, 180639, 0, 0, 0, 0, 0, 0, 0, 0, 0, 0, 0, 0, 0, 0, 0, 0, 0, 0, 0, 0, 0, 0, 0, 10, 0, 0, 0, 0, 0, 0, 0, 0, 0, 0, '2020-12-24 14:03:22', '2020-12-24 14:03:22'),
(1334, '02-1118-087', '112269', 21, 1365500, 65023.4, 100000, 182331, 0, 0, 0, 0, 0, 0, 0, 0, 0, 0, 0, 0, 0, 0, 0, 0, 0, 0, 0, 0, 0, 0, 0, 10, 0, 0, 0, 0, 0, 0, 0, 0, 0, 0, '2020-12-24 14:03:22', '2020-12-24 14:03:22'),
(1335, '02-1118-174', '112270', 21, 1338490, 63737.1, 100000, 184023, 0, 0, 0, 0, 0, 0, 0, 0, 0, 0, 0, 0, 0, 0, 0, 0, 0, 0, 0, 0, 0, 0, 0, 10, 0, 0, 0, 0, 0, 0, 0, 0, 0, 0, '2020-12-24 14:03:22', '2020-12-24 14:03:22'),
(1336, '02-1118-175', '112271', 21, 1311480, 62450.8, 100000, 185714, 0, 0, 0, 0, 0, 0, 0, 0, 0, 0, 0, 0, 0, 0, 0, 0, 0, 0, 0, 0, 0, 0, 0, 10, 0, 0, 0, 0, 0, 0, 0, 0, 0, 0, '2020-12-24 14:03:22', '2020-12-24 14:03:22'),
(1337, '02-1118-176', '112272', 21, 1284460, 61164.5, 100000, 187406, 0, 0, 0, 0, 0, 0, 0, 0, 0, 0, 0, 0, 0, 0, 0, 0, 0, 0, 0, 0, 0, 0, 0, 10, 0, 0, 0, 0, 0, 0, 0, 0, 0, 0, '2020-12-24 14:03:22', '2020-12-24 14:03:22'),
(1338, '02-1118-119', '112273', 21, 1257450, 59878.2, 100000, 189098, 0, 0, 0, 0, 0, 0, 0, 0, 0, 0, 0, 0, 0, 0, 0, 0, 0, 0, 0, 0, 0, 0, 0, 10, 0, 0, 0, 0, 0, 0, 0, 0, 0, 0, '2020-12-24 14:03:22', '2020-12-24 14:03:22'),
(1339, '02-1218-214', '112274', 21, 1230440, 58591.9, 100000, 190789, 0, 0, 0, 0, 0, 0, 0, 0, 0, 0, 0, 0, 0, 0, 0, 0, 0, 0, 0, 0, 0, 0, 0, 10, 0, 0, 0, 0, 0, 0, 0, 0, 0, 0, '2020-12-24 14:03:22', '2020-12-24 14:03:22'),
(1340, '02-1218-216', '112275', 21, 1203430, 57305.6, 100000, 192481, 0, 0, 0, 0, 0, 0, 0, 0, 0, 0, 0, 0, 0, 0, 0, 0, 0, 0, 0, 0, 0, 0, 0, 10, 0, 0, 0, 0, 0, 0, 0, 0, 0, 0, '2020-12-24 14:03:22', '2020-12-24 14:03:22'),
(1341, '02-0119-252', '112276', 21, 1176420, 56020, 100000, 194173, 200000, 200000, 230000, 100000, 170000, 19, 14, 60000, 120000, 100000, 0, 50000, 0, 0, 0, 0, 47056.8, 11764.2, 0, 0, 0, 0, 49880.2, 23528.4, 0, 0, 0, 0, 0, 0, 0, 0, 0, 0, '2020-12-26 15:48:17', '2020-12-26 15:48:17'),
(1342, '02-0419-284', '112277', 21, 1149400, 54733, 100000, 195865, 0, 0, 0, 0, 0, 0, 0, 0, 0, 0, 0, 0, 0, 0, 0, 0, 0, 0, 0, 0, 0, 0, 0, 10, 0, 0, 0, 0, 0, 0, 0, 0, 0, 0, '2020-12-24 14:03:22', '2020-12-24 14:03:22'),
(1343, '02-1019-428', '112278', 21, 1122390, 53446.7, 100000, 197556, 0, 0, 0, 0, 0, 0, 0, 0, 0, 0, 0, 0, 0, 0, 0, 0, 0, 0, 0, 0, 0, 0, 0, 10, 0, 0, 0, 0, 0, 0, 0, 0, 0, 0, '2020-12-24 14:03:22', '2020-12-24 14:03:22'),
(1344, '02-1019-443', '112279', 21, 1095380, 52160.4, 100000, 199248, 0, 0, 0, 0, 0, 0, 0, 0, 0, 0, 0, 0, 0, 0, 0, 0, 0, 0, 0, 0, 0, 0, 0, 10, 0, 0, 0, 0, 0, 0, 0, 0, 0, 0, '2020-12-24 14:03:22', '2020-12-24 14:03:22'),
(1345, '02-1019-477', '112280', 21, 1068370, 50874.1, 100000, 200940, 0, 0, 0, 0, 0, 0, 0, 0, 0, 0, 0, 0, 0, 0, 0, 0, 0, 0, 0, 0, 0, 0, 0, 10, 0, 0, 0, 0, 0, 0, 0, 0, 0, 0, '2020-12-24 14:03:22', '2020-12-24 14:03:22'),
(1346, '02-1119-477', '112281', 21, 1041360, 49587.8, 100000, 202632, 0, 0, 0, 0, 0, 0, 0, 0, 0, 0, 0, 0, 0, 0, 0, 0, 0, 0, 0, 0, 0, 0, 0, 10, 0, 0, 0, 0, 0, 0, 0, 0, 0, 0, '2020-12-24 14:03:22', '2020-12-24 14:03:22'),
(1347, '02-0220-515', '112282', 21, 1014350, 48301.5, 100000, 204323, 0, 0, 0, 0, 0, 0, 0, 0, 0, 0, 0, 0, 0, 0, 0, 0, 0, 0, 0, 0, 0, 0, 0, 10, 0, 0, 0, 0, 0, 0, 0, 0, 0, 0, '2020-12-24 14:03:22', '2020-12-24 14:03:22'),
(1348, '02-1020-572', '112283', 21, 987334, 47015.2, 100000, 206015, 0, 0, 0, 0, 0, 0, 0, 0, 0, 0, 0, 0, 0, 0, 0, 0, 0, 0, 0, 0, 0, 0, 0, 10, 0, 0, 0, 0, 0, 0, 0, 0, 0, 0, '2020-12-24 14:03:22', '2020-12-24 14:03:22'),
(1349, '02-0920-545', '112284', 21, 960322, 45728.9, 100000, 207707, 0, 0, 0, 0, 0, 0, 0, 0, 0, 0, 0, 0, 0, 0, 0, 0, 0, 0, 0, 0, 0, 0, 0, 10, 0, 0, 0, 0, 0, 0, 0, 0, 0, 0, '2020-12-24 14:03:22', '2020-12-24 14:03:22'),
(1350, '02-0818-049', '112285', 21, 933310, 44442.6, 100000, 209398, 0, 0, 0, 0, 0, 0, 0, 0, 0, 0, 0, 0, 0, 0, 0, 0, 0, 0, 0, 0, 0, 0, 0, 10, 0, 0, 0, 0, 0, 0, 0, 0, 0, 0, '2020-12-24 14:03:22', '2020-12-24 14:03:22'),
(1351, '02-0818-050', '112286', 21, 906298, 43156.3, 100000, 211090, 0, 0, 0, 0, 0, 0, 0, 0, 0, 0, 0, 0, 0, 0, 0, 0, 0, 0, 0, 0, 0, 0, 0, 10, 0, 0, 0, 0, 0, 0, 0, 0, 0, 0, '2020-12-24 14:03:22', '2020-12-24 14:03:22'),
(1352, '02-1018-065', '112287', 21, 879286, 41870, 100000, 212782, 0, 0, 0, 0, 0, 0, 0, 0, 0, 0, 0, 0, 0, 0, 0, 0, 0, 0, 0, 0, 0, 0, 0, 10, 0, 0, 0, 0, 0, 0, 0, 0, 0, 0, '2020-12-24 14:03:22', '2020-12-24 14:03:22'),
(1353, '02-1118-081', '112288', 21, 852274, 40583.7, 100000, 214474, 0, 0, 0, 0, 0, 0, 0, 0, 0, 0, 0, 0, 0, 0, 0, 0, 0, 0, 0, 0, 0, 0, 0, 10, 0, 0, 0, 0, 0, 0, 0, 0, 0, 0, '2020-12-24 14:03:22', '2020-12-24 14:03:22'),
(1354, '02-1218-183', '112289', 21, 825262, 39297.4, 100000, 216165, 0, 0, 0, 0, 0, 0, 0, 0, 0, 0, 0, 0, 0, 0, 0, 0, 0, 0, 0, 0, 0, 0, 0, 10, 0, 0, 0, 0, 0, 0, 0, 0, 0, 0, '2020-12-24 14:03:22', '2020-12-24 14:03:22'),
(1355, '02-1118-153', '112290', 21, 798250, 38011.1, 100000, 217857, 0, 0, 0, 0, 0, 0, 0, 0, 0, 0, 0, 0, 0, 0, 0, 0, 0, 0, 0, 0, 0, 0, 0, 10, 0, 0, 0, 0, 0, 0, 0, 0, 0, 0, '2020-12-24 14:03:22', '2020-12-24 14:03:22'),
(1356, '02-1118-147', '112291', 21, 771238, 36724.8, 100000, 219549, 0, 0, 0, 0, 0, 0, 0, 0, 0, 0, 0, 0, 0, 0, 0, 0, 0, 0, 0, 0, 0, 0, 0, 10, 0, 0, 0, 0, 0, 0, 0, 0, 0, 0, '2020-12-24 14:03:22', '2020-12-24 14:03:22'),
(1357, '02-1118-138', '112292', 21, 744226, 35438.5, 100000, 221241, 0, 0, 0, 0, 0, 0, 0, 0, 0, 0, 0, 0, 0, 0, 0, 0, 0, 0, 0, 0, 0, 0, 0, 10, 0, 0, 0, 0, 0, 0, 0, 0, 0, 0, '2020-12-24 14:03:22', '2020-12-24 14:03:22'),
(1358, '02-1118-146', '112293', 21, 717215, 34152.2, 100000, 222932, 0, 0, 0, 0, 0, 0, 0, 0, 0, 0, 0, 0, 0, 0, 0, 0, 0, 0, 0, 0, 0, 0, 0, 10, 0, 0, 0, 0, 0, 0, 0, 0, 0, 0, '2020-12-24 14:03:22', '2020-12-24 14:03:22'),
(1359, '02-1118-129', '112294', 21, 690203, 32865.9, 100000, 224624, 0, 0, 0, 0, 0, 0, 0, 0, 0, 0, 0, 0, 0, 0, 0, 0, 0, 0, 0, 0, 0, 0, 0, 10, 0, 0, 0, 0, 0, 0, 0, 0, 0, 0, '2020-12-24 14:03:22', '2020-12-24 14:03:22'),
(1360, '02-1118-152', '112295', 21, 663191, 31579.6, 100000, 226316, 0, 0, 0, 0, 0, 0, 0, 0, 0, 0, 0, 0, 0, 0, 0, 0, 0, 0, 0, 0, 0, 0, 0, 10, 0, 0, 0, 0, 0, 0, 0, 0, 0, 0, '2020-12-24 14:03:22', '2020-12-24 14:03:22'),
(1361, '02-1118-141', '112296', 21, 636179, 30293.3, 100000, 228008, 0, 0, 0, 0, 0, 0, 0, 0, 0, 0, 0, 0, 0, 0, 0, 0, 0, 0, 0, 0, 0, 0, 0, 10, 0, 0, 0, 0, 0, 0, 0, 0, 0, 0, '2020-12-24 14:03:22', '2020-12-24 14:03:22'),
(1362, '02-1118-145', '112297', 21, 609167, 29007, 100000, 229699, 0, 0, 0, 0, 0, 0, 0, 0, 0, 0, 0, 0, 0, 0, 0, 0, 0, 0, 0, 0, 0, 0, 0, 10, 0, 0, 0, 0, 0, 0, 0, 0, 0, 0, '2020-12-24 14:03:22', '2020-12-24 14:03:22'),
(1363, '02-1118-159', '112298', 21, 609167, 29007, 100000, 231391, 0, 0, 0, 0, 0, 0, 0, 0, 0, 0, 0, 0, 0, 0, 0, 0, 0, 0, 0, 0, 0, 0, 0, 10, 0, 0, 0, 0, 0, 0, 0, 0, 0, 0, '2020-12-24 14:03:22', '2020-12-24 14:03:22'),
(1364, '02-1118-139', '112299', 21, 609167, 29007, 100000, 233083, 0, 0, 0, 0, 0, 0, 0, 0, 0, 0, 0, 0, 0, 0, 0, 0, 0, 0, 0, 0, 0, 0, 0, 10, 0, 0, 0, 0, 0, 0, 0, 0, 0, 0, '2020-12-24 14:03:22', '2020-12-24 14:03:22'),
(1365, '02-1118-161', '112300', 21, 609167, 29007, 100000, 234774, 0, 0, 0, 0, 0, 0, 0, 0, 0, 0, 0, 0, 0, 0, 0, 0, 0, 0, 0, 0, 0, 0, 0, 10, 0, 0, 0, 0, 0, 0, 0, 0, 0, 0, '2020-12-24 14:03:22', '2020-12-24 14:03:22'),
(1366, '02-1118-156', '112301', 21, 609167, 29007, 100000, 236466, 0, 0, 0, 0, 0, 0, 0, 0, 0, 0, 0, 0, 0, 0, 0, 0, 0, 0, 0, 0, 0, 0, 0, 10, 0, 0, 0, 0, 0, 0, 0, 0, 0, 0, '2020-12-24 14:03:22', '2020-12-24 14:03:22'),
(1367, '02-1118-143', '112302', 21, 609167, 29007, 100000, 238158, 0, 0, 0, 0, 0, 0, 0, 0, 0, 0, 0, 0, 0, 0, 0, 0, 0, 0, 0, 0, 0, 0, 0, 10, 0, 0, 0, 0, 0, 0, 0, 0, 0, 0, '2020-12-24 14:03:22', '2020-12-24 14:03:22'),
(1368, '02-1118-134', '112303', 21, 609167, 29007, 100000, 239850, 0, 0, 0, 0, 0, 0, 0, 0, 0, 0, 0, 0, 0, 0, 0, 0, 0, 0, 0, 0, 0, 0, 0, 10, 0, 0, 0, 0, 0, 0, 0, 0, 0, 0, '2020-12-24 14:03:22', '2020-12-24 14:03:22'),
(1369, '02-1118-132', '112304', 21, 609167, 29007, 100000, 241541, 0, 0, 0, 0, 0, 0, 0, 0, 0, 0, 0, 0, 0, 0, 0, 0, 0, 0, 0, 0, 0, 0, 0, 10, 0, 0, 0, 0, 0, 0, 0, 0, 0, 0, '2020-12-24 14:03:22', '2020-12-24 14:03:22'),
(1370, '02-1218-179', '112305', 21, 609167, 29007, 100000, 243233, 0, 0, 0, 0, 0, 0, 0, 0, 0, 0, 0, 0, 0, 0, 0, 0, 0, 0, 0, 0, 0, 0, 0, 10, 0, 0, 0, 0, 0, 0, 0, 0, 0, 0, '2020-12-24 14:03:22', '2020-12-24 14:03:22'),
(1371, '02-1218-213', '112306', 21, 609167, 29007, 100000, 244925, 0, 0, 0, 0, 0, 0, 0, 0, 0, 0, 0, 0, 0, 0, 0, 0, 0, 0, 0, 0, 0, 0, 0, 10, 0, 0, 0, 0, 0, 0, 0, 0, 0, 0, '2020-12-24 14:03:22', '2020-12-24 14:03:22'),
(1372, '02-1118-158', '112307', 21, 609167, 29007, 100000, 246617, 0, 0, 0, 0, 0, 0, 0, 0, 0, 0, 0, 0, 0, 0, 0, 0, 0, 0, 0, 0, 0, 0, 0, 10, 0, 0, 0, 0, 0, 0, 0, 0, 0, 0, '2020-12-24 14:03:22', '2020-12-24 14:03:22'),
(1373, '02-1118-154', '112308', 21, 609167, 29007, 100000, 248308, 0, 0, 0, 0, 0, 0, 0, 0, 0, 0, 0, 0, 0, 0, 0, 0, 0, 0, 0, 0, 0, 0, 0, 10, 0, 0, 0, 0, 0, 0, 0, 0, 0, 0, '2020-12-24 14:03:22', '2020-12-24 14:03:22'),
(1374, '02-1218-193', '112309', 21, 609167, 29007, 100000, 250000, 0, 0, 0, 0, 0, 0, 0, 0, 0, 0, 0, 0, 0, 0, 0, 0, 0, 0, 0, 0, 0, 0, 0, 10, 0, 0, 0, 0, 0, 0, 0, 0, 0, 0, '2020-12-24 14:03:22', '2020-12-24 14:03:22'),
(1375, '02-1218-202', '112310', 21, 609167, 29007, 100000, 251692, 0, 0, 0, 0, 0, 0, 0, 0, 0, 0, 0, 0, 0, 0, 0, 0, 0, 0, 0, 0, 0, 0, 0, 10, 0, 0, 0, 0, 0, 0, 0, 0, 0, 0, '2020-12-24 14:03:22', '2020-12-24 14:03:22'),
(1376, '02-1218-186', '112311', 21, 609167, 29007, 100000, 253383, 0, 0, 0, 0, 0, 0, 0, 0, 0, 0, 0, 0, 0, 0, 0, 0, 0, 0, 0, 0, 0, 0, 0, 10, 0, 0, 0, 0, 0, 0, 0, 0, 0, 0, '2020-12-24 14:03:22', '2020-12-24 14:03:22'),
(1377, '02-1218-197', '112312', 21, 609167, 29007, 100000, 255075, 0, 0, 0, 0, 0, 0, 0, 0, 0, 0, 0, 0, 0, 0, 0, 0, 0, 0, 0, 0, 0, 0, 0, 10, 0, 0, 0, 0, 0, 0, 0, 0, 0, 0, '2020-12-24 14:03:22', '2020-12-24 14:03:22'),
(1378, '02-1218-192', '112313', 21, 609167, 29007, 100000, 256767, 0, 0, 0, 0, 0, 0, 0, 0, 0, 0, 0, 0, 0, 0, 0, 0, 0, 0, 0, 0, 0, 0, 0, 10, 0, 0, 0, 0, 0, 0, 0, 0, 0, 0, '2020-12-24 14:03:22', '2020-12-24 14:03:22'),
(1379, '02-1118-127', '112314', 21, 609167, 29007, 100000, 258459, 0, 0, 0, 0, 0, 0, 0, 0, 0, 0, 0, 0, 0, 0, 0, 0, 0, 0, 0, 0, 0, 0, 0, 10, 0, 0, 0, 0, 0, 0, 0, 0, 0, 0, '2020-12-24 14:03:22', '2020-12-24 14:03:22'),
(1380, '02-1118-151', '112315', 21, 609167, 29007, 100000, 260150, 0, 0, 0, 0, 0, 0, 0, 0, 0, 0, 0, 0, 0, 0, 0, 0, 0, 0, 0, 0, 0, 0, 0, 10, 0, 0, 0, 0, 0, 0, 0, 0, 0, 0, '2020-12-24 14:03:22', '2020-12-24 14:03:22'),
(1381, '02-1218-178', '112316', 21, 609167, 29007, 100000, 261842, 0, 0, 0, 0, 0, 0, 0, 0, 0, 0, 0, 0, 0, 0, 0, 0, 0, 0, 0, 0, 0, 0, 0, 10, 0, 0, 0, 0, 0, 0, 0, 0, 0, 0, '2020-12-24 14:03:22', '2020-12-24 14:03:22'),
(1382, '02-1118-173', '112317', 21, 609167, 29007, 100000, 263534, 0, 0, 0, 0, 0, 0, 0, 0, 0, 0, 0, 0, 0, 0, 0, 0, 0, 0, 0, 0, 0, 0, 0, 10, 0, 0, 0, 0, 0, 0, 0, 0, 0, 0, '2020-12-24 14:03:22', '2020-12-24 14:03:22'),
(1383, '02-1218-225', '112318', 21, 609167, 29007, 100000, 265226, 0, 0, 0, 0, 0, 0, 0, 0, 0, 0, 0, 0, 0, 0, 0, 0, 0, 0, 0, 0, 0, 0, 0, 10, 0, 0, 0, 0, 0, 0, 0, 0, 0, 0, '2020-12-24 14:03:22', '2020-12-24 14:03:22'),
(1384, '02-1218-234', '112319', 21, 609167, 29007, 100000, 266917, 0, 0, 0, 0, 0, 0, 0, 0, 0, 0, 0, 0, 0, 0, 0, 0, 0, 0, 0, 0, 0, 0, 0, 10, 0, 0, 0, 0, 0, 0, 0, 0, 0, 0, '2020-12-24 14:03:22', '2020-12-24 14:03:22'),
(1385, '02-1218-238', '112320', 21, 609167, 29007, 100000, 268609, 0, 0, 0, 0, 0, 0, 0, 0, 0, 0, 0, 0, 0, 0, 0, 0, 0, 0, 0, 0, 0, 0, 0, 10, 0, 0, 0, 0, 0, 0, 0, 0, 0, 0, '2020-12-24 14:03:22', '2020-12-24 14:03:22'),
(1386, '02-1218-236', '112321', 21, 609167, 29007, 100000, 270301, 0, 0, 0, 0, 0, 0, 0, 0, 0, 0, 0, 0, 0, 0, 0, 0, 0, 0, 0, 0, 0, 0, 0, 10, 0, 0, 0, 0, 0, 0, 0, 0, 0, 0, '2020-12-24 14:03:22', '2020-12-24 14:03:22'),
(1387, '02-1218-240', '112322', 21, 609167, 29007, 100000, 271992, 0, 0, 0, 0, 0, 0, 0, 0, 0, 0, 0, 0, 0, 0, 0, 0, 0, 0, 0, 0, 0, 0, 0, 10, 0, 0, 0, 0, 0, 0, 0, 0, 0, 0, '2020-12-24 14:03:22', '2020-12-24 14:03:22'),
(1388, '02-1218-239', '112323', 21, 609167, 29007, 100000, 273684, 0, 0, 0, 0, 0, 0, 0, 0, 0, 0, 0, 0, 0, 0, 0, 0, 0, 0, 0, 0, 0, 0, 0, 10, 0, 0, 0, 0, 0, 0, 0, 0, 0, 0, '2020-12-24 14:03:22', '2020-12-24 14:03:22'),
(1389, '02-1218-237', '112324', 21, 609167, 29007, 100000, 275376, 0, 0, 0, 0, 0, 0, 0, 0, 0, 0, 0, 0, 0, 0, 0, 0, 0, 0, 0, 0, 0, 0, 0, 10, 0, 0, 0, 0, 0, 0, 0, 0, 0, 0, '2020-12-24 14:03:22', '2020-12-24 14:03:22'),
(1390, '02-1218-243', '112325', 21, 609167, 29007, 100000, 277068, 0, 0, 0, 0, 0, 0, 0, 0, 0, 0, 0, 0, 0, 0, 0, 0, 0, 0, 0, 0, 0, 0, 0, 10, 0, 0, 0, 0, 0, 0, 0, 0, 0, 0, '2020-12-24 14:03:22', '2020-12-24 14:03:22'),
(1391, '02-0119-258', '112326', 21, 609167, 29008, 100000, 278759, 20000, 300000, 100000, 150000, 200000, 21, 10, 70000, 120000, 0, 0, 10000, 0, 0, 0, 0, 24366.7, 6091.67, 0, 0, 0, 0, 25828.7, 12183.3, 0, 0, 0, 0, 0, 0, 0, 0, 0, 0, '2020-12-26 15:49:50', '2020-12-26 15:49:50'),
(1392, '02-0119-265', '112327', 21, 609167, 29008, 100000, 280451, 120000, 150000, 20000, 100000, 200000, 20, 20, 70000, 150000, 20000, 0, 75000, 0, 0, 0, 0, 24366.7, 6091.67, 0, 0, 0, 0, 25828.7, 12183.3, 0, 0, 0, 0, 0, 0, 0, 0, 0, 0, '2020-12-26 15:54:19', '2020-12-26 15:54:19'),
(1393, '02-0419-285', '112328', 21, 609167, 29007, 100000, 282143, 0, 0, 0, 0, 0, 0, 0, 0, 0, 0, 0, 0, 0, 0, 0, 0, 0, 0, 0, 0, 0, 0, 0, 10, 0, 0, 0, 0, 0, 0, 0, 0, 0, 0, '2020-12-24 14:03:22', '2020-12-24 14:03:22'),
(1394, '02-0419-286', '112329', 21, 609167, 29007, 100000, 283835, 0, 0, 0, 0, 0, 0, 0, 0, 0, 0, 0, 0, 0, 0, 0, 0, 0, 0, 0, 0, 0, 0, 0, 10, 0, 0, 0, 0, 0, 0, 0, 0, 0, 0, '2020-12-24 14:03:22', '2020-12-24 14:03:22'),
(1395, '02-0820-532', '112330', 21, 609167, 29007, 100000, 285526, 0, 0, 0, 0, 0, 0, 0, 0, 0, 0, 0, 0, 0, 0, 0, 0, 0, 0, 0, 0, 0, 0, 0, 10, 0, 0, 0, 0, 0, 0, 0, 0, 0, 0, '2020-12-24 14:03:22', '2020-12-24 14:03:22'),
(1396, '02-0919-418', '112331', 21, 609167, 29007, 100000, 287218, 0, 0, 0, 0, 0, 0, 0, 0, 0, 0, 0, 0, 0, 0, 0, 0, 0, 0, 0, 0, 0, 0, 0, 10, 0, 0, 0, 0, 0, 0, 0, 0, 0, 0, '2020-12-24 14:03:22', '2020-12-24 14:03:22'),
(1397, '02-0919-422', '112332', 21, 609167, 29007, 100000, 288910, 0, 0, 0, 0, 0, 0, 0, 0, 0, 0, 0, 0, 0, 0, 0, 0, 0, 0, 0, 0, 0, 0, 0, 10, 0, 0, 0, 0, 0, 0, 0, 0, 0, 0, '2020-12-24 14:03:22', '2020-12-24 14:03:22'),
(1398, '02-0919-420', '112333', 21, 609167, 29007, 100000, 290602, 0, 0, 0, 0, 0, 0, 0, 0, 0, 0, 0, 0, 0, 0, 0, 0, 0, 0, 0, 0, 0, 0, 0, 10, 0, 0, 0, 0, 0, 0, 0, 0, 0, 0, '2020-12-24 14:03:22', '2020-12-24 14:03:22'),
(1399, '02-0919-421', '112334', 21, 609167, 29007, 100000, 292293, 0, 0, 0, 0, 0, 0, 0, 0, 0, 0, 0, 0, 0, 0, 0, 0, 0, 0, 0, 0, 0, 0, 0, 10, 0, 0, 0, 0, 0, 0, 0, 0, 0, 0, '2020-12-24 14:03:22', '2020-12-24 14:03:22'),
(1400, '02-1019-425', '112335', 21, 609167, 29007, 100000, 293985, 0, 0, 0, 0, 0, 0, 0, 0, 0, 0, 0, 0, 0, 0, 0, 0, 0, 0, 0, 0, 0, 0, 0, 10, 0, 0, 0, 0, 0, 0, 0, 0, 0, 0, '2020-12-24 14:03:22', '2020-12-24 14:03:22'),
(1401, '02-0820-531', '112336', 21, 609167, 29007, 100000, 295677, 0, 0, 0, 0, 0, 0, 0, 0, 0, 0, 0, 0, 0, 0, 0, 0, 0, 0, 0, 0, 0, 0, 0, 10, 0, 0, 0, 0, 0, 0, 0, 0, 0, 0, '2020-12-24 14:03:22', '2020-12-24 14:03:22'),
(1402, '02-0820-533', '112337', 21, 609167, 29007, 100000, 297368, 0, 0, 0, 0, 0, 0, 0, 0, 0, 0, 0, 0, 0, 0, 0, 0, 0, 0, 0, 0, 0, 0, 0, 10, 0, 0, 0, 0, 0, 0, 0, 0, 0, 0, '2020-12-24 14:03:22', '2020-12-24 14:03:22'),
(1403, '02-0820-530', '112338', 21, 609167, 29007, 100000, 299060, 0, 0, 0, 0, 0, 0, 0, 0, 0, 0, 0, 0, 0, 0, 0, 0, 0, 0, 0, 0, 0, 0, 0, 10, 0, 0, 0, 0, 0, 0, 0, 0, 0, 0, '2020-12-24 14:03:22', '2020-12-24 14:03:22'),
(1404, '02-1219-483', '112339', 21, 609167, 29007, 100000, 300752, 0, 0, 0, 0, 0, 0, 0, 0, 0, 0, 0, 0, 0, 0, 0, 0, 0, 0, 0, 0, 0, 0, 0, 10, 0, 0, 0, 0, 0, 0, 0, 0, 0, 0, '2020-12-24 14:03:22', '2020-12-24 14:03:22'),
(1405, '02-0220-514', '112340', 21, 609167, 29007, 100000, 302444, 0, 0, 0, 0, 0, 0, 0, 0, 0, 0, 0, 0, 0, 0, 0, 0, 0, 0, 0, 0, 0, 0, 0, 10, 0, 0, 0, 0, 0, 0, 0, 0, 0, 0, '2020-12-24 14:03:22', '2020-12-24 14:03:22'),
(1406, '02-0320-519', '112341', 21, 609167, 29007, 100000, 304135, 0, 0, 0, 0, 0, 0, 0, 0, 0, 0, 0, 0, 0, 0, 0, 0, 0, 0, 0, 0, 0, 0, 0, 10, 0, 0, 0, 0, 0, 0, 0, 0, 0, 0, '2020-12-24 14:03:22', '2020-12-24 14:03:22'),
(1407, '02-0320-520', '112342', 21, 609167, 29007, 100000, 305827, 0, 0, 0, 0, 0, 0, 0, 0, 0, 0, 0, 0, 0, 0, 0, 0, 0, 0, 0, 0, 0, 0, 0, 10, 0, 0, 0, 0, 0, 0, 0, 0, 0, 0, '2020-12-24 14:03:22', '2020-12-24 14:03:22'),
(1408, '02-0320-525', '112343', 21, 609167, 29007, 100000, 307519, 0, 0, 0, 0, 0, 0, 0, 0, 0, 0, 0, 0, 0, 0, 0, 0, 0, 0, 0, 0, 0, 0, 0, 10, 0, 0, 0, 0, 0, 0, 0, 0, 0, 0, '2020-12-24 14:03:22', '2020-12-24 14:03:22'),
(1409, '02-0320-527', '112344', 21, 609167, 29007, 100000, 309211, 0, 0, 0, 0, 0, 0, 0, 0, 0, 0, 0, 0, 0, 0, 0, 0, 0, 0, 0, 0, 0, 0, 0, 10, 0, 0, 0, 0, 0, 0, 0, 0, 0, 0, '2020-12-24 14:03:22', '2020-12-24 14:03:22'),
(1410, '02-0320-528', '112345', 21, 609167, 29007, 100000, 310902, 0, 0, 0, 0, 0, 0, 0, 0, 0, 0, 0, 0, 0, 0, 0, 0, 0, 0, 0, 0, 0, 0, 0, 10, 0, 0, 0, 0, 0, 0, 0, 0, 0, 0, '2020-12-24 14:03:22', '2020-12-24 14:03:22'),
(1411, '02-1219-501', '112346', 21, 609167, 29007, 100000, 312594, 0, 0, 0, 0, 0, 0, 0, 0, 0, 0, 0, 0, 0, 0, 0, 0, 0, 0, 0, 0, 0, 0, 0, 10, 0, 0, 0, 0, 0, 0, 0, 0, 0, 0, '2020-12-24 14:03:22', '2020-12-24 14:03:22'),
(1412, '02-0719-359', '112347', 21, 609167, 29007, 100000, 314286, 0, 0, 0, 0, 0, 0, 0, 0, 0, 0, 0, 0, 0, 0, 0, 0, 0, 0, 0, 0, 0, 0, 0, 10, 0, 0, 0, 0, 0, 0, 0, 0, 0, 0, '2020-12-24 14:03:22', '2020-12-24 14:03:22'),
(1413, '02-0719-349', '112348', 21, 609167, 29007, 100000, 315977, 0, 0, 0, 0, 0, 0, 0, 0, 0, 0, 0, 0, 0, 0, 0, 0, 0, 0, 0, 0, 0, 0, 0, 10, 0, 0, 0, 0, 0, 0, 0, 0, 0, 0, '2020-12-24 14:03:22', '2020-12-24 14:03:22'),
(1414, '02-0719-384', '112349', 21, 609167, 29007, 100000, 317669, 0, 0, 0, 0, 0, 0, 0, 0, 0, 0, 0, 0, 0, 0, 0, 0, 0, 0, 0, 0, 0, 0, 0, 10, 0, 0, 0, 0, 0, 0, 0, 0, 0, 0, '2020-12-24 14:03:22', '2020-12-24 14:03:22'),
(1415, '02-1219-488', '112350', 21, 609167, 29007, 100000, 319361, 0, 0, 0, 0, 0, 0, 0, 0, 0, 0, 0, 0, 0, 0, 0, 0, 0, 0, 0, 0, 0, 0, 0, 10, 0, 0, 0, 0, 0, 0, 0, 0, 0, 0, '2020-12-24 14:03:22', '2020-12-24 14:03:22'),
(1416, '02-0719-383', '112351', 21, 609167, 29007, 100000, 321053, 0, 0, 0, 0, 0, 0, 0, 0, 0, 0, 0, 0, 0, 0, 0, 0, 0, 0, 0, 0, 0, 0, 0, 10, 0, 0, 0, 0, 0, 0, 0, 0, 0, 0, '2020-12-24 14:03:22', '2020-12-24 14:03:22'),
(1417, '02-0719-381', '112352', 21, 609167, 29007, 100000, 322744, 0, 0, 0, 0, 0, 0, 0, 0, 0, 0, 0, 0, 0, 0, 0, 0, 0, 0, 0, 0, 0, 0, 0, 10, 0, 0, 0, 0, 0, 0, 0, 0, 0, 0, '2020-12-24 14:03:22', '2020-12-24 14:03:22'),
(1418, '02-0719-385', '112353', 21, 609167, 29007, 100000, 324436, 0, 0, 0, 0, 0, 0, 0, 0, 0, 0, 0, 0, 0, 0, 0, 0, 0, 0, 0, 0, 0, 0, 0, 10, 0, 0, 0, 0, 0, 0, 0, 0, 0, 0, '2020-12-24 14:03:22', '2020-12-24 14:03:22'),
(1419, '02-0719-379', '112354', 21, 609167, 29007, 100000, 326128, 0, 0, 0, 0, 0, 0, 0, 0, 0, 0, 0, 0, 0, 0, 0, 0, 0, 0, 0, 0, 0, 0, 0, 10, 0, 0, 0, 0, 0, 0, 0, 0, 0, 0, '2020-12-24 14:03:22', '2020-12-24 14:03:22'),
(1420, '02-0719-362', '112355', 21, 609167, 29007, 100000, 327820, 0, 0, 0, 0, 0, 0, 0, 0, 0, 0, 0, 0, 0, 0, 0, 0, 0, 0, 0, 0, 0, 0, 0, 10, 0, 0, 0, 0, 0, 0, 0, 0, 0, 0, '2020-12-24 14:03:22', '2020-12-24 14:03:22'),
(1421, '02-0719-386', '112356', 21, 609167, 29007, 100000, 329511, 0, 0, 0, 0, 0, 0, 0, 0, 0, 0, 0, 0, 0, 0, 0, 0, 0, 0, 0, 0, 0, 0, 0, 10, 0, 0, 0, 0, 0, 0, 0, 0, 0, 0, '2020-12-24 14:03:22', '2020-12-24 14:03:22'),
(1422, '02-0920-543', '112357', 21, 609167, 29007, 100000, 331203, 0, 0, 0, 0, 0, 0, 0, 0, 0, 0, 0, 0, 0, 0, 0, 0, 0, 0, 0, 0, 0, 0, 0, 10, 0, 0, 0, 0, 0, 0, 0, 0, 0, 0, '2020-12-24 14:03:22', '2020-12-24 14:03:22'),
(1423, '02-1018-066', '112358', 21, 609167, 29007, 100000, 332895, 0, 0, 0, 0, 0, 0, 0, 0, 0, 0, 0, 0, 0, 0, 0, 0, 0, 0, 0, 0, 0, 0, 0, 10, 0, 0, 0, 0, 0, 0, 0, 0, 0, 0, '2020-12-24 14:03:22', '2020-12-24 14:03:22'),
(1424, '02-0418-010', '112359', 21, 609167, 29007, 100000, 334586, 0, 0, 0, 0, 0, 0, 0, 0, 0, 0, 0, 0, 0, 0, 0, 0, 0, 0, 0, 0, 0, 0, 0, 10, 0, 0, 0, 0, 0, 0, 0, 0, 0, 0, '2020-12-24 14:03:22', '2020-12-24 14:03:22'),
(1425, '01-1117-008', '112360', 21, 609167, 29008, 100000, 336278, 200000, 300000, 300000, 50000, 150000, 21, 7, 20000, 120000, 50000, 75000, 30000, 0, 0, 0, 0, 24366.7, 6091.67, 0, 0, 0, 0, 25828.7, 12183.3, 0, 0, 0, 0, 0, 0, 0, 0, 0, 0, '2020-12-26 15:39:51', '2020-12-26 15:39:51'),
(1426, '02-0418-011', '112361', 21, 609167, 29007, 100000, 337970, 0, 0, 0, 0, 0, 0, 0, 0, 0, 0, 0, 0, 0, 0, 0, 0, 0, 0, 0, 0, 0, 0, 0, 10, 0, 0, 0, 0, 0, 0, 0, 0, 0, 0, '2020-12-24 14:03:22', '2020-12-24 14:03:22'),
(1427, '02-0718-035', '112362', 21, 609167, 29007, 100000, 339662, 0, 0, 0, 0, 0, 0, 0, 0, 0, 0, 0, 0, 0, 0, 0, 0, 0, 0, 0, 0, 0, 0, 0, 10, 0, 0, 0, 0, 0, 0, 0, 0, 0, 0, '2020-12-24 14:03:22', '2020-12-24 14:03:22'),
(1428, '02-0718-034', '112363', 21, 609167, 29007, 100000, 341353, 0, 0, 0, 0, 0, 0, 0, 0, 0, 0, 0, 0, 0, 0, 0, 0, 0, 0, 0, 0, 0, 0, 0, 10, 0, 0, 0, 0, 0, 0, 0, 0, 0, 0, '2020-12-24 14:03:22', '2020-12-24 14:03:22'),
(1429, '02-0920-541', '112364', 21, 609167, 29007, 100000, 343045, 0, 0, 0, 0, 0, 0, 0, 0, 0, 0, 0, 0, 0, 0, 0, 0, 0, 0, 0, 0, 0, 0, 0, 10, 0, 0, 0, 0, 0, 0, 0, 0, 0, 0, '2020-12-24 14:03:22', '2020-12-24 14:03:22'),
(1430, '02-0920-538', '112365', 21, 609167, 29007, 100000, 344737, 0, 0, 0, 0, 0, 0, 0, 0, 0, 0, 0, 0, 0, 0, 0, 0, 0, 0, 0, 0, 0, 0, 0, 10, 0, 0, 0, 0, 0, 0, 0, 0, 0, 0, '2020-12-24 14:03:22', '2020-12-24 14:03:22'),
(1431, '02-0920-539', '112366', 21, 609167, 29007, 100000, 346429, 0, 0, 0, 0, 0, 0, 0, 0, 0, 0, 0, 0, 0, 0, 0, 0, 0, 0, 0, 0, 0, 0, 0, 10, 0, 0, 0, 0, 0, 0, 0, 0, 0, 0, '2020-12-24 14:03:22', '2020-12-24 14:03:22'),
(1432, '02-0920-540', '112367', 21, 609167, 29007, 100000, 348120, 0, 0, 0, 0, 0, 0, 0, 0, 0, 0, 0, 0, 0, 0, 0, 0, 0, 0, 0, 0, 0, 0, 0, 10, 0, 0, 0, 0, 0, 0, 0, 0, 0, 0, '2020-12-24 14:03:22', '2020-12-24 14:03:22'),
(1433, '02-0718-037', '112368', 21, 609167, 29007, 100000, 349812, 0, 0, 0, 0, 0, 0, 0, 0, 0, 0, 0, 0, 0, 0, 0, 0, 0, 0, 0, 0, 0, 0, 0, 10, 0, 0, 0, 0, 0, 0, 0, 0, 0, 0, '2020-12-24 14:03:22', '2020-12-24 14:03:22'),
(1434, '02-0920-537', '112369', 21, 609167, 29007, 100000, 351504, 0, 0, 0, 0, 0, 0, 0, 0, 0, 0, 0, 0, 0, 0, 0, 0, 0, 0, 0, 0, 0, 0, 0, 10, 0, 0, 0, 0, 0, 0, 0, 0, 0, 0, '2020-12-24 14:03:22', '2020-12-24 14:03:22'),
(1435, '02-0920-536', '112370', 21, 609167, 29007, 100000, 353196, 0, 0, 0, 0, 0, 0, 0, 0, 0, 0, 0, 0, 0, 0, 0, 0, 0, 0, 0, 0, 0, 0, 0, 10, 0, 0, 0, 0, 0, 0, 0, 0, 0, 0, '2020-12-24 14:03:22', '2020-12-24 14:03:22'),
(1436, '02-0920-535', '112371', 21, 609167, 29007, 100000, 354887, 0, 0, 0, 0, 0, 0, 0, 0, 0, 0, 0, 0, 0, 0, 0, 0, 0, 0, 0, 0, 0, 0, 0, 10, 0, 0, 0, 0, 0, 0, 0, 0, 0, 0, '2020-12-24 14:03:22', '2020-12-24 14:03:22'),
(1437, '01-0117-006', '998877665544', 21, 2300000, 109524, 100000, 356579, 100000, 0, 100000, 100000, 100000, 7, 7, 8, 150000, 50000, 300000, 20000, 0, 0, 0, 0, 92000, 23000, 0, 0, 0, 0, 97520, 46000, 0, 0, 0, 0, 0, 0, 50000, 350000, 0, 0, '2020-12-30 15:03:11', '2020-12-30 15:03:11'),
(1438, '02-0920-542', '112373', 21, 609167, 29007, 100000, 358271, 0, 0, 0, 0, 0, 0, 0, 0, 0, 0, 0, 0, 0, 0, 0, 0, 0, 0, 0, 0, 0, 0, 0, 10, 0, 0, 0, 0, 0, 0, 0, 0, 0, 0, '2020-12-24 14:03:22', '2020-12-24 14:03:22'),
(1439, '02-0818-047', '112374', 21, 609167, 29007, 100000, 359962, 0, 0, 0, 0, 0, 0, 0, 0, 0, 0, 0, 0, 0, 0, 0, 0, 0, 0, 0, 0, 0, 0, 0, 10, 0, 0, 0, 0, 0, 0, 0, 0, 0, 0, '2020-12-24 14:03:22', '2020-12-24 14:03:22'),
(1440, '02-0920-570', '112375', 21, 609167, 29007, 100000, 361654, 0, 0, 0, 0, 0, 0, 0, 0, 0, 0, 0, 0, 0, 0, 0, 0, 0, 0, 0, 0, 0, 0, 0, 10, 0, 0, 0, 0, 0, 0, 0, 0, 0, 0, '2020-12-24 14:03:22', '2020-12-24 14:03:22'),
(1441, '02-0818-053', '112376', 21, 609167, 29007, 100000, 363346, 0, 0, 0, 0, 0, 0, 0, 0, 0, 0, 0, 0, 0, 0, 0, 0, 0, 0, 0, 0, 0, 0, 0, 10, 0, 0, 0, 0, 0, 0, 0, 0, 0, 0, '2020-12-24 14:03:22', '2020-12-24 14:03:22'),
(1442, '02-0918-060', '112377', 21, 609167, 29007, 100000, 365038, 0, 0, 0, 0, 0, 0, 0, 0, 0, 0, 0, 0, 0, 0, 0, 0, 0, 0, 0, 0, 0, 0, 0, 10, 0, 0, 0, 0, 0, 0, 0, 0, 0, 0, '2020-12-24 14:03:22', '2020-12-24 14:03:22'),
(1443, '02-1018-070', '112378', 21, 609167, 29007, 100000, 366729, 0, 0, 0, 0, 0, 0, 0, 0, 0, 0, 0, 0, 0, 0, 0, 0, 0, 0, 0, 0, 0, 0, 0, 10, 0, 0, 0, 0, 0, 0, 0, 0, 0, 0, '2020-12-24 14:03:22', '2020-12-24 14:03:22'),
(1444, '02-1118-096', '112379', 21, 609167, 29007, 100000, 368421, 0, 0, 0, 0, 0, 0, 0, 0, 0, 0, 0, 0, 0, 0, 0, 0, 0, 0, 0, 0, 0, 0, 0, 10, 0, 0, 0, 0, 0, 0, 0, 0, 0, 0, '2020-12-24 14:03:22', '2020-12-24 14:03:22'),
(1445, '02-1118-095', '112380', 21, 609167, 29007, 100000, 370113, 0, 0, 0, 0, 0, 0, 0, 0, 0, 0, 0, 0, 0, 0, 0, 0, 0, 0, 0, 0, 0, 0, 0, 10, 0, 0, 0, 0, 0, 0, 0, 0, 0, 0, '2020-12-24 14:03:22', '2020-12-24 14:03:22'),
(1446, '02-1118-097', '112381', 21, 609167, 29007, 100000, 371804, 0, 0, 0, 0, 0, 0, 0, 0, 0, 0, 0, 0, 0, 0, 0, 0, 0, 0, 0, 0, 0, 0, 0, 10, 0, 0, 0, 0, 0, 0, 0, 0, 0, 0, '2020-12-24 14:03:22', '2020-12-24 14:03:22'),
(1447, '02-1118-160', '112382', 21, 609167, 29007, 100000, 373496, 0, 0, 0, 0, 0, 0, 0, 0, 0, 0, 0, 0, 0, 0, 0, 0, 0, 0, 0, 0, 0, 0, 0, 10, 0, 0, 0, 0, 0, 0, 0, 0, 0, 0, '2020-12-24 14:03:22', '2020-12-24 14:03:22'),
(1448, '02-1218-195', '112383', 21, 609167, 29007, 100000, 375188, 0, 0, 0, 0, 0, 0, 0, 0, 0, 0, 0, 0, 0, 0, 0, 0, 0, 0, 0, 0, 0, 0, 0, 10, 0, 0, 0, 0, 0, 0, 0, 0, 0, 0, '2020-12-24 14:03:22', '2020-12-24 14:03:22'),
(1449, '02-0319-272', '112384', 21, 609167, 29007, 100000, 376880, 0, 0, 0, 0, 0, 0, 0, 0, 0, 0, 0, 0, 0, 0, 0, 0, 0, 0, 0, 0, 0, 0, 0, 10, 0, 0, 0, 0, 0, 0, 0, 0, 0, 0, '2020-12-24 14:03:22', '2020-12-24 14:03:22'),
(1450, '02-0319-281', '112385', 21, 609167, 29007, 100000, 378571, 0, 0, 0, 0, 0, 0, 0, 0, 0, 0, 0, 0, 0, 0, 0, 0, 0, 0, 0, 0, 0, 0, 0, 10, 0, 0, 0, 0, 0, 0, 0, 0, 0, 0, '2020-12-24 14:03:22', '2020-12-24 14:03:22'),
(1451, '02-0619-309', '112386', 21, 609167, 29007, 100000, 380263, 0, 0, 0, 0, 0, 0, 0, 0, 0, 0, 0, 0, 0, 0, 0, 0, 0, 0, 0, 0, 0, 0, 0, 10, 0, 0, 0, 0, 0, 0, 0, 0, 0, 0, '2020-12-24 14:03:22', '2020-12-24 14:03:22'),
(1452, '02-0819-395', '112387', 21, 609167, 29007, 100000, 381955, 0, 0, 0, 0, 0, 0, 0, 0, 0, 0, 0, 0, 0, 0, 0, 0, 0, 0, 0, 0, 0, 0, 0, 10, 0, 0, 0, 0, 0, 0, 0, 0, 0, 0, '2020-12-24 14:03:22', '2020-12-24 14:03:22'),
(1453, '02-0819-392', '112388', 21, 609167, 29007, 100000, 383647, 0, 0, 0, 0, 0, 0, 0, 0, 0, 0, 0, 0, 0, 0, 0, 0, 0, 0, 0, 0, 0, 0, 0, 10, 0, 0, 0, 0, 0, 0, 0, 0, 0, 0, '2020-12-24 14:03:22', '2020-12-24 14:03:22'),
(1454, '02-0819-390', '112389', 21, 609167, 29007, 100000, 385338, 0, 0, 0, 0, 0, 0, 0, 0, 0, 0, 0, 0, 0, 0, 0, 0, 0, 0, 0, 0, 0, 0, 0, 10, 0, 0, 0, 0, 0, 0, 0, 0, 0, 0, '2020-12-24 14:03:22', '2020-12-24 14:03:22'),
(1455, '02-0919-410', '112390', 21, 609167, 29007, 100000, 387030, 0, 0, 0, 0, 0, 0, 0, 0, 0, 0, 0, 0, 0, 0, 0, 0, 0, 0, 0, 0, 0, 0, 0, 10, 0, 0, 0, 0, 0, 0, 0, 0, 0, 0, '2020-12-24 14:03:22', '2020-12-24 14:03:22'),
(1456, '02-0919-412', '112391', 21, 609167, 29007, 100000, 388722, 0, 0, 0, 0, 0, 0, 0, 0, 0, 0, 0, 0, 0, 0, 0, 0, 0, 0, 0, 0, 0, 0, 0, 10, 0, 0, 0, 0, 0, 0, 0, 0, 0, 0, '2020-12-24 14:03:22', '2020-12-24 14:03:22'),
(1457, '02-0919-415', '112392', 21, 609167, 29007, 100000, 390414, 0, 0, 0, 0, 0, 0, 0, 0, 0, 0, 0, 0, 0, 0, 0, 0, 0, 0, 0, 0, 0, 0, 0, 10, 0, 0, 0, 0, 0, 0, 0, 0, 0, 0, '2020-12-24 14:03:22', '2020-12-24 14:03:22'),
(1458, '02-0619-317', '112393', 21, 609167, 29007, 100000, 392105, 0, 0, 0, 0, 0, 0, 0, 0, 0, 0, 0, 0, 0, 0, 0, 0, 0, 0, 0, 0, 0, 0, 0, 10, 0, 0, 0, 0, 0, 0, 0, 0, 0, 0, '2020-12-24 14:03:22', '2020-12-24 14:03:22'),
(1459, '02-1019-426', '112394', 21, 609167, 29007, 100000, 393797, 0, 0, 0, 0, 0, 0, 0, 0, 0, 0, 0, 0, 0, 0, 0, 0, 0, 0, 0, 0, 0, 0, 0, 10, 0, 0, 0, 0, 0, 0, 0, 0, 0, 0, '2020-12-24 14:03:22', '2020-12-24 14:03:22'),
(1460, '02-1019-432', '112395', 21, 609167, 29007, 100000, 395489, 0, 0, 0, 0, 0, 0, 0, 0, 0, 0, 0, 0, 0, 0, 0, 0, 0, 0, 0, 0, 0, 0, 0, 10, 0, 0, 0, 0, 0, 0, 0, 0, 0, 0, '2020-12-24 14:03:22', '2020-12-24 14:03:22'),
(1461, '02-1019-433', '112396', 21, 609167, 29007, 100000, 397180, 0, 0, 0, 0, 0, 0, 0, 0, 0, 0, 0, 0, 0, 0, 0, 0, 0, 0, 0, 0, 0, 0, 0, 10, 0, 0, 0, 0, 0, 0, 0, 0, 0, 0, '2020-12-24 14:03:22', '2020-12-24 14:03:22'),
(1462, '02-1019-434', '112397', 21, 609167, 29007, 100000, 398872, 0, 0, 0, 0, 0, 0, 0, 0, 0, 0, 0, 0, 0, 0, 0, 0, 0, 0, 0, 0, 0, 0, 0, 10, 0, 0, 0, 0, 0, 0, 0, 0, 0, 0, '2020-12-24 14:03:22', '2020-12-24 14:03:22'),
(1463, '02-1119-447', '112398', 21, 609167, 29007, 100000, 400564, 0, 0, 0, 0, 0, 0, 0, 0, 0, 0, 0, 0, 0, 0, 0, 0, 0, 0, 0, 0, 0, 0, 0, 10, 0, 0, 0, 0, 0, 0, 0, 0, 0, 0, '2020-12-24 14:03:22', '2020-12-24 14:03:22'),
(1464, '02-1119-448', '112399', 21, 609167, 29007, 100000, 402256, 0, 0, 0, 0, 0, 0, 0, 0, 0, 0, 0, 0, 0, 0, 0, 0, 0, 0, 0, 0, 0, 0, 0, 10, 0, 0, 0, 0, 0, 0, 0, 0, 0, 0, '2020-12-24 14:03:22', '2020-12-24 14:03:22'),
(1465, '02-0418-014', '112400', 21, 609167, 29007, 100000, 403947, 0, 0, 0, 0, 0, 0, 0, 0, 0, 0, 0, 0, 0, 0, 0, 0, 0, 0, 0, 0, 0, 0, 0, 10, 0, 0, 0, 0, 0, 0, 0, 0, 0, 0, '2020-12-24 14:03:22', '2020-12-24 14:03:22'),
(1466, '02-0418-018', '112401', 21, 609167, 29007, 100000, 405639, 0, 0, 0, 0, 0, 0, 0, 0, 0, 0, 0, 0, 0, 0, 0, 0, 0, 0, 0, 0, 0, 0, 0, 10, 0, 0, 0, 0, 0, 0, 0, 0, 0, 0, '2020-12-24 14:03:22', '2020-12-24 14:03:22'),
(1467, '02-1018-068', '112402', 21, 609167, 29007, 100000, 407331, 0, 0, 0, 0, 0, 0, 0, 0, 0, 0, 0, 0, 0, 0, 0, 0, 0, 0, 0, 0, 0, 0, 0, 10, 0, 0, 0, 0, 0, 0, 0, 0, 0, 0, '2020-12-24 14:03:22', '2020-12-24 14:03:22'),
(1468, '02-1118-089', '112403', 21, 609167, 29007, 100000, 409023, 0, 0, 0, 0, 0, 0, 0, 0, 0, 0, 0, 0, 0, 0, 0, 0, 0, 0, 0, 0, 0, 0, 0, 10, 0, 0, 0, 0, 0, 0, 0, 0, 0, 0, '2020-12-24 14:03:22', '2020-12-24 14:03:22'),
(1469, '02-1118-086', '112404', 21, 609167, 29007, 100000, 410714, 0, 0, 0, 0, 0, 0, 0, 0, 0, 0, 0, 0, 0, 0, 0, 0, 0, 0, 0, 0, 0, 0, 0, 10, 0, 0, 0, 0, 0, 0, 0, 0, 0, 0, '2020-12-24 14:03:22', '2020-12-24 14:03:22'),
(1470, '02-1118-079', '112405', 21, 609167, 29007, 100000, 412406, 0, 0, 0, 0, 0, 0, 0, 0, 0, 0, 0, 0, 0, 0, 0, 0, 0, 0, 0, 0, 0, 0, 0, 10, 0, 0, 0, 0, 0, 0, 0, 0, 0, 0, '2020-12-24 14:03:22', '2020-12-24 14:03:22'),
(1471, '02-1118-084', '112406', 21, 609167, 29007, 100000, 414098, 0, 0, 0, 0, 0, 0, 0, 0, 0, 0, 0, 0, 0, 0, 0, 0, 0, 0, 0, 0, 0, 0, 0, 10, 0, 0, 0, 0, 0, 0, 0, 0, 0, 0, '2020-12-24 14:03:22', '2020-12-24 14:03:22'),
(1472, '02-1118-077', '112407', 21, 609167, 29007, 100000, 415789, 0, 0, 0, 0, 0, 0, 0, 0, 0, 0, 0, 0, 0, 0, 0, 0, 0, 0, 0, 0, 0, 0, 0, 10, 0, 0, 0, 0, 0, 0, 0, 0, 0, 0, '2020-12-24 14:03:22', '2020-12-24 14:03:22'),
(1473, '02-1118-076', '112408', 21, 609167, 29007, 100000, 417481, 0, 0, 0, 0, 0, 0, 0, 0, 0, 0, 0, 0, 0, 0, 0, 0, 0, 0, 0, 0, 0, 0, 0, 10, 0, 0, 0, 0, 0, 0, 0, 0, 0, 0, '2020-12-24 14:03:22', '2020-12-24 14:03:22'),
(1474, '02-1118-090', '112409', 21, 609167, 29007, 100000, 419173, 0, 0, 0, 0, 0, 0, 0, 0, 0, 0, 0, 0, 0, 0, 0, 0, 0, 0, 0, 0, 0, 0, 0, 10, 0, 0, 0, 0, 0, 0, 0, 0, 0, 0, '2020-12-24 14:03:22', '2020-12-24 14:03:22'),
(1475, '02-1118-085', '112410', 21, 609167, 29007, 100000, 420865, 0, 0, 0, 0, 0, 0, 0, 0, 0, 0, 0, 0, 0, 0, 0, 0, 0, 0, 0, 0, 0, 0, 0, 10, 0, 0, 0, 0, 0, 0, 0, 0, 0, 0, '2020-12-24 14:03:22', '2020-12-24 14:03:22'),
(1476, '02-1218-181', '112411', 21, 609167, 29007, 100000, 422556, 0, 0, 0, 0, 0, 0, 0, 0, 0, 0, 0, 0, 0, 0, 0, 0, 0, 0, 0, 0, 0, 0, 0, 10, 0, 0, 0, 0, 0, 0, 0, 0, 0, 0, '2020-12-24 14:03:22', '2020-12-24 14:03:22'),
(1477, '02-1118-100', '112412', 21, 609167, 29007, 100000, 424248, 0, 0, 0, 0, 0, 0, 0, 0, 0, 0, 0, 0, 0, 0, 0, 0, 0, 0, 0, 0, 0, 0, 0, 10, 0, 0, 0, 0, 0, 0, 0, 0, 0, 0, '2020-12-24 14:03:22', '2020-12-24 14:03:22'),
(1478, '02-1118-102', '112413', 21, 609167, 29007, 100000, 425940, 0, 0, 0, 0, 0, 0, 0, 0, 0, 0, 0, 0, 0, 0, 0, 0, 0, 0, 0, 0, 0, 0, 0, 10, 0, 0, 0, 0, 0, 0, 0, 0, 0, 0, '2020-12-24 14:03:22', '2020-12-24 14:03:22'),
(1479, '02-1118-103', '112414', 21, 609167, 29007, 100000, 427632, 0, 0, 0, 0, 0, 0, 0, 0, 0, 0, 0, 0, 0, 0, 0, 0, 0, 0, 0, 0, 0, 0, 0, 10, 0, 0, 0, 0, 0, 0, 0, 0, 0, 0, '2020-12-24 14:03:22', '2020-12-24 14:03:22'),
(1480, '02-1118-099', '112415', 21, 609167, 29007, 100000, 429323, 0, 0, 0, 0, 0, 0, 0, 0, 0, 0, 0, 0, 0, 0, 0, 0, 0, 0, 0, 0, 0, 0, 0, 10, 0, 0, 0, 0, 0, 0, 0, 0, 0, 0, '2020-12-24 14:03:22', '2020-12-24 14:03:22'),
(1481, '02-1118-106', '112416', 21, 609167, 29007, 100000, 431015, 0, 0, 0, 0, 0, 0, 0, 0, 0, 0, 0, 0, 0, 0, 0, 0, 0, 0, 0, 0, 0, 0, 0, 10, 0, 0, 0, 0, 0, 0, 0, 0, 0, 0, '2020-12-24 14:03:22', '2020-12-24 14:03:22'),
(1482, '02-1118-107', '112417', 21, 609167, 29007, 100000, 432707, 0, 0, 0, 0, 0, 0, 0, 0, 0, 0, 0, 0, 0, 0, 0, 0, 0, 0, 0, 0, 0, 0, 0, 10, 0, 0, 0, 0, 0, 0, 0, 0, 0, 0, '2020-12-24 14:03:22', '2020-12-24 14:03:22'),
(1483, '02-1118-108', '112418', 21, 609167, 29007, 100000, 434398, 0, 0, 0, 0, 0, 0, 0, 0, 0, 0, 0, 0, 0, 0, 0, 0, 0, 0, 0, 0, 0, 0, 0, 10, 0, 0, 0, 0, 0, 0, 0, 0, 0, 0, '2020-12-24 14:03:22', '2020-12-24 14:03:22'),
(1484, '02-1118-112', '112419', 21, 609167, 29007, 100000, 436090, 0, 0, 0, 0, 0, 0, 0, 0, 0, 0, 0, 0, 0, 0, 0, 0, 0, 0, 0, 0, 0, 0, 0, 10, 0, 0, 0, 0, 0, 0, 0, 0, 0, 0, '2020-12-24 14:03:22', '2020-12-24 14:03:22'),
(1485, '02-1118-111', '112420', 21, 609167, 29007, 100000, 437782, 0, 0, 0, 0, 0, 0, 0, 0, 0, 0, 0, 0, 0, 0, 0, 0, 0, 0, 0, 0, 0, 0, 0, 10, 0, 0, 0, 0, 0, 0, 0, 0, 0, 0, '2020-12-24 14:03:22', '2020-12-24 14:03:22'),
(1486, '02-1118-113', '112421', 21, 609167, 29007, 100000, 439474, 0, 0, 0, 0, 0, 0, 0, 0, 0, 0, 0, 0, 0, 0, 0, 0, 0, 0, 0, 0, 0, 0, 0, 10, 0, 0, 0, 0, 0, 0, 0, 0, 0, 0, '2020-12-24 14:03:22', '2020-12-24 14:03:22'),
(1487, '02-1118-115', '112422', 21, 609167, 29007, 100000, 441165, 0, 0, 0, 0, 0, 0, 0, 0, 0, 0, 0, 0, 0, 0, 0, 0, 0, 0, 0, 0, 0, 0, 0, 10, 0, 0, 0, 0, 0, 0, 0, 0, 0, 0, '2020-12-24 14:03:22', '2020-12-24 14:03:22'),
(1488, '02-1118-170', '112423', 21, 609167, 29007, 100000, 442857, 0, 0, 0, 0, 0, 0, 0, 0, 0, 0, 0, 0, 0, 0, 0, 0, 0, 0, 0, 0, 0, 0, 0, 10, 0, 0, 0, 0, 0, 0, 0, 0, 0, 0, '2020-12-24 14:03:22', '2020-12-24 14:03:22'),
(1489, '02-1118-123', '112424', 21, 609167, 29007, 100000, 444549, 0, 0, 0, 0, 0, 0, 0, 0, 0, 0, 0, 0, 0, 0, 0, 0, 0, 0, 0, 0, 0, 0, 0, 10, 0, 0, 0, 0, 0, 0, 0, 0, 0, 0, '2020-12-24 14:03:22', '2020-12-24 14:03:22'),
(1490, '02-1118-166', '112425', 21, 609167, 29007, 100000, 446241, 0, 0, 0, 0, 0, 0, 0, 0, 0, 0, 0, 0, 0, 0, 0, 0, 0, 0, 0, 0, 0, 0, 0, 10, 0, 0, 0, 0, 0, 0, 0, 0, 0, 0, '2020-12-24 14:03:22', '2020-12-24 14:03:22'),
(1491, '02-1118-171', '112426', 21, 609167, 29007, 100000, 447932, 0, 0, 0, 0, 0, 0, 0, 0, 0, 0, 0, 0, 0, 0, 0, 0, 0, 0, 0, 0, 0, 0, 0, 10, 0, 0, 0, 0, 0, 0, 0, 0, 0, 0, '2020-12-24 14:03:22', '2020-12-24 14:03:22'),
(1492, '02-1118-124', '112427', 21, 609167, 29007, 100000, 449624, 0, 0, 0, 0, 0, 0, 0, 0, 0, 0, 0, 0, 0, 0, 0, 0, 0, 0, 0, 0, 0, 0, 0, 10, 0, 0, 0, 0, 0, 0, 0, 0, 0, 0, '2020-12-24 14:03:22', '2020-12-24 14:03:22'),
(1493, '02-1118-165', '112428', 21, 609167, 29007, 100000, 451316, 0, 0, 0, 0, 0, 0, 0, 0, 0, 0, 0, 0, 0, 0, 0, 0, 0, 0, 0, 0, 0, 0, 0, 10, 0, 0, 0, 0, 0, 0, 0, 0, 0, 0, '2020-12-24 14:03:22', '2020-12-24 14:03:22'),
(1494, '02-1118-114', '112429', 21, 609167, 29007, 100000, 453008, 0, 0, 0, 0, 0, 0, 0, 0, 0, 0, 0, 0, 0, 0, 0, 0, 0, 0, 0, 0, 0, 0, 0, 10, 0, 0, 0, 0, 0, 0, 0, 0, 0, 0, '2020-12-24 14:03:22', '2020-12-24 14:03:22'),
(1495, '02-1118-117', '112430', 21, 609167, 29007, 100000, 454699, 0, 0, 0, 0, 0, 0, 0, 0, 0, 0, 0, 0, 0, 0, 0, 0, 0, 0, 0, 0, 0, 0, 0, 10, 0, 0, 0, 0, 0, 0, 0, 0, 0, 0, '2020-12-24 14:03:22', '2020-12-24 14:03:22'),
(1496, '02-1118-118', '112431', 21, 609167, 29007, 100000, 456391, 0, 0, 0, 0, 0, 0, 0, 0, 0, 0, 0, 0, 0, 0, 0, 0, 0, 0, 0, 0, 0, 0, 0, 10, 0, 0, 0, 0, 0, 0, 0, 0, 0, 0, '2020-12-24 14:03:22', '2020-12-24 14:03:22'),
(1497, '02-1118-126', '112432', 21, 609167, 29007, 100000, 458083, 0, 0, 0, 0, 0, 0, 0, 0, 0, 0, 0, 0, 0, 0, 0, 0, 0, 0, 0, 0, 0, 0, 0, 10, 0, 0, 0, 0, 0, 0, 0, 0, 0, 0, '2020-12-24 14:03:22', '2020-12-24 14:03:22'),
(1498, '02-1118-169', '112433', 21, 609167, 29007, 100000, 459774, 0, 0, 0, 0, 0, 0, 0, 0, 0, 0, 0, 0, 0, 0, 0, 0, 0, 0, 0, 0, 0, 0, 0, 10, 0, 0, 0, 0, 0, 0, 0, 0, 0, 0, '2020-12-24 14:03:22', '2020-12-24 14:03:22'),
(1499, '02-1218-232', '112434', 21, 609167, 29007, 100000, 461466, 0, 0, 0, 0, 0, 0, 0, 0, 0, 0, 0, 0, 0, 0, 0, 0, 0, 0, 0, 0, 0, 0, 0, 10, 0, 0, 0, 0, 0, 0, 0, 0, 0, 0, '2020-12-24 14:03:22', '2020-12-24 14:03:22'),
(1500, '02-1218-231', '112435', 21, 609167, 29007, 100000, 463158, 0, 0, 0, 0, 0, 0, 0, 0, 0, 0, 0, 0, 0, 0, 0, 0, 0, 0, 0, 0, 0, 0, 0, 10, 0, 0, 0, 0, 0, 0, 0, 0, 0, 0, '2020-12-24 14:03:22', '2020-12-24 14:03:22'),
(1501, '02-0119-251', '112436', 21, 609167, 29008, 100000, 464850, 200000, 300000, 230000, 250000, 200000, 18, 4, 120000, 50000, 120000, 150000, 50000, 0, 0, 0, 0, 24366.7, 6091.67, 0, 0, 0, 0, 25828.7, 12183.3, 0, 0, 0, 0, 0, 0, 0, 0, 0, 0, '2020-12-26 15:46:24', '2020-12-26 15:46:24'),
(1502, '02-0319-273', '112437', 21, 609167, 29007, 100000, 466541, 0, 0, 0, 0, 0, 0, 0, 0, 0, 0, 0, 0, 0, 0, 0, 0, 0, 0, 0, 0, 0, 0, 0, 10, 0, 0, 0, 0, 0, 0, 0, 0, 0, 0, '2020-12-24 14:03:22', '2020-12-24 14:03:22'),
(1503, '02-1020-576', '112438', 21, 609167, 29007, 100000, 468233, 0, 0, 0, 0, 0, 0, 0, 0, 0, 0, 0, 0, 0, 0, 0, 0, 0, 0, 0, 0, 0, 0, 0, 10, 0, 0, 0, 0, 0, 0, 0, 0, 0, 0, '2020-12-24 14:03:22', '2020-12-24 14:03:22'),
(1504, '02-0619-311', '112439', 21, 609167, 29007, 100000, 469925, 0, 0, 0, 0, 0, 0, 0, 0, 0, 0, 0, 0, 0, 0, 0, 0, 0, 0, 0, 0, 0, 0, 0, 10, 0, 0, 0, 0, 0, 0, 0, 0, 0, 0, '2020-12-24 14:03:22', '2020-12-24 14:03:22'),
(1505, '02-0619-312', '112440', 21, 609167, 29007, 100000, 471617, 0, 0, 0, 0, 0, 0, 0, 0, 0, 0, 0, 0, 0, 0, 0, 0, 0, 0, 0, 0, 0, 0, 0, 10, 0, 0, 0, 0, 0, 0, 0, 0, 0, 0, '2020-12-24 14:03:22', '2020-12-24 14:03:22'),
(1506, '02-0719-331', '112441', 21, 609167, 29007, 100000, 473308, 0, 0, 0, 0, 0, 0, 0, 0, 0, 0, 0, 0, 0, 0, 0, 0, 0, 0, 0, 0, 0, 0, 0, 10, 0, 0, 0, 0, 0, 0, 0, 0, 0, 0, '2020-12-24 14:03:22', '2020-12-24 14:03:22'),
(1507, '02-0719-333', '112442', 21, 609167, 29007, 100000, 475000, 0, 0, 0, 0, 0, 0, 0, 0, 0, 0, 0, 0, 0, 0, 0, 0, 0, 0, 0, 0, 0, 0, 0, 10, 0, 0, 0, 0, 0, 0, 0, 0, 0, 0, '2020-12-24 14:03:22', '2020-12-24 14:03:22'),
(1508, '02-0819-396', '112443', 21, 609167, 29007, 100000, 476692, 0, 0, 0, 0, 0, 0, 0, 0, 0, 0, 0, 0, 0, 0, 0, 0, 0, 0, 0, 0, 0, 0, 0, 10, 0, 0, 0, 0, 0, 0, 0, 0, 0, 0, '2020-12-24 14:03:22', '2020-12-24 14:03:22'),
(1509, '02-0719-337', '112444', 21, 609167, 29007, 100000, 478383, 0, 0, 0, 0, 0, 0, 0, 0, 0, 0, 0, 0, 0, 0, 0, 0, 0, 0, 0, 0, 0, 0, 0, 10, 0, 0, 0, 0, 0, 0, 0, 0, 0, 0, '2020-12-24 14:03:22', '2020-12-24 14:03:22'),
(1510, '02-0719-339', '112445', 21, 609167, 29007, 100000, 480075, 0, 0, 0, 0, 0, 0, 0, 0, 0, 0, 0, 0, 0, 0, 0, 0, 0, 0, 0, 0, 0, 0, 0, 10, 0, 0, 0, 0, 0, 0, 0, 0, 0, 0, '2020-12-24 14:03:22', '2020-12-24 14:03:22'),
(1511, '02-0719-375', '112446', 21, 609167, 29007, 100000, 481767, 0, 0, 0, 0, 0, 0, 0, 0, 0, 0, 0, 0, 0, 0, 0, 0, 0, 0, 0, 0, 0, 0, 0, 10, 0, 0, 0, 0, 0, 0, 0, 0, 0, 0, '2020-12-24 14:03:22', '2020-12-24 14:03:22'),
(1512, '02-0919-402', '112447', 21, 609167, 29007, 100000, 483459, 0, 0, 0, 0, 0, 0, 0, 0, 0, 0, 0, 0, 0, 0, 0, 0, 0, 0, 0, 0, 0, 0, 0, 10, 0, 0, 0, 0, 0, 0, 0, 0, 0, 0, '2020-12-24 14:03:22', '2020-12-24 14:03:22'),
(1513, '02-0919-403', '112448', 21, 609167, 29007, 100000, 485150, 0, 0, 0, 0, 0, 0, 0, 0, 0, 0, 0, 0, 0, 0, 0, 0, 0, 0, 0, 0, 0, 0, 0, 10, 0, 0, 0, 0, 0, 0, 0, 0, 0, 0, '2020-12-24 14:03:22', '2020-12-24 14:03:22'),
(1514, '02-0919-401', '112449', 21, 609167, 29007, 100000, 486842, 0, 0, 0, 0, 0, 0, 0, 0, 0, 0, 0, 0, 0, 0, 0, 0, 0, 0, 0, 0, 0, 0, 0, 10, 0, 0, 0, 0, 0, 0, 0, 0, 0, 0, '2020-12-24 14:03:22', '2020-12-24 14:03:22'),
(1515, '02-1019-451', '112450', 21, 609167, 29007, 100000, 488534, 0, 0, 0, 0, 0, 0, 0, 0, 0, 0, 0, 0, 0, 0, 0, 0, 0, 0, 0, 0, 0, 0, 0, 10, 0, 0, 0, 0, 0, 0, 0, 0, 0, 0, '2020-12-24 14:03:22', '2020-12-24 14:03:22'),
(1516, '02-1119-452', '112451', 21, 609167, 29007, 100000, 490226, 0, 0, 0, 0, 0, 0, 0, 0, 0, 0, 0, 0, 0, 0, 0, 0, 0, 0, 0, 0, 0, 0, 0, 10, 0, 0, 0, 0, 0, 0, 0, 0, 0, 0, '2020-12-24 14:03:22', '2020-12-24 14:03:22'),
(1517, '02-1219-500', '112452', 21, 609167, 29007, 100000, 491917, 0, 0, 0, 0, 0, 0, 0, 0, 0, 0, 0, 0, 0, 0, 0, 0, 0, 0, 0, 0, 0, 0, 0, 10, 0, 0, 0, 0, 0, 0, 0, 0, 0, 0, '2020-12-24 14:03:22', '2020-12-24 14:03:22'),
(1518, '02-0220-513', '112453', 21, 609167, 29007, 100000, 493609, 0, 0, 0, 0, 0, 0, 0, 0, 0, 0, 0, 0, 0, 0, 0, 0, 0, 0, 0, 0, 0, 0, 0, 10, 0, 0, 0, 0, 0, 0, 0, 0, 0, 0, '2020-12-24 14:03:22', '2020-12-24 14:03:22'),
(1519, '02-0320-517', '112454', 21, 609167, 29007, 100000, 495301, 0, 0, 0, 0, 0, 0, 0, 0, 0, 0, 0, 0, 0, 0, 0, 0, 0, 0, 0, 0, 0, 0, 0, 10, 0, 0, 0, 0, 0, 0, 0, 0, 0, 0, '2020-12-24 14:03:22', '2020-12-24 14:03:22'),
(1520, '02-0320-516', '112455', 21, 609167, 29007, 100000, 496992, 0, 0, 0, 0, 0, 0, 0, 0, 0, 0, 0, 0, 0, 0, 0, 0, 0, 0, 0, 0, 0, 0, 0, 10, 0, 0, 0, 0, 0, 0, 0, 0, 0, 0, '2020-12-24 14:03:22', '2020-12-24 14:03:22'),
(1521, '02-0320-529', '112456', 21, 609167, 29007, 100000, 498684, 0, 0, 0, 0, 0, 0, 0, 0, 0, 0, 0, 0, 0, 0, 0, 0, 0, 0, 0, 0, 0, 0, 0, 10, 0, 0, 0, 0, 0, 0, 0, 0, 0, 0, '2020-12-24 14:03:22', '2020-12-24 14:03:22'),
(1522, '02-0720-534', '112457', 21, 609167, 29007, 100000, 500376, 0, 0, 0, 0, 0, 0, 0, 0, 0, 0, 0, 0, 0, 0, 0, 0, 0, 0, 0, 0, 0, 0, 0, 10, 0, 0, 0, 0, 0, 0, 0, 0, 0, 0, '2020-12-24 14:03:22', '2020-12-24 14:03:22');
INSERT INTO `karyawan_detail` (`id`, `nip`, `no_rekening`, `total_hari_kerja`, `gaji_pokok`, `gaji_harian`, `tnj_jabatan`, `tnj_keahlian`, `tnj_komunikasi`, `tnj_tempat_tinggal`, `tnj_kehadiran`, `tnj_transportasi`, `tnj_makan_siang`, `jml_hari_prorate`, `proprate_point`, `lembur`, `thr`, `bonus`, `komisi`, `lain_lain_tnj_td_ttp`, `bpjsKes_persen_karyawan`, `bpjsKes_persen_perusahaan`, `skema1_bpjs_kesehatan`, `skema2_bpjs_kesehatan`, `beban_perusahaan_kesehatan`, `beban_karyawan_perusahaan`, `bpjsTk_persen_perusahaan`, `bpjsTk_persen_karyawan`, `skema1_bpjs_tk`, `skema2_bpjs_tk`, `beban_perusahaan_tk`, `beban_karyawan_tk`, `pajak_persen_perusahaan`, `pajak_persen_karyawan`, `skema1_pajak`, `skema2_pajak`, `beban_perusahaan_pajak`, `beban_karyawan_pajak`, `iuran_koperasi`, `hutang_pinjaman`, `piutang_karyawan`, `lain_lain_pengurangan`, `created_at`, `updated_at`) VALUES
(1523, '02-0920-553', '112458', 21, 609167, 29007, 100000, 502068, 0, 0, 0, 0, 0, 0, 0, 0, 0, 0, 0, 0, 0, 0, 0, 0, 0, 0, 0, 0, 0, 0, 0, 10, 0, 0, 0, 0, 0, 0, 0, 0, 0, 0, '2020-12-24 14:03:22', '2020-12-24 14:03:22'),
(1524, '02-0920-550', '112459', 21, 609167, 29007, 100000, 503759, 0, 0, 0, 0, 0, 0, 0, 0, 0, 0, 0, 0, 0, 0, 0, 0, 0, 0, 0, 0, 0, 0, 0, 10, 0, 0, 0, 0, 0, 0, 0, 0, 0, 0, '2020-12-24 14:03:22', '2020-12-24 14:03:22'),
(1525, '02-0920-547', '112460', 21, 609167, 29007, 100000, 505451, 0, 0, 0, 0, 0, 0, 0, 0, 0, 0, 0, 0, 0, 0, 0, 0, 0, 0, 0, 0, 0, 0, 0, 10, 0, 0, 0, 0, 0, 0, 0, 0, 0, 0, '2020-12-24 14:03:22', '2020-12-24 14:03:22'),
(1526, '02-0920-552', '112461', 21, 609167, 29007, 100000, 507143, 0, 0, 0, 0, 0, 0, 0, 0, 0, 0, 0, 0, 0, 0, 0, 0, 0, 0, 0, 0, 0, 0, 0, 10, 0, 0, 0, 0, 0, 0, 0, 0, 0, 0, '2020-12-24 14:03:22', '2020-12-24 14:03:22'),
(1527, '02-0920-557', '112462', 21, 609167, 29007, 100000, 508835, 0, 0, 0, 0, 0, 0, 0, 0, 0, 0, 0, 0, 0, 0, 0, 0, 0, 0, 0, 0, 0, 0, 0, 10, 0, 0, 0, 0, 0, 0, 0, 0, 0, 0, '2020-12-24 14:03:22', '2020-12-24 14:03:22'),
(1528, '02-0920-563', '112463', 21, 609167, 29007, 100000, 510526, 0, 0, 0, 0, 0, 0, 0, 0, 0, 0, 0, 0, 0, 0, 0, 0, 0, 0, 0, 0, 0, 0, 0, 10, 0, 0, 0, 0, 0, 0, 0, 0, 0, 0, '2020-12-24 14:03:22', '2020-12-24 14:03:22'),
(1529, '02-0920-564', '112464', 21, 609167, 29007, 100000, 512218, 0, 0, 0, 0, 0, 0, 0, 0, 0, 0, 0, 0, 0, 0, 0, 0, 0, 0, 0, 0, 0, 0, 0, 10, 0, 0, 0, 0, 0, 0, 0, 0, 0, 0, '2020-12-24 14:03:22', '2020-12-24 14:03:22'),
(1530, '02-0920-562', '112465', 21, 609167, 29007, 100000, 513910, 0, 0, 0, 0, 0, 0, 0, 0, 0, 0, 0, 0, 0, 0, 0, 0, 0, 0, 0, 0, 0, 0, 0, 10, 0, 0, 0, 0, 0, 0, 0, 0, 0, 0, '2020-12-24 14:03:22', '2020-12-24 14:03:22'),
(1531, '02-0920-566', '112466', 21, 609167, 29007, 100000, 515602, 0, 0, 0, 0, 0, 0, 0, 0, 0, 0, 0, 0, 0, 0, 0, 0, 0, 0, 0, 0, 0, 0, 0, 10, 0, 0, 0, 0, 0, 0, 0, 0, 0, 0, '2020-12-24 14:03:22', '2020-12-24 14:03:22'),
(1532, '02-0920-556', '112467', 21, 609167, 29007, 100000, 517293, 0, 0, 0, 0, 0, 0, 0, 0, 0, 0, 0, 0, 0, 0, 0, 0, 0, 0, 0, 0, 0, 0, 0, 10, 0, 0, 0, 0, 0, 0, 0, 0, 0, 0, '2020-12-24 14:03:22', '2020-12-24 14:03:22'),
(1533, '02-0920-561', '112468', 21, 609167, 29007, 100000, 518985, 0, 0, 0, 0, 0, 0, 0, 0, 0, 0, 0, 0, 0, 0, 0, 0, 0, 0, 0, 0, 0, 0, 0, 10, 0, 0, 0, 0, 0, 0, 0, 0, 0, 0, '2020-12-24 14:03:22', '2020-12-24 14:03:22'),
(1534, '02-0920-568', '112469', 21, 609167, 29007, 100000, 520677, 0, 0, 0, 0, 0, 0, 0, 0, 0, 0, 0, 0, 0, 0, 0, 0, 0, 0, 0, 0, 0, 0, 0, 10, 0, 0, 0, 0, 0, 0, 0, 0, 0, 0, '2020-12-24 14:03:22', '2020-12-24 14:03:22'),
(1535, '02-0920-555', '112470', 21, 609167, 29007, 100000, 522368, 0, 0, 0, 0, 0, 0, 0, 0, 0, 0, 0, 0, 0, 0, 0, 0, 0, 0, 0, 0, 0, 0, 0, 10, 0, 0, 0, 0, 0, 0, 0, 0, 0, 0, '2020-12-24 14:03:22', '2020-12-24 14:03:22'),
(1536, '02-0920-549', '112471', 21, 609167, 29007, 100000, 524060, 0, 0, 0, 0, 0, 0, 0, 0, 0, 0, 0, 0, 0, 0, 0, 0, 0, 0, 0, 0, 0, 0, 0, 10, 0, 0, 0, 0, 0, 0, 0, 0, 0, 0, '2020-12-24 14:03:22', '2020-12-24 14:03:22'),
(1537, '02-0920-554', '112472', 21, 609167, 29007, 100000, 525752, 0, 0, 0, 0, 0, 0, 0, 0, 0, 0, 0, 0, 0, 0, 0, 0, 0, 0, 0, 0, 0, 0, 0, 10, 0, 0, 0, 0, 0, 0, 0, 0, 0, 0, '2020-12-24 14:03:22', '2020-12-24 14:03:22'),
(1538, '02-0920-559', '112473', 21, 609167, 29007, 100000, 527444, 0, 0, 0, 0, 0, 0, 0, 0, 0, 0, 0, 0, 0, 0, 0, 0, 0, 0, 0, 0, 0, 0, 0, 10, 0, 0, 0, 0, 0, 0, 0, 0, 0, 0, '2020-12-24 14:03:22', '2020-12-24 14:03:22'),
(1539, '02-0920-551', '112474', 21, 609167, 29007, 100000, 529135, 0, 0, 0, 0, 0, 0, 0, 0, 0, 0, 0, 0, 0, 0, 0, 0, 0, 0, 0, 0, 0, 0, 0, 10, 0, 0, 0, 0, 0, 0, 0, 0, 0, 0, '2020-12-24 14:03:22', '2020-12-24 14:03:22'),
(1540, '02-0920-560', '112475', 21, 609167, 29007, 100000, 530827, 0, 0, 0, 0, 0, 0, 0, 0, 0, 0, 0, 0, 0, 0, 0, 0, 0, 0, 0, 0, 0, 0, 0, 10, 0, 0, 0, 0, 0, 0, 0, 0, 0, 0, '2020-12-24 14:03:22', '2020-12-24 14:03:22'),
(1541, '02-0920-565', '112476', 21, 609167, 29007, 100000, 532519, 0, 0, 0, 0, 0, 0, 0, 0, 0, 0, 0, 0, 0, 0, 0, 0, 0, 0, 0, 0, 0, 0, 0, 10, 0, 0, 0, 0, 0, 0, 0, 0, 0, 0, '2020-12-24 14:03:22', '2020-12-24 14:03:22'),
(1542, '02-0920-558', '112477', 21, 609167, 29007, 100000, 534210, 0, 0, 0, 0, 0, 0, 0, 0, 0, 0, 0, 0, 0, 0, 0, 0, 0, 0, 0, 0, 0, 0, 0, 10, 0, 0, 0, 0, 0, 0, 0, 0, 0, 0, '2020-12-24 14:03:22', '2020-12-24 14:03:22'),
(1543, '02-0920-569', '112478', 21, 609167, 29007, 100000, 535902, 0, 0, 0, 0, 0, 0, 0, 0, 0, 0, 0, 0, 0, 0, 0, 0, 0, 0, 0, 0, 0, 0, 0, 10, 0, 0, 0, 0, 0, 0, 0, 0, 0, 0, '2020-12-24 14:03:22', '2020-12-24 14:03:22'),
(1544, '02-0920-567', '112479', 21, 609167, 29007, 100000, 537594, 0, 0, 0, 0, 0, 0, 0, 0, 0, 0, 0, 0, 0, 0, 0, 0, 0, 0, 0, 0, 0, 0, 0, 10, 0, 0, 0, 0, 0, 0, 0, 0, 0, 0, '2020-12-24 14:03:22', '2020-12-24 14:03:22'),
(1545, '02-0920-546', '112480', 21, 609167, 29007, 100000, 539286, 0, 0, 0, 0, 0, 0, 0, 0, 0, 0, 0, 0, 0, 0, 0, 0, 0, 0, 0, 0, 0, 0, 0, 10, 0, 0, 0, 0, 0, 0, 0, 0, 0, 0, '2020-12-24 14:03:22', '2020-12-24 14:03:22'),
(1546, '02-0719-358', '112481', 21, 609167, 29007, 100000, 540977, 0, 0, 0, 0, 0, 0, 0, 0, 0, 0, 0, 0, 0, 0, 0, 0, 0, 0, 0, 0, 0, 0, 0, 10, 0, 0, 0, 0, 0, 0, 0, 0, 0, 0, '2020-12-24 14:03:22', '2020-12-24 14:03:22'),
(1547, '02-0719-374', '112482', 21, 609167, 29007, 100000, 542669, 0, 0, 0, 0, 0, 0, 0, 0, 0, 0, 0, 0, 0, 0, 0, 0, 0, 0, 0, 0, 0, 0, 0, 10, 0, 0, 0, 0, 0, 0, 0, 0, 0, 0, '2020-12-24 14:03:22', '2020-12-24 14:03:22'),
(1548, '02-0719-351', '112483', 21, 609167, 29007, 100000, 544361, 0, 0, 0, 0, 0, 0, 0, 0, 0, 0, 0, 0, 0, 0, 0, 0, 0, 0, 0, 0, 0, 0, 0, 10, 0, 0, 0, 0, 0, 0, 0, 0, 0, 0, '2020-12-24 14:03:22', '2020-12-24 14:03:22'),
(1549, '02-0719-350', '112484', 21, 609167, 29007, 100000, 546053, 0, 0, 0, 0, 0, 0, 0, 0, 0, 0, 0, 0, 0, 0, 0, 0, 0, 0, 0, 0, 0, 0, 0, 10, 0, 0, 0, 0, 0, 0, 0, 0, 0, 0, '2020-12-24 14:03:22', '2020-12-24 14:03:22'),
(1550, '02-0719-353', '112485', 21, 609167, 29007, 100000, 547744, 0, 0, 0, 0, 0, 0, 0, 0, 0, 0, 0, 0, 0, 0, 0, 0, 0, 0, 0, 0, 0, 0, 0, 10, 0, 0, 0, 0, 0, 0, 0, 0, 0, 0, '2020-12-24 14:03:22', '2020-12-24 14:03:22'),
(1551, '02-0719-340', '112486', 21, 609167, 29007, 100000, 549436, 0, 0, 0, 0, 0, 0, 0, 0, 0, 0, 0, 0, 0, 0, 0, 0, 0, 0, 0, 0, 0, 0, 0, 10, 0, 0, 0, 0, 0, 0, 0, 0, 0, 0, '2020-12-24 14:03:22', '2020-12-24 14:03:22'),
(1552, '02-1219-492', '112487', 21, 609167, 29007, 100000, 551128, 0, 0, 0, 0, 0, 0, 0, 0, 0, 0, 0, 0, 0, 0, 0, 0, 0, 0, 0, 0, 0, 0, 0, 10, 0, 0, 0, 0, 0, 0, 0, 0, 0, 0, '2020-12-24 14:03:22', '2020-12-24 14:03:22'),
(1553, '02-1120-580', '112488', 21, 609167, 29007, 100000, 552820, 0, 0, 0, 0, 0, 0, 0, 0, 0, 0, 0, 0, 0, 0, 0, 0, 0, 0, 0, 0, 0, 0, 0, 10, 0, 0, 0, 0, 0, 0, 0, 0, 0, 0, '2020-12-24 14:03:22', '2020-12-24 14:03:22'),
(1554, '02-1120-582', '112489', 21, 609167, 29007, 100000, 554511, 0, 0, 0, 0, 0, 0, 0, 0, 0, 0, 0, 0, 0, 0, 0, 0, 0, 0, 0, 0, 0, 0, 0, 10, 0, 0, 0, 0, 0, 0, 0, 0, 0, 0, '2020-12-24 14:03:22', '2020-12-24 14:03:22'),
(1555, '02-0418-024', '112490', 21, 609167, 29007, 100000, 556203, 0, 0, 0, 0, 0, 0, 0, 0, 0, 0, 0, 0, 0, 0, 0, 0, 0, 0, 0, 0, 0, 0, 0, 10, 0, 0, 0, 0, 0, 0, 0, 0, 0, 0, '2020-12-24 14:03:22', '2020-12-24 14:03:22'),
(1556, '02-1118-091', '112491', 21, 609167, 29007, 100000, 557895, 0, 0, 0, 0, 0, 0, 0, 0, 0, 0, 0, 0, 0, 0, 0, 0, 0, 0, 0, 0, 0, 0, 0, 10, 0, 0, 0, 0, 0, 0, 0, 0, 0, 0, '2020-12-24 14:03:22', '2020-12-24 14:03:22'),
(1557, '02-1218-182', '112492', 21, 609167, 29007, 100000, 559586, 0, 0, 0, 0, 0, 0, 0, 0, 0, 0, 0, 0, 0, 0, 0, 0, 0, 0, 0, 0, 0, 0, 0, 10, 0, 0, 0, 0, 0, 0, 0, 0, 0, 0, '2020-12-24 14:03:22', '2020-12-24 14:03:22'),
(1558, '02-1218-201', '112493', 21, 609167, 29007, 100000, 561278, 0, 0, 0, 0, 0, 0, 0, 0, 0, 0, 0, 0, 0, 0, 0, 0, 0, 0, 0, 0, 0, 0, 0, 10, 0, 0, 0, 0, 0, 0, 0, 0, 0, 0, '2020-12-24 14:03:22', '2020-12-24 14:03:22'),
(1559, '02-1218-246', '112494', 21, 609167, 29007, 100000, 562970, 0, 0, 0, 0, 0, 0, 0, 0, 0, 0, 0, 0, 0, 0, 0, 0, 0, 0, 0, 0, 0, 0, 0, 10, 0, 0, 0, 0, 0, 0, 0, 0, 0, 0, '2020-12-24 14:03:22', '2020-12-24 14:03:22'),
(1560, '02-0119-267', '112495', 21, 609167, 29008, 100000, 564662, 120000, 300000, 120000, 250000, 200000, 20, 18, 60000, 150000, 20000, 20000, 120000, 0, 0, 0, 0, 24366.7, 6091.67, 0, 0, 0, 0, 25828.7, 12183.3, 0, 0, 0, 0, 0, 0, 0, 0, 0, 0, '2020-12-26 15:57:15', '2020-12-26 15:57:15'),
(1561, '02-0319-278', '112496', 21, 609167, 29007, 100000, 566353, 0, 0, 0, 0, 0, 0, 0, 0, 0, 0, 0, 0, 0, 0, 0, 0, 0, 0, 0, 0, 0, 0, 0, 10, 0, 0, 0, 0, 0, 0, 0, 0, 0, 0, '2020-12-24 14:03:22', '2020-12-24 14:03:22'),
(1562, '02-0719-325', '112497', 21, 609167, 29007, 100000, 568045, 0, 0, 0, 0, 0, 0, 0, 0, 0, 0, 0, 0, 0, 0, 0, 0, 0, 0, 0, 0, 0, 0, 0, 10, 0, 0, 0, 0, 0, 0, 0, 0, 0, 0, '2020-12-24 14:03:22', '2020-12-24 14:03:22'),
(1563, '02-0719-335', '112498', 21, 609167, 29007, 100000, 569737, 0, 0, 0, 0, 0, 0, 0, 0, 0, 0, 0, 0, 0, 0, 0, 0, 0, 0, 0, 0, 0, 0, 0, 10, 0, 0, 0, 0, 0, 0, 0, 0, 0, 0, '2020-12-24 14:03:22', '2020-12-24 14:03:22'),
(1564, '02-0819-394', '112499', 21, 609167, 29007, 100000, 571429, 0, 0, 0, 0, 0, 0, 0, 0, 0, 0, 0, 0, 0, 0, 0, 0, 0, 0, 0, 0, 0, 0, 0, 10, 0, 0, 0, 0, 0, 0, 0, 0, 0, 0, '2020-12-24 14:03:22', '2020-12-24 14:03:22'),
(1565, '02-1019-430', '112500', 21, 609167, 29007, 100000, 573120, 0, 0, 0, 0, 0, 0, 0, 0, 0, 0, 0, 0, 0, 0, 0, 0, 0, 0, 0, 0, 0, 0, 0, 10, 0, 0, 0, 0, 0, 0, 0, 0, 0, 0, '2020-12-24 14:03:22', '2020-12-24 14:03:22'),
(1566, '02-1019-429', '112501', 21, 609167, 29007, 100000, 574812, 0, 0, 0, 0, 0, 0, 0, 0, 0, 0, 0, 0, 0, 0, 0, 0, 0, 0, 0, 0, 0, 0, 0, 10, 0, 0, 0, 0, 0, 0, 0, 0, 0, 0, '2020-12-24 14:03:22', '2020-12-24 14:03:22'),
(1567, '02-1019-437', '112502', 21, 609167, 29007, 100000, 576504, 0, 0, 0, 0, 0, 0, 0, 0, 0, 0, 0, 0, 0, 0, 0, 0, 0, 0, 0, 0, 0, 0, 0, 10, 0, 0, 0, 0, 0, 0, 0, 0, 0, 0, '2020-12-24 14:03:22', '2020-12-24 14:03:22'),
(1568, '02-1019-439', '112503', 21, 609167, 29007, 100000, 578196, 0, 0, 0, 0, 0, 0, 0, 0, 0, 0, 0, 0, 0, 0, 0, 0, 0, 0, 0, 0, 0, 0, 0, 10, 0, 0, 0, 0, 0, 0, 0, 0, 0, 0, '2020-12-24 14:03:22', '2020-12-24 14:03:22'),
(1569, '02-1119-479', '112504', 21, 609167, 29007, 100000, 579887, 0, 0, 0, 0, 0, 0, 0, 0, 0, 0, 0, 0, 0, 0, 0, 0, 0, 0, 0, 0, 0, 0, 0, 10, 0, 0, 0, 0, 0, 0, 0, 0, 0, 0, '2020-12-24 14:03:22', '2020-12-24 14:03:22'),
(1570, '02-0220-510', '112505', 21, 609167, 29007, 100000, 581579, 0, 0, 0, 0, 0, 0, 0, 0, 0, 0, 0, 0, 0, 0, 0, 0, 0, 0, 0, 0, 0, 0, 0, 10, 0, 0, 0, 0, 0, 0, 0, 0, 0, 0, '2020-12-24 14:03:22', '2020-12-24 14:03:22'),
(1571, '02-0920-544', '112506', 21, 609167, 29007, 100000, 583271, 0, 0, 0, 0, 0, 0, 0, 0, 0, 0, 0, 0, 0, 0, 0, 0, 0, 0, 0, 0, 0, 0, 0, 10, 0, 0, 0, 0, 0, 0, 0, 0, 0, 0, '2020-12-24 14:03:22', '2020-12-24 14:03:22'),
(1572, '0', '-', 0, 0, 0, 0, 0, 0, 0, 0, 0, 0, 0, 0, 0, 0, 0, 0, 0, 0, 0, 0, 0, 0, 0, 0, 0, 0, 0, 0, 0, 0, 0, 0, 0, 0, 0, 0, 0, 0, 0, '2021-01-06 06:04:09', '2021-01-06 06:04:09'),
(1573, '0101', '-', 0, 0, 0, 0, 0, 0, 0, 0, 0, 0, 0, 0, 0, 0, 0, 0, 0, 0, 0, 0, 0, 0, 0, 0, 0, 0, 0, 0, 0, 0, 0, 0, 0, 0, 0, 0, 0, 0, 0, '2021-01-06 06:14:17', '2021-01-06 06:14:17');

-- --------------------------------------------------------

--
-- Struktur dari tabel `password_resets`
--

CREATE TABLE `password_resets` (
  `email` varchar(150) COLLATE utf8mb4_unicode_ci NOT NULL,
  `token` varchar(255) COLLATE utf8mb4_unicode_ci NOT NULL,
  `created_at` timestamp NULL DEFAULT NULL
) ENGINE=MyISAM DEFAULT CHARSET=utf8mb4 COLLATE=utf8mb4_unicode_ci;

-- --------------------------------------------------------

--
-- Struktur dari tabel `penggajian`
--

CREATE TABLE `penggajian` (
  `id` int(11) NOT NULL,
  `id_gaji` text NOT NULL,
  `nip` text NOT NULL,
  `no_rek` text NOT NULL,
  `total_hari_kerja` int(11) NOT NULL DEFAULT 0,
  `gaji_harian` float NOT NULL DEFAULT 0,
  `gaji_pokok` float NOT NULL DEFAULT 0,
  `tnj_jabatan` float NOT NULL DEFAULT 0,
  `tnj_keahlian` float NOT NULL DEFAULT 0,
  `tnj_komunikasi` float NOT NULL DEFAULT 0,
  `tnj_tempat_tinggal` float NOT NULL DEFAULT 0,
  `tnj_kehadiran` float NOT NULL DEFAULT 0,
  `tnj_transportasi` float NOT NULL DEFAULT 0,
  `tnj_makan_siang` float NOT NULL DEFAULT 0,
  `jml_hari_prorate` float NOT NULL DEFAULT 0,
  `prorate_point` float NOT NULL DEFAULT 0,
  `lembur` float NOT NULL DEFAULT 0,
  `thr` float NOT NULL DEFAULT 0,
  `bonus` float NOT NULL DEFAULT 0,
  `komisi` float NOT NULL DEFAULT 0,
  `lain_lain_tnj_td_ttp` float NOT NULL DEFAULT 0,
  `bpjsKes_persen_karyawan` float NOT NULL DEFAULT 0,
  `bpjsKes_persen_perusahaan` float NOT NULL DEFAULT 0,
  `skema1_bpjs_kesehatan` int(11) NOT NULL DEFAULT 0,
  `skema2_bpjs_kesehatan` text NOT NULL DEFAULT '-',
  `beban_perusahaan_kesehatan` float NOT NULL DEFAULT 0,
  `beban_karyawan_perusahaan` float NOT NULL DEFAULT 0,
  `bpjsTk_persen_perusahaan` float NOT NULL DEFAULT 0,
  `bpjsTk_persen_karyawan` float NOT NULL DEFAULT 0,
  `skema1_bpjs_tk` int(11) NOT NULL DEFAULT 0,
  `skema2_bpjs_tk` text NOT NULL DEFAULT '-',
  `beban_perusahaan_tk` float NOT NULL DEFAULT 0,
  `beban_karyawan_tk` float NOT NULL DEFAULT 0,
  `pajak_persen_perusahaan` float NOT NULL DEFAULT 0,
  `pajak_persen_karyawan` float NOT NULL DEFAULT 0,
  `skema1_pajak` int(11) NOT NULL DEFAULT 0,
  `skema2_pajak` text NOT NULL DEFAULT '-',
  `beban_perusahaan_pajak` float NOT NULL DEFAULT 0,
  `beban_karyawan_pajak` float NOT NULL DEFAULT 0,
  `iuran_koperasi` float NOT NULL DEFAULT 0,
  `hutang_pinjaman` float NOT NULL DEFAULT 0,
  `piutang_karyawan` float NOT NULL DEFAULT 0,
  `lain_lain_pengurangan` float NOT NULL DEFAULT 0,
  `bulan` text NOT NULL DEFAULT '00',
  `tahun` text NOT NULL DEFAULT '0000',
  `pic` text NOT NULL DEFAULT '-',
  `thp` float NOT NULL DEFAULT 0,
  `reff` text NOT NULL DEFAULT '-',
  `created_at` datetime NOT NULL DEFAULT current_timestamp() ON UPDATE current_timestamp(),
  `updated_at` datetime NOT NULL DEFAULT current_timestamp() ON UPDATE current_timestamp()
) ENGINE=InnoDB DEFAULT CHARSET=utf8mb4;

--
-- Dumping data untuk tabel `penggajian`
--

INSERT INTO `penggajian` (`id`, `id_gaji`, `nip`, `no_rek`, `total_hari_kerja`, `gaji_harian`, `gaji_pokok`, `tnj_jabatan`, `tnj_keahlian`, `tnj_komunikasi`, `tnj_tempat_tinggal`, `tnj_kehadiran`, `tnj_transportasi`, `tnj_makan_siang`, `jml_hari_prorate`, `prorate_point`, `lembur`, `thr`, `bonus`, `komisi`, `lain_lain_tnj_td_ttp`, `bpjsKes_persen_karyawan`, `bpjsKes_persen_perusahaan`, `skema1_bpjs_kesehatan`, `skema2_bpjs_kesehatan`, `beban_perusahaan_kesehatan`, `beban_karyawan_perusahaan`, `bpjsTk_persen_perusahaan`, `bpjsTk_persen_karyawan`, `skema1_bpjs_tk`, `skema2_bpjs_tk`, `beban_perusahaan_tk`, `beban_karyawan_tk`, `pajak_persen_perusahaan`, `pajak_persen_karyawan`, `skema1_pajak`, `skema2_pajak`, `beban_perusahaan_pajak`, `beban_karyawan_pajak`, `iuran_koperasi`, `hutang_pinjaman`, `piutang_karyawan`, `lain_lain_pengurangan`, `bulan`, `tahun`, `pic`, `thp`, `reff`, `created_at`, `updated_at`) VALUES
(1645, '02-1018-071-07-2021', '02-1018-071', '112233', 21, 106185, 2229880, 0, 0, 0, 0, 0, 0, 0, 0, 0, 0, 0, 0, 0, 0, 0, 0, 0, '0', 0, 0, 0, 0, 0, '0', 0, 10, 0, 0, 0, '0', 0, 0, 0, 0, 0, 0, '07', '2021', 'dev', 0, '-', '2021-01-07 04:31:01', '2021-01-07 04:31:01'),
(1646, '02-0719-389-07-2021', '02-0719-389', '112234', 21, 119048, 2500000, 100000, 0, 0, 0, 0, 0, 0, 0, 0, 0, 0, 0, 0, 0, 0, 0, 0, '0', 0, 0, 0, 0, 0, '0', 0, 10, 0, 0, 0, '0', 0, 0, 0, 0, 0, 0, '07', '2021', 'dev', 0, '-', '2021-01-07 04:31:01', '2021-01-07 04:31:01'),
(1647, '02-0919-416-07-2021', '02-0919-416', '112235', 21, 106185, 2229880, 100000, 250000, 0, 0, 0, 0, 0, 0, 0, 0, 0, 0, 0, 0, 0, 0, 0, '0', 0, 0, 0, 0, 0, '0', 0, 9, 0, 0, 0, '0', 0, 0, 0, 0, 0, 0, '07', '2021', 'dev', 0, '-', '2021-01-07 04:31:01', '2021-01-07 04:31:01'),
(1648, '02-1019-427-07-2021', '02-1019-427', '112236', 21, 106185, 2229880, 100000, 250000, 0, 0, 0, 0, 0, 0, 0, 0, 0, 0, 0, 0, 0, 0, 0, '0', 0, 0, 0, 0, 0, '0', 0, 12, 0, 0, 0, '0', 0, 0, 0, 0, 0, 0, '07', '2021', 'dev', 0, '-', '2021-01-07 04:31:01', '2021-01-07 04:31:01'),
(1649, '02-1019-442-07-2021', '02-1019-442', '112237', 21, 106185, 2229880, 100000, 250000, 0, 0, 0, 0, 0, 0, 0, 0, 0, 0, 0, 0, 0, 0, 0, '0', 0, 0, 0, 0, 0, '0', 0, 11, 0, 0, 0, '0', 0, 0, 0, 0, 0, 0, '07', '2021', 'dev', 0, '-', '2021-01-07 04:31:01', '2021-01-07 04:31:01'),
(1650, '02-1019-441-07-2021', '02-1019-441', '112238', 21, 104899, 2202870, 100000, 0, 0, 0, 0, 0, 0, 0, 0, 0, 0, 0, 0, 0, 0, 0, 0, '0', 0, 0, 0, 0, 0, '0', 0, 10, 0, 0, 0, '0', 0, 0, 0, 0, 0, 0, '07', '2021', 'dev', 0, '-', '2021-01-07 04:31:01', '2021-01-07 04:31:01'),
(1651, '02-1119-445-07-2021', '02-1119-445', '112239', 21, 103612, 2175860, 100000, 0, 0, 0, 0, 0, 0, 0, 0, 0, 0, 0, 0, 0, 0, 0, 0, '0', 0, 0, 0, 0, 0, '0', 0, 10, 0, 0, 0, '0', 0, 0, 0, 0, 0, 0, '07', '2021', 'dev', 0, '-', '2021-01-07 04:31:01', '2021-01-07 04:31:01'),
(1652, '02-0320-521-07-2021', '02-0320-521', '112240', 21, 102326, 2148850, 100000, 250000, 0, 0, 0, 0, 0, 0, 0, 0, 0, 0, 0, 0, 0, 0, 0, '0', 0, 0, 0, 0, 0, '0', 0, 10, 0, 0, 0, '0', 0, 0, 0, 0, 0, 0, '07', '2021', 'dev', 0, '-', '2021-01-07 04:31:01', '2021-01-07 04:31:01'),
(1653, '02-0320-524-07-2021', '02-0320-524', '112241', 21, 101040, 2121830, 100000, 250000, 0, 0, 0, 0, 0, 0, 0, 0, 0, 0, 0, 0, 0, 0, 0, '0', 0, 0, 0, 0, 0, '0', 0, 10, 0, 0, 0, '0', 0, 0, 0, 0, 0, 0, '07', '2021', 'dev', 0, '-', '2021-01-07 04:31:01', '2021-01-07 04:31:01'),
(1654, '02-0418-015-07-2021', '02-0418-015', '112242', 21, 99753.5, 2094820, 100000, 250000, 0, 0, 0, 0, 0, 0, 0, 0, 0, 0, 0, 0, 0, 0, 0, '0', 0, 0, 0, 0, 0, '0', 0, 10, 0, 0, 0, '0', 0, 0, 0, 0, 0, 0, '07', '2021', 'dev', 0, '-', '2021-01-07 04:31:01', '2021-01-07 04:31:01'),
(1655, '02-0418-019-07-2021', '02-0418-019', '112243', 21, 98467.2, 2067810, 100000, 0, 0, 0, 0, 0, 0, 0, 0, 0, 0, 0, 0, 0, 0, 0, 0, '0', 0, 0, 0, 0, 0, '0', 0, 10, 0, 0, 0, '0', 0, 0, 0, 0, 0, 0, '07', '2021', 'dev', 0, '-', '2021-01-07 04:31:01', '2021-01-07 04:31:01'),
(1656, '02-1018-067-07-2021', '02-1018-067', '112244', 21, 97180.9, 2040800, 100000, 0, 0, 0, 0, 0, 0, 0, 0, 0, 0, 0, 0, 0, 0, 0, 0, '0', 0, 0, 0, 0, 0, '0', 0, 10, 0, 0, 0, '0', 0, 0, 0, 0, 0, 0, '07', '2021', 'dev', 0, '-', '2021-01-07 04:31:01', '2021-01-07 04:31:01'),
(1657, '02-0918-061-07-2021', '02-0918-061', '112245', 21, 95894.6, 2013790, 100000, 250000, 0, 0, 0, 0, 0, 0, 0, 0, 0, 0, 0, 0, 0, 0, 0, '0', 0, 0, 0, 0, 0, '0', 0, 10, 0, 0, 0, '0', 0, 0, 0, 0, 0, 0, '07', '2021', 'dev', 0, '-', '2021-01-07 04:31:01', '2021-01-07 04:31:01'),
(1658, '02-0918-059-07-2021', '02-0918-059', '112246', 21, 94608.3, 1986770, 100000, 250000, 0, 0, 0, 0, 0, 0, 0, 0, 0, 0, 0, 0, 0, 0, 0, '0', 0, 0, 0, 0, 0, '0', 0, 10, 0, 0, 0, '0', 0, 0, 0, 0, 0, 0, '07', '2021', 'dev', 0, '-', '2021-01-07 04:31:01', '2021-01-07 04:31:01'),
(1659, '02-1118-093-07-2021', '02-1118-093', '112247', 21, 93322, 1959760, 100000, 250000, 0, 0, 0, 0, 0, 0, 0, 0, 0, 0, 0, 0, 0, 0, 0, '0', 0, 0, 0, 0, 0, '0', 0, 10, 0, 0, 0, '0', 0, 0, 0, 0, 0, 0, '07', '2021', 'dev', 0, '-', '2021-01-07 04:31:01', '2021-01-07 04:31:01'),
(1660, '02-1218-209-07-2021', '02-1218-209', '112248', 21, 92035.7, 1932750, 100000, 0, 0, 0, 0, 0, 0, 0, 0, 0, 0, 0, 0, 0, 0, 0, 0, '0', 0, 0, 0, 0, 0, '0', 0, 10, 0, 0, 0, '0', 0, 0, 0, 0, 0, 0, '07', '2021', 'dev', 0, '-', '2021-01-07 04:31:01', '2021-01-07 04:31:01'),
(1661, '02-1218-200-07-2021', '02-1218-200', '112249', 21, 90749.4, 1905740, 100000, 0, 0, 0, 0, 0, 0, 0, 0, 0, 0, 0, 0, 0, 0, 0, 0, '0', 0, 0, 0, 0, 0, '0', 0, 10, 0, 0, 0, '0', 0, 0, 0, 0, 0, 0, '07', '2021', 'dev', 0, '-', '2021-01-07 04:31:01', '2021-01-07 04:31:01'),
(1662, '02-1218-206-07-2021', '02-1218-206', '112250', 21, 89463.1, 1878730, 100000, 0, 0, 0, 0, 0, 0, 0, 0, 0, 0, 0, 0, 0, 0, 0, 0, '0', 0, 0, 0, 0, 0, '0', 0, 10, 0, 0, 0, '0', 0, 0, 0, 0, 0, 0, '07', '2021', 'dev', 0, '-', '2021-01-07 04:31:01', '2021-01-07 04:31:01'),
(1663, '02-1218-249-07-2021', '02-1218-249', '112251', 21, 88176.8, 1851710, 100000, 250000, 0, 0, 0, 0, 0, 0, 0, 0, 0, 0, 0, 0, 0, 0, 0, '0', 0, 0, 0, 0, 0, '0', 0, 10, 0, 0, 0, '0', 0, 0, 0, 0, 0, 0, '07', '2021', 'dev', 0, '-', '2021-01-07 04:31:01', '2021-01-07 04:31:01'),
(1664, '02-0119-266-07-2021', '02-0119-266', '112252', 21, 86890.5, 1824700, 100000, 250000, 120000, 300000, 300000, 400000, 30000, 24, 20, 70000, 200000, 0, 300000, 120000, 0, 0, 0, '0', 72988, 18247, 0, 0, 0, '0', 77367.3, 36494, 0, 0, 0, '0', 0, 0, 0, 0, 0, 0, '07', '2021', 'dev', 0, '-', '2021-01-07 04:31:01', '2021-01-07 04:31:01'),
(1665, '02-0219-269-07-2021', '02-0219-269', '112253', 21, 85604.2, 1797690, 100000, 155263, 0, 0, 0, 0, 0, 0, 0, 0, 0, 0, 0, 0, 0, 0, 0, '0', 0, 0, 0, 0, 0, '0', 0, 10, 0, 0, 0, '0', 0, 0, 0, 0, 0, 0, '07', '2021', 'dev', 0, '-', '2021-01-07 04:31:01', '2021-01-07 04:31:01'),
(1666, '02-0219-270-07-2021', '02-0219-270', '112254', 21, 84317.9, 1770680, 100000, 156955, 0, 0, 0, 0, 0, 0, 0, 0, 0, 0, 0, 0, 0, 0, 0, '0', 0, 0, 0, 0, 0, '0', 0, 10, 0, 0, 0, '0', 0, 0, 0, 0, 0, 0, '07', '2021', 'dev', 0, '-', '2021-01-07 04:31:01', '2021-01-07 04:31:01'),
(1667, '02-0319-271-07-2021', '02-0319-271', '112255', 21, 83031.6, 1743670, 100000, 158647, 0, 0, 0, 0, 0, 0, 0, 0, 0, 0, 0, 0, 0, 0, 0, '0', 0, 0, 0, 0, 0, '0', 0, 10, 0, 0, 0, '0', 0, 0, 0, 0, 0, 0, '07', '2021', 'dev', 0, '-', '2021-01-07 04:31:01', '2021-01-07 04:31:01'),
(1668, '02-0319-282-07-2021', '02-0319-282', '112256', 21, 81745.3, 1716650, 100000, 160338, 0, 0, 0, 0, 0, 0, 0, 0, 0, 0, 0, 0, 0, 0, 0, '0', 0, 0, 0, 0, 0, '0', 0, 10, 0, 0, 0, '0', 0, 0, 0, 0, 0, 0, '07', '2021', 'dev', 0, '-', '2021-01-07 04:31:01', '2021-01-07 04:31:01'),
(1669, '02-1119-446-07-2021', '02-1119-446', '112257', 21, 80459, 1689640, 100000, 162030, 0, 0, 0, 0, 0, 0, 0, 0, 0, 0, 0, 0, 0, 0, 0, '0', 0, 0, 0, 0, 0, '0', 0, 10, 0, 0, 0, '0', 0, 0, 0, 0, 0, 0, '07', '2021', 'dev', 0, '-', '2021-01-07 04:31:01', '2021-01-07 04:31:01'),
(1670, '02-1119-478-07-2021', '02-1119-478', '112258', 21, 79172.7, 1662630, 100000, 163722, 0, 0, 0, 0, 0, 0, 0, 0, 0, 0, 0, 0, 0, 0, 0, '0', 0, 0, 0, 0, 0, '0', 0, 10, 0, 0, 0, '0', 0, 0, 0, 0, 0, 0, '07', '2021', 'dev', 0, '-', '2021-01-07 04:31:01', '2021-01-07 04:31:01'),
(1671, '02-1020-571-07-2021', '02-1020-571', '112259', 21, 77886.4, 1635620, 100000, 165414, 0, 0, 0, 0, 0, 0, 0, 0, 0, 0, 0, 0, 0, 0, 0, '0', 0, 0, 0, 0, 0, '0', 0, 10, 0, 0, 0, '0', 0, 0, 0, 0, 0, 0, '07', '2021', 'dev', 0, '-', '2021-01-07 04:31:01', '2021-01-07 04:31:01'),
(1672, '02-0719-388-07-2021', '02-0719-388', '112260', 21, 76600.1, 1608610, 100000, 167105, 0, 0, 0, 0, 0, 0, 0, 0, 0, 0, 0, 0, 0, 0, 0, '0', 0, 0, 0, 0, 0, '0', 0, 10, 0, 0, 0, '0', 0, 0, 0, 0, 0, 0, '07', '2021', 'dev', 0, '-', '2021-01-07 04:31:01', '2021-01-07 04:31:01'),
(1673, '02-0719-373-07-2021', '02-0719-373', '112261', 21, 75313.8, 1581600, 100000, 168797, 0, 0, 0, 0, 0, 0, 0, 0, 0, 0, 0, 0, 0, 0, 0, '0', 0, 0, 0, 0, 0, '0', 0, 10, 0, 0, 0, '0', 0, 0, 0, 0, 0, 0, '07', '2021', 'dev', 0, '-', '2021-01-07 04:31:01', '2021-01-07 04:31:01'),
(1674, '02-0718-027-07-2021', '02-0718-027', '112262', 21, 74027.5, 1554580, 100000, 170489, 0, 0, 0, 0, 0, 0, 0, 0, 0, 0, 0, 0, 0, 0, 0, '0', 0, 0, 0, 0, 0, '0', 0, 10, 0, 0, 0, '0', 0, 0, 0, 0, 0, 0, '07', '2021', 'dev', 0, '-', '2021-01-07 04:31:01', '2021-01-07 04:31:01'),
(1675, '02-0418-012-07-2021', '02-0418-012', '112263', 21, 72741.2, 1527570, 100000, 172180, 0, 0, 0, 0, 0, 0, 0, 0, 0, 0, 0, 0, 0, 0, 0, '0', 0, 0, 0, 0, 0, '0', 0, 10, 0, 0, 0, '0', 0, 0, 0, 0, 0, 0, '07', '2021', 'dev', 0, '-', '2021-01-07 04:31:01', '2021-01-07 04:31:01'),
(1676, '01-0217-007-07-2021', '01-0217-007', '112264', 21, 71455.2, 1500560, 100000, 173872, 300000, 500000, 120000, 80000, 150000, 20, 20, 90000, 125000, 50000, 75000, 20000, 4, 0.04, 0, '0', 60022.4, 6002240, 0.4, 7, 0, '0', 600224, 10503900, 8.3, 8, 0, '0', 12454600, 12004500, 0, 0, 0, 0, '07', '2021', 'dev', 0, '-', '2021-01-07 04:31:01', '2021-01-07 04:31:01'),
(1677, '02-0418-016-07-2021', '02-0418-016', '112265', 21, 70168.6, 1473550, 100000, 175564, 0, 0, 0, 0, 0, 0, 0, 0, 0, 0, 0, 0, 0, 0, 0, '0', 0, 0, 0, 0, 0, '0', 0, 10, 0, 0, 0, '0', 0, 0, 0, 0, 0, 0, '07', '2021', 'dev', 0, '-', '2021-01-07 04:31:01', '2021-01-07 04:31:01'),
(1678, '02-0117-009-07-2021', '02-0117-009', '112266', 21, 68882.9, 1446540, 100000, 177256, 90000, 20000, 300000, 50000, 170000, 17, 11, 120000, 80000, 50000, 100000, 25000, 0, 0, 0, '0', 57861.6, 14465.4, 0, 0, 0, '0', 61333.3, 28930.8, 0, 0, 0, '0', 0, 0, 0, 0, 0, 0, '07', '2021', 'dev', 0, '-', '2021-01-07 04:31:01', '2021-01-07 04:31:01'),
(1679, '02-0918-057-07-2021', '02-0918-057', '112267', 21, 67596, 1419520, 100000, 178947, 0, 0, 0, 0, 0, 0, 0, 0, 0, 0, 0, 0, 0, 0, 0, '0', 0, 0, 0, 0, 0, '0', 0, 10, 0, 0, 0, '0', 0, 0, 0, 0, 0, 0, '07', '2021', 'dev', 0, '-', '2021-01-07 04:31:01', '2021-01-07 04:31:01'),
(1680, '02-1118-094-07-2021', '02-1118-094', '112268', 21, 66309.7, 1392510, 100000, 180639, 0, 0, 0, 0, 0, 0, 0, 0, 0, 0, 0, 0, 0, 0, 0, '0', 0, 0, 0, 0, 0, '0', 0, 10, 0, 0, 0, '0', 0, 0, 0, 0, 0, 0, '07', '2021', 'dev', 0, '-', '2021-01-07 04:31:01', '2021-01-07 04:31:01'),
(1681, '02-1118-087-07-2021', '02-1118-087', '112269', 21, 65023.4, 1365500, 100000, 182331, 0, 0, 0, 0, 0, 0, 0, 0, 0, 0, 0, 0, 0, 0, 0, '0', 0, 0, 0, 0, 0, '0', 0, 10, 0, 0, 0, '0', 0, 0, 0, 0, 0, 0, '07', '2021', 'dev', 0, '-', '2021-01-07 04:31:01', '2021-01-07 04:31:01'),
(1682, '02-1118-174-07-2021', '02-1118-174', '112270', 21, 63737.1, 1338490, 100000, 184023, 0, 0, 0, 0, 0, 0, 0, 0, 0, 0, 0, 0, 0, 0, 0, '0', 0, 0, 0, 0, 0, '0', 0, 10, 0, 0, 0, '0', 0, 0, 0, 0, 0, 0, '07', '2021', 'dev', 0, '-', '2021-01-07 04:31:01', '2021-01-07 04:31:01'),
(1683, '02-1118-175-07-2021', '02-1118-175', '112271', 21, 62450.8, 1311480, 100000, 185714, 0, 0, 0, 0, 0, 0, 0, 0, 0, 0, 0, 0, 0, 0, 0, '0', 0, 0, 0, 0, 0, '0', 0, 10, 0, 0, 0, '0', 0, 0, 0, 0, 0, 0, '07', '2021', 'dev', 0, '-', '2021-01-07 04:31:01', '2021-01-07 04:31:01'),
(1684, '02-1118-176-07-2021', '02-1118-176', '112272', 21, 61164.5, 1284460, 100000, 187406, 0, 0, 0, 0, 0, 0, 0, 0, 0, 0, 0, 0, 0, 0, 0, '0', 0, 0, 0, 0, 0, '0', 0, 10, 0, 0, 0, '0', 0, 0, 0, 0, 0, 0, '07', '2021', 'dev', 0, '-', '2021-01-07 04:31:01', '2021-01-07 04:31:01'),
(1685, '02-1118-119-07-2021', '02-1118-119', '112273', 21, 59878.2, 1257450, 100000, 189098, 0, 0, 0, 0, 0, 0, 0, 0, 0, 0, 0, 0, 0, 0, 0, '0', 0, 0, 0, 0, 0, '0', 0, 10, 0, 0, 0, '0', 0, 0, 0, 0, 0, 0, '07', '2021', 'dev', 0, '-', '2021-01-07 04:31:01', '2021-01-07 04:31:01'),
(1686, '02-1218-214-07-2021', '02-1218-214', '112274', 21, 58591.9, 1230440, 100000, 190789, 0, 0, 0, 0, 0, 0, 0, 0, 0, 0, 0, 0, 0, 0, 0, '0', 0, 0, 0, 0, 0, '0', 0, 10, 0, 0, 0, '0', 0, 0, 0, 0, 0, 0, '07', '2021', 'dev', 0, '-', '2021-01-07 04:31:01', '2021-01-07 04:31:01'),
(1687, '02-1218-216-07-2021', '02-1218-216', '112275', 21, 57305.6, 1203430, 100000, 192481, 0, 0, 0, 0, 0, 0, 0, 0, 0, 0, 0, 0, 0, 0, 0, '0', 0, 0, 0, 0, 0, '0', 0, 10, 0, 0, 0, '0', 0, 0, 0, 0, 0, 0, '07', '2021', 'dev', 0, '-', '2021-01-07 04:31:01', '2021-01-07 04:31:01'),
(1688, '02-0119-252-07-2021', '02-0119-252', '112276', 21, 56020, 1176420, 100000, 194173, 200000, 200000, 230000, 100000, 170000, 19, 14, 60000, 120000, 100000, 0, 50000, 0, 0, 0, '0', 47056.8, 11764.2, 0, 0, 0, '0', 49880.2, 23528.4, 0, 0, 0, '0', 0, 0, 0, 0, 0, 0, '07', '2021', 'dev', 0, '-', '2021-01-07 04:31:01', '2021-01-07 04:31:01'),
(1689, '02-0419-284-07-2021', '02-0419-284', '112277', 21, 54733, 1149400, 100000, 195865, 0, 0, 0, 0, 0, 0, 0, 0, 0, 0, 0, 0, 0, 0, 0, '0', 0, 0, 0, 0, 0, '0', 0, 10, 0, 0, 0, '0', 0, 0, 0, 0, 0, 0, '07', '2021', 'dev', 0, '-', '2021-01-07 04:31:01', '2021-01-07 04:31:01'),
(1690, '02-1019-428-07-2021', '02-1019-428', '112278', 21, 53446.7, 1122390, 100000, 197556, 0, 0, 0, 0, 0, 0, 0, 0, 0, 0, 0, 0, 0, 0, 0, '0', 0, 0, 0, 0, 0, '0', 0, 10, 0, 0, 0, '0', 0, 0, 0, 0, 0, 0, '07', '2021', 'dev', 0, '-', '2021-01-07 04:31:01', '2021-01-07 04:31:01'),
(1691, '02-1019-443-07-2021', '02-1019-443', '112279', 21, 52160.4, 1095380, 100000, 199248, 0, 0, 0, 0, 0, 0, 0, 0, 0, 0, 0, 0, 0, 0, 0, '0', 0, 0, 0, 0, 0, '0', 0, 10, 0, 0, 0, '0', 0, 0, 0, 0, 0, 0, '07', '2021', 'dev', 0, '-', '2021-01-07 04:31:01', '2021-01-07 04:31:01'),
(1692, '02-1019-477-07-2021', '02-1019-477', '112280', 21, 50874.1, 1068370, 100000, 200940, 0, 0, 0, 0, 0, 0, 0, 0, 0, 0, 0, 0, 0, 0, 0, '0', 0, 0, 0, 0, 0, '0', 0, 10, 0, 0, 0, '0', 0, 0, 0, 0, 0, 0, '07', '2021', 'dev', 0, '-', '2021-01-07 04:31:01', '2021-01-07 04:31:01'),
(1693, '02-1119-477-07-2021', '02-1119-477', '112281', 21, 49587.8, 1041360, 100000, 202632, 0, 0, 0, 0, 0, 0, 0, 0, 0, 0, 0, 0, 0, 0, 0, '0', 0, 0, 0, 0, 0, '0', 0, 10, 0, 0, 0, '0', 0, 0, 0, 0, 0, 0, '07', '2021', 'dev', 0, '-', '2021-01-07 04:31:01', '2021-01-07 04:31:01'),
(1694, '02-0220-515-07-2021', '02-0220-515', '112282', 21, 48301.5, 1014350, 100000, 204323, 0, 0, 0, 0, 0, 0, 0, 0, 0, 0, 0, 0, 0, 0, 0, '0', 0, 0, 0, 0, 0, '0', 0, 10, 0, 0, 0, '0', 0, 0, 0, 0, 0, 0, '07', '2021', 'dev', 0, '-', '2021-01-07 04:31:02', '2021-01-07 04:31:02'),
(1695, '02-1020-572-07-2021', '02-1020-572', '112283', 21, 47015.2, 987334, 100000, 206015, 0, 0, 0, 0, 0, 0, 0, 0, 0, 0, 0, 0, 0, 0, 0, '0', 0, 0, 0, 0, 0, '0', 0, 10, 0, 0, 0, '0', 0, 0, 0, 0, 0, 0, '07', '2021', 'dev', 0, '-', '2021-01-07 04:31:02', '2021-01-07 04:31:02'),
(1696, '02-0920-545-07-2021', '02-0920-545', '112284', 21, 45728.9, 960322, 100000, 207707, 0, 0, 0, 0, 0, 0, 0, 0, 0, 0, 0, 0, 0, 0, 0, '0', 0, 0, 0, 0, 0, '0', 0, 10, 0, 0, 0, '0', 0, 0, 0, 0, 0, 0, '07', '2021', 'dev', 0, '-', '2021-01-07 04:31:02', '2021-01-07 04:31:02'),
(1697, '02-0818-049-07-2021', '02-0818-049', '112285', 21, 44442.6, 933310, 100000, 209398, 0, 0, 0, 0, 0, 0, 0, 0, 0, 0, 0, 0, 0, 0, 0, '0', 0, 0, 0, 0, 0, '0', 0, 10, 0, 0, 0, '0', 0, 0, 0, 0, 0, 0, '07', '2021', 'dev', 0, '-', '2021-01-07 04:31:02', '2021-01-07 04:31:02'),
(1698, '02-0818-050-07-2021', '02-0818-050', '112286', 21, 43156.3, 906298, 100000, 211090, 0, 0, 0, 0, 0, 0, 0, 0, 0, 0, 0, 0, 0, 0, 0, '0', 0, 0, 0, 0, 0, '0', 0, 10, 0, 0, 0, '0', 0, 0, 0, 0, 0, 0, '07', '2021', 'dev', 0, '-', '2021-01-07 04:31:02', '2021-01-07 04:31:02'),
(1699, '02-1018-065-07-2021', '02-1018-065', '112287', 21, 41870, 879286, 100000, 212782, 0, 0, 0, 0, 0, 0, 0, 0, 0, 0, 0, 0, 0, 0, 0, '0', 0, 0, 0, 0, 0, '0', 0, 10, 0, 0, 0, '0', 0, 0, 0, 0, 0, 0, '07', '2021', 'dev', 0, '-', '2021-01-07 04:31:02', '2021-01-07 04:31:02'),
(1700, '02-1118-081-07-2021', '02-1118-081', '112288', 21, 40583.7, 852274, 100000, 214474, 0, 0, 0, 0, 0, 0, 0, 0, 0, 0, 0, 0, 0, 0, 0, '0', 0, 0, 0, 0, 0, '0', 0, 10, 0, 0, 0, '0', 0, 0, 0, 0, 0, 0, '07', '2021', 'dev', 0, '-', '2021-01-07 04:31:02', '2021-01-07 04:31:02'),
(1701, '02-1218-183-07-2021', '02-1218-183', '112289', 21, 39297.4, 825262, 100000, 216165, 0, 0, 0, 0, 0, 0, 0, 0, 0, 0, 0, 0, 0, 0, 0, '0', 0, 0, 0, 0, 0, '0', 0, 10, 0, 0, 0, '0', 0, 0, 0, 0, 0, 0, '07', '2021', 'dev', 0, '-', '2021-01-07 04:31:02', '2021-01-07 04:31:02'),
(1702, '02-1118-153-07-2021', '02-1118-153', '112290', 21, 38011.1, 798250, 100000, 217857, 0, 0, 0, 0, 0, 0, 0, 0, 0, 0, 0, 0, 0, 0, 0, '0', 0, 0, 0, 0, 0, '0', 0, 10, 0, 0, 0, '0', 0, 0, 0, 0, 0, 0, '07', '2021', 'dev', 0, '-', '2021-01-07 04:31:02', '2021-01-07 04:31:02'),
(1703, '02-1118-147-07-2021', '02-1118-147', '112291', 21, 36724.8, 771238, 100000, 219549, 0, 0, 0, 0, 0, 0, 0, 0, 0, 0, 0, 0, 0, 0, 0, '0', 0, 0, 0, 0, 0, '0', 0, 10, 0, 0, 0, '0', 0, 0, 0, 0, 0, 0, '07', '2021', 'dev', 0, '-', '2021-01-07 04:31:02', '2021-01-07 04:31:02'),
(1704, '02-1118-138-07-2021', '02-1118-138', '112292', 21, 35438.5, 744226, 100000, 221241, 0, 0, 0, 0, 0, 0, 0, 0, 0, 0, 0, 0, 0, 0, 0, '0', 0, 0, 0, 0, 0, '0', 0, 10, 0, 0, 0, '0', 0, 0, 0, 0, 0, 0, '07', '2021', 'dev', 0, '-', '2021-01-07 04:31:02', '2021-01-07 04:31:02'),
(1705, '02-1118-146-07-2021', '02-1118-146', '112293', 21, 34152.2, 717215, 100000, 222932, 0, 0, 0, 0, 0, 0, 0, 0, 0, 0, 0, 0, 0, 0, 0, '0', 0, 0, 0, 0, 0, '0', 0, 10, 0, 0, 0, '0', 0, 0, 0, 0, 0, 0, '07', '2021', 'dev', 0, '-', '2021-01-07 04:31:02', '2021-01-07 04:31:02'),
(1706, '02-1118-129-07-2021', '02-1118-129', '112294', 21, 32865.9, 690203, 100000, 224624, 0, 0, 0, 0, 0, 0, 0, 0, 0, 0, 0, 0, 0, 0, 0, '0', 0, 0, 0, 0, 0, '0', 0, 10, 0, 0, 0, '0', 0, 0, 0, 0, 0, 0, '07', '2021', 'dev', 0, '-', '2021-01-07 04:31:02', '2021-01-07 04:31:02'),
(1707, '02-1118-152-07-2021', '02-1118-152', '112295', 21, 31579.6, 663191, 100000, 226316, 0, 0, 0, 0, 0, 0, 0, 0, 0, 0, 0, 0, 0, 0, 0, '0', 0, 0, 0, 0, 0, '0', 0, 10, 0, 0, 0, '0', 0, 0, 0, 0, 0, 0, '07', '2021', 'dev', 0, '-', '2021-01-07 04:31:02', '2021-01-07 04:31:02'),
(1708, '02-1118-141-07-2021', '02-1118-141', '112296', 21, 30293.3, 636179, 100000, 228008, 0, 0, 0, 0, 0, 0, 0, 0, 0, 0, 0, 0, 0, 0, 0, '0', 0, 0, 0, 0, 0, '0', 0, 10, 0, 0, 0, '0', 0, 0, 0, 0, 0, 0, '07', '2021', 'dev', 0, '-', '2021-01-07 04:31:02', '2021-01-07 04:31:02'),
(1709, '02-1118-145-07-2021', '02-1118-145', '112297', 21, 29007, 609167, 100000, 229699, 0, 0, 0, 0, 0, 0, 0, 0, 0, 0, 0, 0, 0, 0, 0, '0', 0, 0, 0, 0, 0, '0', 0, 10, 0, 0, 0, '0', 0, 0, 0, 0, 0, 0, '07', '2021', 'dev', 0, '-', '2021-01-07 04:31:02', '2021-01-07 04:31:02'),
(1710, '02-1118-159-07-2021', '02-1118-159', '112298', 21, 29007, 609167, 100000, 231391, 0, 0, 0, 0, 0, 0, 0, 0, 0, 0, 0, 0, 0, 0, 0, '0', 0, 0, 0, 0, 0, '0', 0, 10, 0, 0, 0, '0', 0, 0, 0, 0, 0, 0, '07', '2021', 'dev', 0, '-', '2021-01-07 04:31:02', '2021-01-07 04:31:02'),
(1711, '02-1118-139-07-2021', '02-1118-139', '112299', 21, 29007, 609167, 100000, 233083, 0, 0, 0, 0, 0, 0, 0, 0, 0, 0, 0, 0, 0, 0, 0, '0', 0, 0, 0, 0, 0, '0', 0, 10, 0, 0, 0, '0', 0, 0, 0, 0, 0, 0, '07', '2021', 'dev', 0, '-', '2021-01-07 04:31:02', '2021-01-07 04:31:02'),
(1712, '02-1118-161-07-2021', '02-1118-161', '112300', 21, 29007, 609167, 100000, 234774, 0, 0, 0, 0, 0, 0, 0, 0, 0, 0, 0, 0, 0, 0, 0, '0', 0, 0, 0, 0, 0, '0', 0, 10, 0, 0, 0, '0', 0, 0, 0, 0, 0, 0, '07', '2021', 'dev', 0, '-', '2021-01-07 04:31:02', '2021-01-07 04:31:02'),
(1713, '02-1118-156-07-2021', '02-1118-156', '112301', 21, 29007, 609167, 100000, 236466, 0, 0, 0, 0, 0, 0, 0, 0, 0, 0, 0, 0, 0, 0, 0, '0', 0, 0, 0, 0, 0, '0', 0, 10, 0, 0, 0, '0', 0, 0, 0, 0, 0, 0, '07', '2021', 'dev', 0, '-', '2021-01-07 04:31:02', '2021-01-07 04:31:02'),
(1714, '02-1118-143-07-2021', '02-1118-143', '112302', 21, 29007, 609167, 100000, 238158, 0, 0, 0, 0, 0, 0, 0, 0, 0, 0, 0, 0, 0, 0, 0, '0', 0, 0, 0, 0, 0, '0', 0, 10, 0, 0, 0, '0', 0, 0, 0, 0, 0, 0, '07', '2021', 'dev', 0, '-', '2021-01-07 04:31:02', '2021-01-07 04:31:02'),
(1715, '02-1118-134-07-2021', '02-1118-134', '112303', 21, 29007, 609167, 100000, 239850, 0, 0, 0, 0, 0, 0, 0, 0, 0, 0, 0, 0, 0, 0, 0, '0', 0, 0, 0, 0, 0, '0', 0, 10, 0, 0, 0, '0', 0, 0, 0, 0, 0, 0, '07', '2021', 'dev', 0, '-', '2021-01-07 04:31:02', '2021-01-07 04:31:02'),
(1716, '02-1118-132-07-2021', '02-1118-132', '112304', 21, 29007, 609167, 100000, 241541, 0, 0, 0, 0, 0, 0, 0, 0, 0, 0, 0, 0, 0, 0, 0, '0', 0, 0, 0, 0, 0, '0', 0, 10, 0, 0, 0, '0', 0, 0, 0, 0, 0, 0, '07', '2021', 'dev', 0, '-', '2021-01-07 04:31:02', '2021-01-07 04:31:02'),
(1717, '02-1218-179-07-2021', '02-1218-179', '112305', 21, 29007, 609167, 100000, 243233, 0, 0, 0, 0, 0, 0, 0, 0, 0, 0, 0, 0, 0, 0, 0, '0', 0, 0, 0, 0, 0, '0', 0, 10, 0, 0, 0, '0', 0, 0, 0, 0, 0, 0, '07', '2021', 'dev', 0, '-', '2021-01-07 04:31:02', '2021-01-07 04:31:02'),
(1718, '02-1218-213-07-2021', '02-1218-213', '112306', 21, 29007, 609167, 100000, 244925, 0, 0, 0, 0, 0, 0, 0, 0, 0, 0, 0, 0, 0, 0, 0, '0', 0, 0, 0, 0, 0, '0', 0, 10, 0, 0, 0, '0', 0, 0, 0, 0, 0, 0, '07', '2021', 'dev', 0, '-', '2021-01-07 04:31:02', '2021-01-07 04:31:02'),
(1719, '02-1118-158-07-2021', '02-1118-158', '112307', 21, 29007, 609167, 100000, 246617, 0, 0, 0, 0, 0, 0, 0, 0, 0, 0, 0, 0, 0, 0, 0, '0', 0, 0, 0, 0, 0, '0', 0, 10, 0, 0, 0, '0', 0, 0, 0, 0, 0, 0, '07', '2021', 'dev', 0, '-', '2021-01-07 04:31:02', '2021-01-07 04:31:02'),
(1720, '02-1118-154-07-2021', '02-1118-154', '112308', 21, 29007, 609167, 100000, 248308, 0, 0, 0, 0, 0, 0, 0, 0, 0, 0, 0, 0, 0, 0, 0, '0', 0, 0, 0, 0, 0, '0', 0, 10, 0, 0, 0, '0', 0, 0, 0, 0, 0, 0, '07', '2021', 'dev', 0, '-', '2021-01-07 04:31:02', '2021-01-07 04:31:02'),
(1721, '02-1218-193-07-2021', '02-1218-193', '112309', 21, 29007, 609167, 100000, 250000, 0, 0, 0, 0, 0, 0, 0, 0, 0, 0, 0, 0, 0, 0, 0, '0', 0, 0, 0, 0, 0, '0', 0, 10, 0, 0, 0, '0', 0, 0, 0, 0, 0, 0, '07', '2021', 'dev', 0, '-', '2021-01-07 04:31:02', '2021-01-07 04:31:02'),
(1722, '02-1218-202-07-2021', '02-1218-202', '112310', 21, 29007, 609167, 100000, 251692, 0, 0, 0, 0, 0, 0, 0, 0, 0, 0, 0, 0, 0, 0, 0, '0', 0, 0, 0, 0, 0, '0', 0, 10, 0, 0, 0, '0', 0, 0, 0, 0, 0, 0, '07', '2021', 'dev', 0, '-', '2021-01-07 04:31:02', '2021-01-07 04:31:02'),
(1723, '02-1218-186-07-2021', '02-1218-186', '112311', 21, 29007, 609167, 100000, 253383, 0, 0, 0, 0, 0, 0, 0, 0, 0, 0, 0, 0, 0, 0, 0, '0', 0, 0, 0, 0, 0, '0', 0, 10, 0, 0, 0, '0', 0, 0, 0, 0, 0, 0, '07', '2021', 'dev', 0, '-', '2021-01-07 04:31:02', '2021-01-07 04:31:02'),
(1724, '02-1218-197-07-2021', '02-1218-197', '112312', 21, 29007, 609167, 100000, 255075, 0, 0, 0, 0, 0, 0, 0, 0, 0, 0, 0, 0, 0, 0, 0, '0', 0, 0, 0, 0, 0, '0', 0, 10, 0, 0, 0, '0', 0, 0, 0, 0, 0, 0, '07', '2021', 'dev', 0, '-', '2021-01-07 04:31:02', '2021-01-07 04:31:02'),
(1725, '02-1218-192-07-2021', '02-1218-192', '112313', 21, 29007, 609167, 100000, 256767, 0, 0, 0, 0, 0, 0, 0, 0, 0, 0, 0, 0, 0, 0, 0, '0', 0, 0, 0, 0, 0, '0', 0, 10, 0, 0, 0, '0', 0, 0, 0, 0, 0, 0, '07', '2021', 'dev', 0, '-', '2021-01-07 04:31:02', '2021-01-07 04:31:02'),
(1726, '02-1118-127-07-2021', '02-1118-127', '112314', 21, 29007, 609167, 100000, 258459, 0, 0, 0, 0, 0, 0, 0, 0, 0, 0, 0, 0, 0, 0, 0, '0', 0, 0, 0, 0, 0, '0', 0, 10, 0, 0, 0, '0', 0, 0, 0, 0, 0, 0, '07', '2021', 'dev', 0, '-', '2021-01-07 04:31:02', '2021-01-07 04:31:02'),
(1727, '02-1118-151-07-2021', '02-1118-151', '112315', 21, 29007, 609167, 100000, 260150, 0, 0, 0, 0, 0, 0, 0, 0, 0, 0, 0, 0, 0, 0, 0, '0', 0, 0, 0, 0, 0, '0', 0, 10, 0, 0, 0, '0', 0, 0, 0, 0, 0, 0, '07', '2021', 'dev', 0, '-', '2021-01-07 04:31:02', '2021-01-07 04:31:02'),
(1728, '02-1218-178-07-2021', '02-1218-178', '112316', 21, 29007, 609167, 100000, 261842, 0, 0, 0, 0, 0, 0, 0, 0, 0, 0, 0, 0, 0, 0, 0, '0', 0, 0, 0, 0, 0, '0', 0, 10, 0, 0, 0, '0', 0, 0, 0, 0, 0, 0, '07', '2021', 'dev', 0, '-', '2021-01-07 04:31:02', '2021-01-07 04:31:02'),
(1729, '02-1118-173-07-2021', '02-1118-173', '112317', 21, 29007, 609167, 100000, 263534, 0, 0, 0, 0, 0, 0, 0, 0, 0, 0, 0, 0, 0, 0, 0, '0', 0, 0, 0, 0, 0, '0', 0, 10, 0, 0, 0, '0', 0, 0, 0, 0, 0, 0, '07', '2021', 'dev', 0, '-', '2021-01-07 04:31:02', '2021-01-07 04:31:02'),
(1730, '02-1218-225-07-2021', '02-1218-225', '112318', 21, 29007, 609167, 100000, 265226, 0, 0, 0, 0, 0, 0, 0, 0, 0, 0, 0, 0, 0, 0, 0, '0', 0, 0, 0, 0, 0, '0', 0, 10, 0, 0, 0, '0', 0, 0, 0, 0, 0, 0, '07', '2021', 'dev', 0, '-', '2021-01-07 04:31:02', '2021-01-07 04:31:02'),
(1731, '02-1218-234-07-2021', '02-1218-234', '112319', 21, 29007, 609167, 100000, 266917, 0, 0, 0, 0, 0, 0, 0, 0, 0, 0, 0, 0, 0, 0, 0, '0', 0, 0, 0, 0, 0, '0', 0, 10, 0, 0, 0, '0', 0, 0, 0, 0, 0, 0, '07', '2021', 'dev', 0, '-', '2021-01-07 04:31:02', '2021-01-07 04:31:02'),
(1732, '02-1218-238-07-2021', '02-1218-238', '112320', 21, 29007, 609167, 100000, 268609, 0, 0, 0, 0, 0, 0, 0, 0, 0, 0, 0, 0, 0, 0, 0, '0', 0, 0, 0, 0, 0, '0', 0, 10, 0, 0, 0, '0', 0, 0, 0, 0, 0, 0, '07', '2021', 'dev', 0, '-', '2021-01-07 04:31:02', '2021-01-07 04:31:02'),
(1733, '02-1218-236-07-2021', '02-1218-236', '112321', 21, 29007, 609167, 100000, 270301, 0, 0, 0, 0, 0, 0, 0, 0, 0, 0, 0, 0, 0, 0, 0, '0', 0, 0, 0, 0, 0, '0', 0, 10, 0, 0, 0, '0', 0, 0, 0, 0, 0, 0, '07', '2021', 'dev', 0, '-', '2021-01-07 04:31:02', '2021-01-07 04:31:02'),
(1734, '02-1218-240-07-2021', '02-1218-240', '112322', 21, 29007, 609167, 100000, 271992, 0, 0, 0, 0, 0, 0, 0, 0, 0, 0, 0, 0, 0, 0, 0, '0', 0, 0, 0, 0, 0, '0', 0, 10, 0, 0, 0, '0', 0, 0, 0, 0, 0, 0, '07', '2021', 'dev', 0, '-', '2021-01-07 04:31:02', '2021-01-07 04:31:02'),
(1735, '02-1218-239-07-2021', '02-1218-239', '112323', 21, 29007, 609167, 100000, 273684, 0, 0, 0, 0, 0, 0, 0, 0, 0, 0, 0, 0, 0, 0, 0, '0', 0, 0, 0, 0, 0, '0', 0, 10, 0, 0, 0, '0', 0, 0, 0, 0, 0, 0, '07', '2021', 'dev', 0, '-', '2021-01-07 04:31:02', '2021-01-07 04:31:02'),
(1736, '02-1218-237-07-2021', '02-1218-237', '112324', 21, 29007, 609167, 100000, 275376, 0, 0, 0, 0, 0, 0, 0, 0, 0, 0, 0, 0, 0, 0, 0, '0', 0, 0, 0, 0, 0, '0', 0, 10, 0, 0, 0, '0', 0, 0, 0, 0, 0, 0, '07', '2021', 'dev', 0, '-', '2021-01-07 04:31:02', '2021-01-07 04:31:02'),
(1737, '02-1218-243-07-2021', '02-1218-243', '112325', 21, 29007, 609167, 100000, 277068, 0, 0, 0, 0, 0, 0, 0, 0, 0, 0, 0, 0, 0, 0, 0, '0', 0, 0, 0, 0, 0, '0', 0, 10, 0, 0, 0, '0', 0, 0, 0, 0, 0, 0, '07', '2021', 'dev', 0, '-', '2021-01-07 04:31:02', '2021-01-07 04:31:02'),
(1738, '02-0119-258-07-2021', '02-0119-258', '112326', 21, 29008, 609167, 100000, 278759, 20000, 300000, 100000, 150000, 200000, 21, 10, 70000, 120000, 0, 0, 10000, 0, 0, 0, '0', 24366.7, 6091.67, 0, 0, 0, '0', 25828.7, 12183.3, 0, 0, 0, '0', 0, 0, 0, 0, 0, 0, '07', '2021', 'dev', 0, '-', '2021-01-07 04:31:02', '2021-01-07 04:31:02'),
(1739, '02-0119-265-07-2021', '02-0119-265', '112327', 21, 29008, 609167, 100000, 280451, 120000, 150000, 20000, 100000, 200000, 20, 20, 70000, 150000, 20000, 0, 75000, 0, 0, 0, '0', 24366.7, 6091.67, 0, 0, 0, '0', 25828.7, 12183.3, 0, 0, 0, '0', 0, 0, 0, 0, 0, 0, '07', '2021', 'dev', 0, '-', '2021-01-07 04:31:02', '2021-01-07 04:31:02'),
(1740, '02-0419-285-07-2021', '02-0419-285', '112328', 21, 29007, 609167, 100000, 282143, 0, 0, 0, 0, 0, 0, 0, 0, 0, 0, 0, 0, 0, 0, 0, '0', 0, 0, 0, 0, 0, '0', 0, 10, 0, 0, 0, '0', 0, 0, 0, 0, 0, 0, '07', '2021', 'dev', 0, '-', '2021-01-07 04:31:02', '2021-01-07 04:31:02'),
(1741, '02-0419-286-07-2021', '02-0419-286', '112329', 21, 29007, 609167, 100000, 283835, 0, 0, 0, 0, 0, 0, 0, 0, 0, 0, 0, 0, 0, 0, 0, '0', 0, 0, 0, 0, 0, '0', 0, 10, 0, 0, 0, '0', 0, 0, 0, 0, 0, 0, '07', '2021', 'dev', 0, '-', '2021-01-07 04:31:02', '2021-01-07 04:31:02'),
(1742, '02-0820-532-07-2021', '02-0820-532', '112330', 21, 29007, 609167, 100000, 285526, 0, 0, 0, 0, 0, 0, 0, 0, 0, 0, 0, 0, 0, 0, 0, '0', 0, 0, 0, 0, 0, '0', 0, 10, 0, 0, 0, '0', 0, 0, 0, 0, 0, 0, '07', '2021', 'dev', 0, '-', '2021-01-07 04:31:02', '2021-01-07 04:31:02'),
(1743, '02-0919-418-07-2021', '02-0919-418', '112331', 21, 29007, 609167, 100000, 287218, 0, 0, 0, 0, 0, 0, 0, 0, 0, 0, 0, 0, 0, 0, 0, '0', 0, 0, 0, 0, 0, '0', 0, 10, 0, 0, 0, '0', 0, 0, 0, 0, 0, 0, '07', '2021', 'dev', 0, '-', '2021-01-07 04:31:02', '2021-01-07 04:31:02'),
(1744, '02-0919-422-07-2021', '02-0919-422', '112332', 21, 29007, 609167, 100000, 288910, 0, 0, 0, 0, 0, 0, 0, 0, 0, 0, 0, 0, 0, 0, 0, '0', 0, 0, 0, 0, 0, '0', 0, 10, 0, 0, 0, '0', 0, 0, 0, 0, 0, 0, '07', '2021', 'dev', 0, '-', '2021-01-07 04:31:02', '2021-01-07 04:31:02'),
(1745, '02-0919-420-07-2021', '02-0919-420', '112333', 21, 29007, 609167, 100000, 290602, 0, 0, 0, 0, 0, 0, 0, 0, 0, 0, 0, 0, 0, 0, 0, '0', 0, 0, 0, 0, 0, '0', 0, 10, 0, 0, 0, '0', 0, 0, 0, 0, 0, 0, '07', '2021', 'dev', 0, '-', '2021-01-07 04:31:02', '2021-01-07 04:31:02'),
(1746, '02-0919-421-07-2021', '02-0919-421', '112334', 21, 29007, 609167, 100000, 292293, 0, 0, 0, 0, 0, 0, 0, 0, 0, 0, 0, 0, 0, 0, 0, '0', 0, 0, 0, 0, 0, '0', 0, 10, 0, 0, 0, '0', 0, 0, 0, 0, 0, 0, '07', '2021', 'dev', 0, '-', '2021-01-07 04:31:02', '2021-01-07 04:31:02'),
(1747, '02-1019-425-07-2021', '02-1019-425', '112335', 21, 29007, 609167, 100000, 293985, 0, 0, 0, 0, 0, 0, 0, 0, 0, 0, 0, 0, 0, 0, 0, '0', 0, 0, 0, 0, 0, '0', 0, 10, 0, 0, 0, '0', 0, 0, 0, 0, 0, 0, '07', '2021', 'dev', 0, '-', '2021-01-07 04:31:02', '2021-01-07 04:31:02'),
(1748, '02-0820-531-07-2021', '02-0820-531', '112336', 21, 29007, 609167, 100000, 295677, 0, 0, 0, 0, 0, 0, 0, 0, 0, 0, 0, 0, 0, 0, 0, '0', 0, 0, 0, 0, 0, '0', 0, 10, 0, 0, 0, '0', 0, 0, 0, 0, 0, 0, '07', '2021', 'dev', 0, '-', '2021-01-07 04:31:02', '2021-01-07 04:31:02'),
(1749, '02-0820-533-07-2021', '02-0820-533', '112337', 21, 29007, 609167, 100000, 297368, 0, 0, 0, 0, 0, 0, 0, 0, 0, 0, 0, 0, 0, 0, 0, '0', 0, 0, 0, 0, 0, '0', 0, 10, 0, 0, 0, '0', 0, 0, 0, 0, 0, 0, '07', '2021', 'dev', 0, '-', '2021-01-07 04:31:02', '2021-01-07 04:31:02'),
(1750, '02-0820-530-07-2021', '02-0820-530', '112338', 21, 29007, 609167, 100000, 299060, 0, 0, 0, 0, 0, 0, 0, 0, 0, 0, 0, 0, 0, 0, 0, '0', 0, 0, 0, 0, 0, '0', 0, 10, 0, 0, 0, '0', 0, 0, 0, 0, 0, 0, '07', '2021', 'dev', 0, '-', '2021-01-07 04:31:02', '2021-01-07 04:31:02'),
(1751, '02-1219-483-07-2021', '02-1219-483', '112339', 21, 29007, 609167, 100000, 300752, 0, 0, 0, 0, 0, 0, 0, 0, 0, 0, 0, 0, 0, 0, 0, '0', 0, 0, 0, 0, 0, '0', 0, 10, 0, 0, 0, '0', 0, 0, 0, 0, 0, 0, '07', '2021', 'dev', 0, '-', '2021-01-07 04:31:02', '2021-01-07 04:31:02'),
(1752, '02-0220-514-07-2021', '02-0220-514', '112340', 21, 29007, 609167, 100000, 302444, 0, 0, 0, 0, 0, 0, 0, 0, 0, 0, 0, 0, 0, 0, 0, '0', 0, 0, 0, 0, 0, '0', 0, 10, 0, 0, 0, '0', 0, 0, 0, 0, 0, 0, '07', '2021', 'dev', 0, '-', '2021-01-07 04:31:02', '2021-01-07 04:31:02'),
(1753, '02-0320-519-07-2021', '02-0320-519', '112341', 21, 29007, 609167, 100000, 304135, 0, 0, 0, 0, 0, 0, 0, 0, 0, 0, 0, 0, 0, 0, 0, '0', 0, 0, 0, 0, 0, '0', 0, 10, 0, 0, 0, '0', 0, 0, 0, 0, 0, 0, '07', '2021', 'dev', 0, '-', '2021-01-07 04:31:02', '2021-01-07 04:31:02'),
(1754, '02-0320-520-07-2021', '02-0320-520', '112342', 21, 29007, 609167, 100000, 305827, 0, 0, 0, 0, 0, 0, 0, 0, 0, 0, 0, 0, 0, 0, 0, '0', 0, 0, 0, 0, 0, '0', 0, 10, 0, 0, 0, '0', 0, 0, 0, 0, 0, 0, '07', '2021', 'dev', 0, '-', '2021-01-07 04:31:02', '2021-01-07 04:31:02'),
(1755, '02-0320-525-07-2021', '02-0320-525', '112343', 21, 29007, 609167, 100000, 307519, 0, 0, 0, 0, 0, 0, 0, 0, 0, 0, 0, 0, 0, 0, 0, '0', 0, 0, 0, 0, 0, '0', 0, 10, 0, 0, 0, '0', 0, 0, 0, 0, 0, 0, '07', '2021', 'dev', 0, '-', '2021-01-07 04:31:02', '2021-01-07 04:31:02'),
(1756, '02-0320-527-07-2021', '02-0320-527', '112344', 21, 29007, 609167, 100000, 309211, 0, 0, 0, 0, 0, 0, 0, 0, 0, 0, 0, 0, 0, 0, 0, '0', 0, 0, 0, 0, 0, '0', 0, 10, 0, 0, 0, '0', 0, 0, 0, 0, 0, 0, '07', '2021', 'dev', 0, '-', '2021-01-07 04:31:02', '2021-01-07 04:31:02'),
(1757, '02-0320-528-07-2021', '02-0320-528', '112345', 21, 29007, 609167, 100000, 310902, 0, 0, 0, 0, 0, 0, 0, 0, 0, 0, 0, 0, 0, 0, 0, '0', 0, 0, 0, 0, 0, '0', 0, 10, 0, 0, 0, '0', 0, 0, 0, 0, 0, 0, '07', '2021', 'dev', 0, '-', '2021-01-07 04:31:02', '2021-01-07 04:31:02'),
(1758, '02-1219-501-07-2021', '02-1219-501', '112346', 21, 29007, 609167, 100000, 312594, 0, 0, 0, 0, 0, 0, 0, 0, 0, 0, 0, 0, 0, 0, 0, '0', 0, 0, 0, 0, 0, '0', 0, 10, 0, 0, 0, '0', 0, 0, 0, 0, 0, 0, '07', '2021', 'dev', 0, '-', '2021-01-07 04:31:02', '2021-01-07 04:31:02'),
(1759, '02-0719-359-07-2021', '02-0719-359', '112347', 21, 29007, 609167, 100000, 314286, 0, 0, 0, 0, 0, 0, 0, 0, 0, 0, 0, 0, 0, 0, 0, '0', 0, 0, 0, 0, 0, '0', 0, 10, 0, 0, 0, '0', 0, 0, 0, 0, 0, 0, '07', '2021', 'dev', 0, '-', '2021-01-07 04:31:02', '2021-01-07 04:31:02'),
(1760, '02-0719-349-07-2021', '02-0719-349', '112348', 21, 29007, 609167, 100000, 315977, 0, 0, 0, 0, 0, 0, 0, 0, 0, 0, 0, 0, 0, 0, 0, '0', 0, 0, 0, 0, 0, '0', 0, 10, 0, 0, 0, '0', 0, 0, 0, 0, 0, 0, '07', '2021', 'dev', 0, '-', '2021-01-07 04:31:02', '2021-01-07 04:31:02'),
(1761, '02-0719-384-07-2021', '02-0719-384', '112349', 21, 29007, 609167, 100000, 317669, 0, 0, 0, 0, 0, 0, 0, 0, 0, 0, 0, 0, 0, 0, 0, '0', 0, 0, 0, 0, 0, '0', 0, 10, 0, 0, 0, '0', 0, 0, 0, 0, 0, 0, '07', '2021', 'dev', 0, '-', '2021-01-07 04:31:02', '2021-01-07 04:31:02'),
(1762, '02-1219-488-07-2021', '02-1219-488', '112350', 21, 29007, 609167, 100000, 319361, 0, 0, 0, 0, 0, 0, 0, 0, 0, 0, 0, 0, 0, 0, 0, '0', 0, 0, 0, 0, 0, '0', 0, 10, 0, 0, 0, '0', 0, 0, 0, 0, 0, 0, '07', '2021', 'dev', 0, '-', '2021-01-07 04:31:02', '2021-01-07 04:31:02'),
(1763, '02-0719-383-07-2021', '02-0719-383', '112351', 21, 29007, 609167, 100000, 321053, 0, 0, 0, 0, 0, 0, 0, 0, 0, 0, 0, 0, 0, 0, 0, '0', 0, 0, 0, 0, 0, '0', 0, 10, 0, 0, 0, '0', 0, 0, 0, 0, 0, 0, '07', '2021', 'dev', 0, '-', '2021-01-07 04:31:02', '2021-01-07 04:31:02'),
(1764, '02-0719-381-07-2021', '02-0719-381', '112352', 21, 29007, 609167, 100000, 322744, 0, 0, 0, 0, 0, 0, 0, 0, 0, 0, 0, 0, 0, 0, 0, '0', 0, 0, 0, 0, 0, '0', 0, 10, 0, 0, 0, '0', 0, 0, 0, 0, 0, 0, '07', '2021', 'dev', 0, '-', '2021-01-07 04:31:02', '2021-01-07 04:31:02'),
(1765, '02-0719-385-07-2021', '02-0719-385', '112353', 21, 29007, 609167, 100000, 324436, 0, 0, 0, 0, 0, 0, 0, 0, 0, 0, 0, 0, 0, 0, 0, '0', 0, 0, 0, 0, 0, '0', 0, 10, 0, 0, 0, '0', 0, 0, 0, 0, 0, 0, '07', '2021', 'dev', 0, '-', '2021-01-07 04:31:02', '2021-01-07 04:31:02'),
(1766, '02-0719-379-07-2021', '02-0719-379', '112354', 21, 29007, 609167, 100000, 326128, 0, 0, 0, 0, 0, 0, 0, 0, 0, 0, 0, 0, 0, 0, 0, '0', 0, 0, 0, 0, 0, '0', 0, 10, 0, 0, 0, '0', 0, 0, 0, 0, 0, 0, '07', '2021', 'dev', 0, '-', '2021-01-07 04:31:02', '2021-01-07 04:31:02'),
(1767, '02-0719-362-07-2021', '02-0719-362', '112355', 21, 29007, 609167, 100000, 327820, 0, 0, 0, 0, 0, 0, 0, 0, 0, 0, 0, 0, 0, 0, 0, '0', 0, 0, 0, 0, 0, '0', 0, 10, 0, 0, 0, '0', 0, 0, 0, 0, 0, 0, '07', '2021', 'dev', 0, '-', '2021-01-07 04:31:02', '2021-01-07 04:31:02'),
(1768, '02-0719-386-07-2021', '02-0719-386', '112356', 21, 29007, 609167, 100000, 329511, 0, 0, 0, 0, 0, 0, 0, 0, 0, 0, 0, 0, 0, 0, 0, '0', 0, 0, 0, 0, 0, '0', 0, 10, 0, 0, 0, '0', 0, 0, 0, 0, 0, 0, '07', '2021', 'dev', 0, '-', '2021-01-07 04:31:02', '2021-01-07 04:31:02'),
(1769, '02-0920-543-07-2021', '02-0920-543', '112357', 21, 29007, 609167, 100000, 331203, 0, 0, 0, 0, 0, 0, 0, 0, 0, 0, 0, 0, 0, 0, 0, '0', 0, 0, 0, 0, 0, '0', 0, 10, 0, 0, 0, '0', 0, 0, 0, 0, 0, 0, '07', '2021', 'dev', 0, '-', '2021-01-07 04:31:02', '2021-01-07 04:31:02'),
(1770, '02-1018-066-07-2021', '02-1018-066', '112358', 21, 29007, 609167, 100000, 332895, 0, 0, 0, 0, 0, 0, 0, 0, 0, 0, 0, 0, 0, 0, 0, '0', 0, 0, 0, 0, 0, '0', 0, 10, 0, 0, 0, '0', 0, 0, 0, 0, 0, 0, '07', '2021', 'dev', 0, '-', '2021-01-07 04:31:02', '2021-01-07 04:31:02'),
(1771, '02-0418-010-07-2021', '02-0418-010', '112359', 21, 29007, 609167, 100000, 334586, 0, 0, 0, 0, 0, 0, 0, 0, 0, 0, 0, 0, 0, 0, 0, '0', 0, 0, 0, 0, 0, '0', 0, 10, 0, 0, 0, '0', 0, 0, 0, 0, 0, 0, '07', '2021', 'dev', 0, '-', '2021-01-07 04:31:02', '2021-01-07 04:31:02'),
(1772, '01-1117-008-07-2021', '01-1117-008', '112360', 21, 29008, 609167, 100000, 336278, 200000, 300000, 300000, 50000, 150000, 21, 7, 20000, 120000, 50000, 75000, 30000, 0, 0, 0, '0', 24366.7, 6091.67, 0, 0, 0, '0', 25828.7, 12183.3, 0, 0, 0, '0', 0, 0, 0, 0, 0, 0, '07', '2021', 'dev', 0, '-', '2021-01-07 04:31:02', '2021-01-07 04:31:02'),
(1773, '02-0418-011-07-2021', '02-0418-011', '112361', 21, 29007, 609167, 100000, 337970, 0, 0, 0, 0, 0, 0, 0, 0, 0, 0, 0, 0, 0, 0, 0, '0', 0, 0, 0, 0, 0, '0', 0, 10, 0, 0, 0, '0', 0, 0, 0, 0, 0, 0, '07', '2021', 'dev', 0, '-', '2021-01-07 04:31:02', '2021-01-07 04:31:02'),
(1774, '02-0718-035-07-2021', '02-0718-035', '112362', 21, 29007, 609167, 100000, 339662, 0, 0, 0, 0, 0, 0, 0, 0, 0, 0, 0, 0, 0, 0, 0, '0', 0, 0, 0, 0, 0, '0', 0, 10, 0, 0, 0, '0', 0, 0, 0, 0, 0, 0, '07', '2021', 'dev', 0, '-', '2021-01-07 04:31:02', '2021-01-07 04:31:02'),
(1775, '02-0718-034-07-2021', '02-0718-034', '112363', 21, 29007, 609167, 100000, 341353, 0, 0, 0, 0, 0, 0, 0, 0, 0, 0, 0, 0, 0, 0, 0, '0', 0, 0, 0, 0, 0, '0', 0, 10, 0, 0, 0, '0', 0, 0, 0, 0, 0, 0, '07', '2021', 'dev', 0, '-', '2021-01-07 04:31:02', '2021-01-07 04:31:02'),
(1776, '02-0920-541-07-2021', '02-0920-541', '112364', 21, 29007, 609167, 100000, 343045, 0, 0, 0, 0, 0, 0, 0, 0, 0, 0, 0, 0, 0, 0, 0, '0', 0, 0, 0, 0, 0, '0', 0, 10, 0, 0, 0, '0', 0, 0, 0, 0, 0, 0, '07', '2021', 'dev', 0, '-', '2021-01-07 04:31:02', '2021-01-07 04:31:02'),
(1777, '02-0920-538-07-2021', '02-0920-538', '112365', 21, 29007, 609167, 100000, 344737, 0, 0, 0, 0, 0, 0, 0, 0, 0, 0, 0, 0, 0, 0, 0, '0', 0, 0, 0, 0, 0, '0', 0, 10, 0, 0, 0, '0', 0, 0, 0, 0, 0, 0, '07', '2021', 'dev', 0, '-', '2021-01-07 04:31:02', '2021-01-07 04:31:02'),
(1778, '02-0920-539-07-2021', '02-0920-539', '112366', 21, 29007, 609167, 100000, 346429, 0, 0, 0, 0, 0, 0, 0, 0, 0, 0, 0, 0, 0, 0, 0, '0', 0, 0, 0, 0, 0, '0', 0, 10, 0, 0, 0, '0', 0, 0, 0, 0, 0, 0, '07', '2021', 'dev', 0, '-', '2021-01-07 04:31:02', '2021-01-07 04:31:02'),
(1779, '02-0920-540-07-2021', '02-0920-540', '112367', 21, 29007, 609167, 100000, 348120, 0, 0, 0, 0, 0, 0, 0, 0, 0, 0, 0, 0, 0, 0, 0, '0', 0, 0, 0, 0, 0, '0', 0, 10, 0, 0, 0, '0', 0, 0, 0, 0, 0, 0, '07', '2021', 'dev', 0, '-', '2021-01-07 04:31:02', '2021-01-07 04:31:02'),
(1780, '02-0718-037-07-2021', '02-0718-037', '112368', 21, 29007, 609167, 100000, 349812, 0, 0, 0, 0, 0, 0, 0, 0, 0, 0, 0, 0, 0, 0, 0, '0', 0, 0, 0, 0, 0, '0', 0, 10, 0, 0, 0, '0', 0, 0, 0, 0, 0, 0, '07', '2021', 'dev', 0, '-', '2021-01-07 04:31:02', '2021-01-07 04:31:02'),
(1781, '02-0920-537-07-2021', '02-0920-537', '112369', 21, 29007, 609167, 100000, 351504, 0, 0, 0, 0, 0, 0, 0, 0, 0, 0, 0, 0, 0, 0, 0, '0', 0, 0, 0, 0, 0, '0', 0, 10, 0, 0, 0, '0', 0, 0, 0, 0, 0, 0, '07', '2021', 'dev', 0, '-', '2021-01-07 04:31:02', '2021-01-07 04:31:02'),
(1782, '02-0920-536-07-2021', '02-0920-536', '112370', 21, 29007, 609167, 100000, 353196, 0, 0, 0, 0, 0, 0, 0, 0, 0, 0, 0, 0, 0, 0, 0, '0', 0, 0, 0, 0, 0, '0', 0, 10, 0, 0, 0, '0', 0, 0, 0, 0, 0, 0, '07', '2021', 'dev', 0, '-', '2021-01-07 04:31:02', '2021-01-07 04:31:02'),
(1783, '02-0920-535-07-2021', '02-0920-535', '112371', 21, 29007, 609167, 100000, 354887, 0, 0, 0, 0, 0, 0, 0, 0, 0, 0, 0, 0, 0, 0, 0, '0', 0, 0, 0, 0, 0, '0', 0, 10, 0, 0, 0, '0', 0, 0, 0, 0, 0, 0, '07', '2021', 'dev', 0, '-', '2021-01-07 04:31:02', '2021-01-07 04:31:02'),
(1784, '01-0117-006-07-2021', '01-0117-006', '998877665544', 21, 109524, 2300000, 100000, 356579, 100000, 0, 100000, 100000, 100000, 7, 7, 8, 150000, 50000, 300000, 20000, 0, 0, 0, '0', 92000, 23000, 0, 0, 0, '0', 97520, 46000, 0, 0, 0, '0', 0, 0, 50000, 350000, 0, 0, '07', '2021', 'dev', 0, '-', '2021-01-07 04:31:02', '2021-01-07 04:31:02'),
(1785, '02-0920-542-07-2021', '02-0920-542', '112373', 21, 29007, 609167, 100000, 358271, 0, 0, 0, 0, 0, 0, 0, 0, 0, 0, 0, 0, 0, 0, 0, '0', 0, 0, 0, 0, 0, '0', 0, 10, 0, 0, 0, '0', 0, 0, 0, 0, 0, 0, '07', '2021', 'dev', 0, '-', '2021-01-07 04:31:02', '2021-01-07 04:31:02'),
(1786, '02-0818-047-07-2021', '02-0818-047', '112374', 21, 29007, 609167, 100000, 359962, 0, 0, 0, 0, 0, 0, 0, 0, 0, 0, 0, 0, 0, 0, 0, '0', 0, 0, 0, 0, 0, '0', 0, 10, 0, 0, 0, '0', 0, 0, 0, 0, 0, 0, '07', '2021', 'dev', 0, '-', '2021-01-07 04:31:02', '2021-01-07 04:31:02'),
(1787, '02-0920-570-07-2021', '02-0920-570', '112375', 21, 29007, 609167, 100000, 361654, 0, 0, 0, 0, 0, 0, 0, 0, 0, 0, 0, 0, 0, 0, 0, '0', 0, 0, 0, 0, 0, '0', 0, 10, 0, 0, 0, '0', 0, 0, 0, 0, 0, 0, '07', '2021', 'dev', 0, '-', '2021-01-07 04:31:02', '2021-01-07 04:31:02'),
(1788, '02-0818-053-07-2021', '02-0818-053', '112376', 21, 29007, 609167, 100000, 363346, 0, 0, 0, 0, 0, 0, 0, 0, 0, 0, 0, 0, 0, 0, 0, '0', 0, 0, 0, 0, 0, '0', 0, 10, 0, 0, 0, '0', 0, 0, 0, 0, 0, 0, '07', '2021', 'dev', 0, '-', '2021-01-07 04:31:02', '2021-01-07 04:31:02'),
(1789, '02-0918-060-07-2021', '02-0918-060', '112377', 21, 29007, 609167, 100000, 365038, 0, 0, 0, 0, 0, 0, 0, 0, 0, 0, 0, 0, 0, 0, 0, '0', 0, 0, 0, 0, 0, '0', 0, 10, 0, 0, 0, '0', 0, 0, 0, 0, 0, 0, '07', '2021', 'dev', 0, '-', '2021-01-07 04:31:02', '2021-01-07 04:31:02'),
(1790, '02-1018-070-07-2021', '02-1018-070', '112378', 21, 29007, 609167, 100000, 366729, 0, 0, 0, 0, 0, 0, 0, 0, 0, 0, 0, 0, 0, 0, 0, '0', 0, 0, 0, 0, 0, '0', 0, 10, 0, 0, 0, '0', 0, 0, 0, 0, 0, 0, '07', '2021', 'dev', 0, '-', '2021-01-07 04:31:02', '2021-01-07 04:31:02'),
(1791, '02-1118-096-07-2021', '02-1118-096', '112379', 21, 29007, 609167, 100000, 368421, 0, 0, 0, 0, 0, 0, 0, 0, 0, 0, 0, 0, 0, 0, 0, '0', 0, 0, 0, 0, 0, '0', 0, 10, 0, 0, 0, '0', 0, 0, 0, 0, 0, 0, '07', '2021', 'dev', 0, '-', '2021-01-07 04:31:02', '2021-01-07 04:31:02'),
(1792, '02-1118-095-07-2021', '02-1118-095', '112380', 21, 29007, 609167, 100000, 370113, 0, 0, 0, 0, 0, 0, 0, 0, 0, 0, 0, 0, 0, 0, 0, '0', 0, 0, 0, 0, 0, '0', 0, 10, 0, 0, 0, '0', 0, 0, 0, 0, 0, 0, '07', '2021', 'dev', 0, '-', '2021-01-07 04:31:02', '2021-01-07 04:31:02'),
(1793, '02-1118-097-07-2021', '02-1118-097', '112381', 21, 29007, 609167, 100000, 371804, 0, 0, 0, 0, 0, 0, 0, 0, 0, 0, 0, 0, 0, 0, 0, '0', 0, 0, 0, 0, 0, '0', 0, 10, 0, 0, 0, '0', 0, 0, 0, 0, 0, 0, '07', '2021', 'dev', 0, '-', '2021-01-07 04:31:02', '2021-01-07 04:31:02'),
(1794, '02-1118-160-07-2021', '02-1118-160', '112382', 21, 29007, 609167, 100000, 373496, 0, 0, 0, 0, 0, 0, 0, 0, 0, 0, 0, 0, 0, 0, 0, '0', 0, 0, 0, 0, 0, '0', 0, 10, 0, 0, 0, '0', 0, 0, 0, 0, 0, 0, '07', '2021', 'dev', 0, '-', '2021-01-07 04:31:02', '2021-01-07 04:31:02'),
(1795, '02-1218-195-07-2021', '02-1218-195', '112383', 21, 29007, 609167, 100000, 375188, 0, 0, 0, 0, 0, 0, 0, 0, 0, 0, 0, 0, 0, 0, 0, '0', 0, 0, 0, 0, 0, '0', 0, 10, 0, 0, 0, '0', 0, 0, 0, 0, 0, 0, '07', '2021', 'dev', 0, '-', '2021-01-07 04:31:02', '2021-01-07 04:31:02'),
(1796, '02-0319-272-07-2021', '02-0319-272', '112384', 21, 29007, 609167, 100000, 376880, 0, 0, 0, 0, 0, 0, 0, 0, 0, 0, 0, 0, 0, 0, 0, '0', 0, 0, 0, 0, 0, '0', 0, 10, 0, 0, 0, '0', 0, 0, 0, 0, 0, 0, '07', '2021', 'dev', 0, '-', '2021-01-07 04:31:02', '2021-01-07 04:31:02'),
(1797, '02-0319-281-07-2021', '02-0319-281', '112385', 21, 29007, 609167, 100000, 378571, 0, 0, 0, 0, 0, 0, 0, 0, 0, 0, 0, 0, 0, 0, 0, '0', 0, 0, 0, 0, 0, '0', 0, 10, 0, 0, 0, '0', 0, 0, 0, 0, 0, 0, '07', '2021', 'dev', 0, '-', '2021-01-07 04:31:02', '2021-01-07 04:31:02'),
(1798, '02-0619-309-07-2021', '02-0619-309', '112386', 21, 29007, 609167, 100000, 380263, 0, 0, 0, 0, 0, 0, 0, 0, 0, 0, 0, 0, 0, 0, 0, '0', 0, 0, 0, 0, 0, '0', 0, 10, 0, 0, 0, '0', 0, 0, 0, 0, 0, 0, '07', '2021', 'dev', 0, '-', '2021-01-07 04:31:02', '2021-01-07 04:31:02'),
(1799, '02-0819-395-07-2021', '02-0819-395', '112387', 21, 29007, 609167, 100000, 381955, 0, 0, 0, 0, 0, 0, 0, 0, 0, 0, 0, 0, 0, 0, 0, '0', 0, 0, 0, 0, 0, '0', 0, 10, 0, 0, 0, '0', 0, 0, 0, 0, 0, 0, '07', '2021', 'dev', 0, '-', '2021-01-07 04:31:02', '2021-01-07 04:31:02'),
(1800, '02-0819-392-07-2021', '02-0819-392', '112388', 21, 29007, 609167, 100000, 383647, 0, 0, 0, 0, 0, 0, 0, 0, 0, 0, 0, 0, 0, 0, 0, '0', 0, 0, 0, 0, 0, '0', 0, 10, 0, 0, 0, '0', 0, 0, 0, 0, 0, 0, '07', '2021', 'dev', 0, '-', '2021-01-07 04:31:02', '2021-01-07 04:31:02'),
(1801, '02-0819-390-07-2021', '02-0819-390', '112389', 21, 29007, 609167, 100000, 385338, 0, 0, 0, 0, 0, 0, 0, 0, 0, 0, 0, 0, 0, 0, 0, '0', 0, 0, 0, 0, 0, '0', 0, 10, 0, 0, 0, '0', 0, 0, 0, 0, 0, 0, '07', '2021', 'dev', 0, '-', '2021-01-07 04:31:02', '2021-01-07 04:31:02'),
(1802, '02-0919-410-07-2021', '02-0919-410', '112390', 21, 29007, 609167, 100000, 387030, 0, 0, 0, 0, 0, 0, 0, 0, 0, 0, 0, 0, 0, 0, 0, '0', 0, 0, 0, 0, 0, '0', 0, 10, 0, 0, 0, '0', 0, 0, 0, 0, 0, 0, '07', '2021', 'dev', 0, '-', '2021-01-07 04:31:02', '2021-01-07 04:31:02'),
(1803, '02-0919-412-07-2021', '02-0919-412', '112391', 21, 29007, 609167, 100000, 388722, 0, 0, 0, 0, 0, 0, 0, 0, 0, 0, 0, 0, 0, 0, 0, '0', 0, 0, 0, 0, 0, '0', 0, 10, 0, 0, 0, '0', 0, 0, 0, 0, 0, 0, '07', '2021', 'dev', 0, '-', '2021-01-07 04:31:02', '2021-01-07 04:31:02'),
(1804, '02-0919-415-07-2021', '02-0919-415', '112392', 21, 29007, 609167, 100000, 390414, 0, 0, 0, 0, 0, 0, 0, 0, 0, 0, 0, 0, 0, 0, 0, '0', 0, 0, 0, 0, 0, '0', 0, 10, 0, 0, 0, '0', 0, 0, 0, 0, 0, 0, '07', '2021', 'dev', 0, '-', '2021-01-07 04:31:02', '2021-01-07 04:31:02'),
(1805, '02-0619-317-07-2021', '02-0619-317', '112393', 21, 29007, 609167, 100000, 392105, 0, 0, 0, 0, 0, 0, 0, 0, 0, 0, 0, 0, 0, 0, 0, '0', 0, 0, 0, 0, 0, '0', 0, 10, 0, 0, 0, '0', 0, 0, 0, 0, 0, 0, '07', '2021', 'dev', 0, '-', '2021-01-07 04:31:02', '2021-01-07 04:31:02'),
(1806, '02-1019-426-07-2021', '02-1019-426', '112394', 21, 29007, 609167, 100000, 393797, 0, 0, 0, 0, 0, 0, 0, 0, 0, 0, 0, 0, 0, 0, 0, '0', 0, 0, 0, 0, 0, '0', 0, 10, 0, 0, 0, '0', 0, 0, 0, 0, 0, 0, '07', '2021', 'dev', 0, '-', '2021-01-07 04:31:02', '2021-01-07 04:31:02'),
(1807, '02-1019-432-07-2021', '02-1019-432', '112395', 21, 29007, 609167, 100000, 395489, 0, 0, 0, 0, 0, 0, 0, 0, 0, 0, 0, 0, 0, 0, 0, '0', 0, 0, 0, 0, 0, '0', 0, 10, 0, 0, 0, '0', 0, 0, 0, 0, 0, 0, '07', '2021', 'dev', 0, '-', '2021-01-07 04:31:02', '2021-01-07 04:31:02'),
(1808, '02-1019-433-07-2021', '02-1019-433', '112396', 21, 29007, 609167, 100000, 397180, 0, 0, 0, 0, 0, 0, 0, 0, 0, 0, 0, 0, 0, 0, 0, '0', 0, 0, 0, 0, 0, '0', 0, 10, 0, 0, 0, '0', 0, 0, 0, 0, 0, 0, '07', '2021', 'dev', 0, '-', '2021-01-07 04:31:02', '2021-01-07 04:31:02'),
(1809, '02-1019-434-07-2021', '02-1019-434', '112397', 21, 29007, 609167, 100000, 398872, 0, 0, 0, 0, 0, 0, 0, 0, 0, 0, 0, 0, 0, 0, 0, '0', 0, 0, 0, 0, 0, '0', 0, 10, 0, 0, 0, '0', 0, 0, 0, 0, 0, 0, '07', '2021', 'dev', 0, '-', '2021-01-07 04:31:02', '2021-01-07 04:31:02'),
(1810, '02-1119-447-07-2021', '02-1119-447', '112398', 21, 29007, 609167, 100000, 400564, 0, 0, 0, 0, 0, 0, 0, 0, 0, 0, 0, 0, 0, 0, 0, '0', 0, 0, 0, 0, 0, '0', 0, 10, 0, 0, 0, '0', 0, 0, 0, 0, 0, 0, '07', '2021', 'dev', 0, '-', '2021-01-07 04:31:02', '2021-01-07 04:31:02'),
(1811, '02-1119-448-07-2021', '02-1119-448', '112399', 21, 29007, 609167, 100000, 402256, 0, 0, 0, 0, 0, 0, 0, 0, 0, 0, 0, 0, 0, 0, 0, '0', 0, 0, 0, 0, 0, '0', 0, 10, 0, 0, 0, '0', 0, 0, 0, 0, 0, 0, '07', '2021', 'dev', 0, '-', '2021-01-07 04:31:02', '2021-01-07 04:31:02'),
(1812, '02-0418-014-07-2021', '02-0418-014', '112400', 21, 29007, 609167, 100000, 403947, 0, 0, 0, 0, 0, 0, 0, 0, 0, 0, 0, 0, 0, 0, 0, '0', 0, 0, 0, 0, 0, '0', 0, 10, 0, 0, 0, '0', 0, 0, 0, 0, 0, 0, '07', '2021', 'dev', 0, '-', '2021-01-07 04:31:02', '2021-01-07 04:31:02'),
(1813, '02-0418-018-07-2021', '02-0418-018', '112401', 21, 29007, 609167, 100000, 405639, 0, 0, 0, 0, 0, 0, 0, 0, 0, 0, 0, 0, 0, 0, 0, '0', 0, 0, 0, 0, 0, '0', 0, 10, 0, 0, 0, '0', 0, 0, 0, 0, 0, 0, '07', '2021', 'dev', 0, '-', '2021-01-07 04:31:02', '2021-01-07 04:31:02'),
(1814, '02-1018-068-07-2021', '02-1018-068', '112402', 21, 29007, 609167, 100000, 407331, 0, 0, 0, 0, 0, 0, 0, 0, 0, 0, 0, 0, 0, 0, 0, '0', 0, 0, 0, 0, 0, '0', 0, 10, 0, 0, 0, '0', 0, 0, 0, 0, 0, 0, '07', '2021', 'dev', 0, '-', '2021-01-07 04:31:02', '2021-01-07 04:31:02'),
(1815, '02-1118-089-07-2021', '02-1118-089', '112403', 21, 29007, 609167, 100000, 409023, 0, 0, 0, 0, 0, 0, 0, 0, 0, 0, 0, 0, 0, 0, 0, '0', 0, 0, 0, 0, 0, '0', 0, 10, 0, 0, 0, '0', 0, 0, 0, 0, 0, 0, '07', '2021', 'dev', 0, '-', '2021-01-07 04:31:02', '2021-01-07 04:31:02'),
(1816, '02-1118-086-07-2021', '02-1118-086', '112404', 21, 29007, 609167, 100000, 410714, 0, 0, 0, 0, 0, 0, 0, 0, 0, 0, 0, 0, 0, 0, 0, '0', 0, 0, 0, 0, 0, '0', 0, 10, 0, 0, 0, '0', 0, 0, 0, 0, 0, 0, '07', '2021', 'dev', 0, '-', '2021-01-07 04:31:02', '2021-01-07 04:31:02'),
(1817, '02-1118-079-07-2021', '02-1118-079', '112405', 21, 29007, 609167, 100000, 412406, 0, 0, 0, 0, 0, 0, 0, 0, 0, 0, 0, 0, 0, 0, 0, '0', 0, 0, 0, 0, 0, '0', 0, 10, 0, 0, 0, '0', 0, 0, 0, 0, 0, 0, '07', '2021', 'dev', 0, '-', '2021-01-07 04:31:02', '2021-01-07 04:31:02'),
(1818, '02-1118-084-07-2021', '02-1118-084', '112406', 21, 29007, 609167, 100000, 414098, 0, 0, 0, 0, 0, 0, 0, 0, 0, 0, 0, 0, 0, 0, 0, '0', 0, 0, 0, 0, 0, '0', 0, 10, 0, 0, 0, '0', 0, 0, 0, 0, 0, 0, '07', '2021', 'dev', 0, '-', '2021-01-07 04:31:02', '2021-01-07 04:31:02'),
(1819, '02-1118-077-07-2021', '02-1118-077', '112407', 21, 29007, 609167, 100000, 415789, 0, 0, 0, 0, 0, 0, 0, 0, 0, 0, 0, 0, 0, 0, 0, '0', 0, 0, 0, 0, 0, '0', 0, 10, 0, 0, 0, '0', 0, 0, 0, 0, 0, 0, '07', '2021', 'dev', 0, '-', '2021-01-07 04:31:02', '2021-01-07 04:31:02'),
(1820, '02-1118-076-07-2021', '02-1118-076', '112408', 21, 29007, 609167, 100000, 417481, 0, 0, 0, 0, 0, 0, 0, 0, 0, 0, 0, 0, 0, 0, 0, '0', 0, 0, 0, 0, 0, '0', 0, 10, 0, 0, 0, '0', 0, 0, 0, 0, 0, 0, '07', '2021', 'dev', 0, '-', '2021-01-07 04:31:02', '2021-01-07 04:31:02'),
(1821, '02-1118-090-07-2021', '02-1118-090', '112409', 21, 29007, 609167, 100000, 419173, 0, 0, 0, 0, 0, 0, 0, 0, 0, 0, 0, 0, 0, 0, 0, '0', 0, 0, 0, 0, 0, '0', 0, 10, 0, 0, 0, '0', 0, 0, 0, 0, 0, 0, '07', '2021', 'dev', 0, '-', '2021-01-07 04:31:02', '2021-01-07 04:31:02');
INSERT INTO `penggajian` (`id`, `id_gaji`, `nip`, `no_rek`, `total_hari_kerja`, `gaji_harian`, `gaji_pokok`, `tnj_jabatan`, `tnj_keahlian`, `tnj_komunikasi`, `tnj_tempat_tinggal`, `tnj_kehadiran`, `tnj_transportasi`, `tnj_makan_siang`, `jml_hari_prorate`, `prorate_point`, `lembur`, `thr`, `bonus`, `komisi`, `lain_lain_tnj_td_ttp`, `bpjsKes_persen_karyawan`, `bpjsKes_persen_perusahaan`, `skema1_bpjs_kesehatan`, `skema2_bpjs_kesehatan`, `beban_perusahaan_kesehatan`, `beban_karyawan_perusahaan`, `bpjsTk_persen_perusahaan`, `bpjsTk_persen_karyawan`, `skema1_bpjs_tk`, `skema2_bpjs_tk`, `beban_perusahaan_tk`, `beban_karyawan_tk`, `pajak_persen_perusahaan`, `pajak_persen_karyawan`, `skema1_pajak`, `skema2_pajak`, `beban_perusahaan_pajak`, `beban_karyawan_pajak`, `iuran_koperasi`, `hutang_pinjaman`, `piutang_karyawan`, `lain_lain_pengurangan`, `bulan`, `tahun`, `pic`, `thp`, `reff`, `created_at`, `updated_at`) VALUES
(1822, '02-1118-085-07-2021', '02-1118-085', '112410', 21, 29007, 609167, 100000, 420865, 0, 0, 0, 0, 0, 0, 0, 0, 0, 0, 0, 0, 0, 0, 0, '0', 0, 0, 0, 0, 0, '0', 0, 10, 0, 0, 0, '0', 0, 0, 0, 0, 0, 0, '07', '2021', 'dev', 0, '-', '2021-01-07 04:31:02', '2021-01-07 04:31:02'),
(1823, '02-1218-181-07-2021', '02-1218-181', '112411', 21, 29007, 609167, 100000, 422556, 0, 0, 0, 0, 0, 0, 0, 0, 0, 0, 0, 0, 0, 0, 0, '0', 0, 0, 0, 0, 0, '0', 0, 10, 0, 0, 0, '0', 0, 0, 0, 0, 0, 0, '07', '2021', 'dev', 0, '-', '2021-01-07 04:31:02', '2021-01-07 04:31:02'),
(1824, '02-1118-100-07-2021', '02-1118-100', '112412', 21, 29007, 609167, 100000, 424248, 0, 0, 0, 0, 0, 0, 0, 0, 0, 0, 0, 0, 0, 0, 0, '0', 0, 0, 0, 0, 0, '0', 0, 10, 0, 0, 0, '0', 0, 0, 0, 0, 0, 0, '07', '2021', 'dev', 0, '-', '2021-01-07 04:31:02', '2021-01-07 04:31:02'),
(1825, '02-1118-102-07-2021', '02-1118-102', '112413', 21, 29007, 609167, 100000, 425940, 0, 0, 0, 0, 0, 0, 0, 0, 0, 0, 0, 0, 0, 0, 0, '0', 0, 0, 0, 0, 0, '0', 0, 10, 0, 0, 0, '0', 0, 0, 0, 0, 0, 0, '07', '2021', 'dev', 0, '-', '2021-01-07 04:31:02', '2021-01-07 04:31:02'),
(1826, '02-1118-103-07-2021', '02-1118-103', '112414', 21, 29007, 609167, 100000, 427632, 0, 0, 0, 0, 0, 0, 0, 0, 0, 0, 0, 0, 0, 0, 0, '0', 0, 0, 0, 0, 0, '0', 0, 10, 0, 0, 0, '0', 0, 0, 0, 0, 0, 0, '07', '2021', 'dev', 0, '-', '2021-01-07 04:31:02', '2021-01-07 04:31:02'),
(1827, '02-1118-099-07-2021', '02-1118-099', '112415', 21, 29007, 609167, 100000, 429323, 0, 0, 0, 0, 0, 0, 0, 0, 0, 0, 0, 0, 0, 0, 0, '0', 0, 0, 0, 0, 0, '0', 0, 10, 0, 0, 0, '0', 0, 0, 0, 0, 0, 0, '07', '2021', 'dev', 0, '-', '2021-01-07 04:31:02', '2021-01-07 04:31:02'),
(1828, '02-1118-106-07-2021', '02-1118-106', '112416', 21, 29007, 609167, 100000, 431015, 0, 0, 0, 0, 0, 0, 0, 0, 0, 0, 0, 0, 0, 0, 0, '0', 0, 0, 0, 0, 0, '0', 0, 10, 0, 0, 0, '0', 0, 0, 0, 0, 0, 0, '07', '2021', 'dev', 0, '-', '2021-01-07 04:31:02', '2021-01-07 04:31:02'),
(1829, '02-1118-107-07-2021', '02-1118-107', '112417', 21, 29007, 609167, 100000, 432707, 0, 0, 0, 0, 0, 0, 0, 0, 0, 0, 0, 0, 0, 0, 0, '0', 0, 0, 0, 0, 0, '0', 0, 10, 0, 0, 0, '0', 0, 0, 0, 0, 0, 0, '07', '2021', 'dev', 0, '-', '2021-01-07 04:31:02', '2021-01-07 04:31:02'),
(1830, '02-1118-108-07-2021', '02-1118-108', '112418', 21, 29007, 609167, 100000, 434398, 0, 0, 0, 0, 0, 0, 0, 0, 0, 0, 0, 0, 0, 0, 0, '0', 0, 0, 0, 0, 0, '0', 0, 10, 0, 0, 0, '0', 0, 0, 0, 0, 0, 0, '07', '2021', 'dev', 0, '-', '2021-01-07 04:31:02', '2021-01-07 04:31:02'),
(1831, '02-1118-112-07-2021', '02-1118-112', '112419', 21, 29007, 609167, 100000, 436090, 0, 0, 0, 0, 0, 0, 0, 0, 0, 0, 0, 0, 0, 0, 0, '0', 0, 0, 0, 0, 0, '0', 0, 10, 0, 0, 0, '0', 0, 0, 0, 0, 0, 0, '07', '2021', 'dev', 0, '-', '2021-01-07 04:31:02', '2021-01-07 04:31:02'),
(1832, '02-1118-111-07-2021', '02-1118-111', '112420', 21, 29007, 609167, 100000, 437782, 0, 0, 0, 0, 0, 0, 0, 0, 0, 0, 0, 0, 0, 0, 0, '0', 0, 0, 0, 0, 0, '0', 0, 10, 0, 0, 0, '0', 0, 0, 0, 0, 0, 0, '07', '2021', 'dev', 0, '-', '2021-01-07 04:31:02', '2021-01-07 04:31:02'),
(1833, '02-1118-113-07-2021', '02-1118-113', '112421', 21, 29007, 609167, 100000, 439474, 0, 0, 0, 0, 0, 0, 0, 0, 0, 0, 0, 0, 0, 0, 0, '0', 0, 0, 0, 0, 0, '0', 0, 10, 0, 0, 0, '0', 0, 0, 0, 0, 0, 0, '07', '2021', 'dev', 0, '-', '2021-01-07 04:31:02', '2021-01-07 04:31:02'),
(1834, '02-1118-115-07-2021', '02-1118-115', '112422', 21, 29007, 609167, 100000, 441165, 0, 0, 0, 0, 0, 0, 0, 0, 0, 0, 0, 0, 0, 0, 0, '0', 0, 0, 0, 0, 0, '0', 0, 10, 0, 0, 0, '0', 0, 0, 0, 0, 0, 0, '07', '2021', 'dev', 0, '-', '2021-01-07 04:31:02', '2021-01-07 04:31:02'),
(1835, '02-1118-170-07-2021', '02-1118-170', '112423', 21, 29007, 609167, 100000, 442857, 0, 0, 0, 0, 0, 0, 0, 0, 0, 0, 0, 0, 0, 0, 0, '0', 0, 0, 0, 0, 0, '0', 0, 10, 0, 0, 0, '0', 0, 0, 0, 0, 0, 0, '07', '2021', 'dev', 0, '-', '2021-01-07 04:31:02', '2021-01-07 04:31:02'),
(1836, '02-1118-123-07-2021', '02-1118-123', '112424', 21, 29007, 609167, 100000, 444549, 0, 0, 0, 0, 0, 0, 0, 0, 0, 0, 0, 0, 0, 0, 0, '0', 0, 0, 0, 0, 0, '0', 0, 10, 0, 0, 0, '0', 0, 0, 0, 0, 0, 0, '07', '2021', 'dev', 0, '-', '2021-01-07 04:31:02', '2021-01-07 04:31:02'),
(1837, '02-1118-166-07-2021', '02-1118-166', '112425', 21, 29007, 609167, 100000, 446241, 0, 0, 0, 0, 0, 0, 0, 0, 0, 0, 0, 0, 0, 0, 0, '0', 0, 0, 0, 0, 0, '0', 0, 10, 0, 0, 0, '0', 0, 0, 0, 0, 0, 0, '07', '2021', 'dev', 0, '-', '2021-01-07 04:31:02', '2021-01-07 04:31:02'),
(1838, '02-1118-171-07-2021', '02-1118-171', '112426', 21, 29007, 609167, 100000, 447932, 0, 0, 0, 0, 0, 0, 0, 0, 0, 0, 0, 0, 0, 0, 0, '0', 0, 0, 0, 0, 0, '0', 0, 10, 0, 0, 0, '0', 0, 0, 0, 0, 0, 0, '07', '2021', 'dev', 0, '-', '2021-01-07 04:31:02', '2021-01-07 04:31:02'),
(1839, '02-1118-124-07-2021', '02-1118-124', '112427', 21, 29007, 609167, 100000, 449624, 0, 0, 0, 0, 0, 0, 0, 0, 0, 0, 0, 0, 0, 0, 0, '0', 0, 0, 0, 0, 0, '0', 0, 10, 0, 0, 0, '0', 0, 0, 0, 0, 0, 0, '07', '2021', 'dev', 0, '-', '2021-01-07 04:31:02', '2021-01-07 04:31:02'),
(1840, '02-1118-165-07-2021', '02-1118-165', '112428', 21, 29007, 609167, 100000, 451316, 0, 0, 0, 0, 0, 0, 0, 0, 0, 0, 0, 0, 0, 0, 0, '0', 0, 0, 0, 0, 0, '0', 0, 10, 0, 0, 0, '0', 0, 0, 0, 0, 0, 0, '07', '2021', 'dev', 0, '-', '2021-01-07 04:31:02', '2021-01-07 04:31:02'),
(1841, '02-1118-114-07-2021', '02-1118-114', '112429', 21, 29007, 609167, 100000, 453008, 0, 0, 0, 0, 0, 0, 0, 0, 0, 0, 0, 0, 0, 0, 0, '0', 0, 0, 0, 0, 0, '0', 0, 10, 0, 0, 0, '0', 0, 0, 0, 0, 0, 0, '07', '2021', 'dev', 0, '-', '2021-01-07 04:31:02', '2021-01-07 04:31:02'),
(1842, '02-1118-117-07-2021', '02-1118-117', '112430', 21, 29007, 609167, 100000, 454699, 0, 0, 0, 0, 0, 0, 0, 0, 0, 0, 0, 0, 0, 0, 0, '0', 0, 0, 0, 0, 0, '0', 0, 10, 0, 0, 0, '0', 0, 0, 0, 0, 0, 0, '07', '2021', 'dev', 0, '-', '2021-01-07 04:31:02', '2021-01-07 04:31:02'),
(1843, '02-1118-118-07-2021', '02-1118-118', '112431', 21, 29007, 609167, 100000, 456391, 0, 0, 0, 0, 0, 0, 0, 0, 0, 0, 0, 0, 0, 0, 0, '0', 0, 0, 0, 0, 0, '0', 0, 10, 0, 0, 0, '0', 0, 0, 0, 0, 0, 0, '07', '2021', 'dev', 0, '-', '2021-01-07 04:31:02', '2021-01-07 04:31:02'),
(1844, '02-1118-126-07-2021', '02-1118-126', '112432', 21, 29007, 609167, 100000, 458083, 0, 0, 0, 0, 0, 0, 0, 0, 0, 0, 0, 0, 0, 0, 0, '0', 0, 0, 0, 0, 0, '0', 0, 10, 0, 0, 0, '0', 0, 0, 0, 0, 0, 0, '07', '2021', 'dev', 0, '-', '2021-01-07 04:31:02', '2021-01-07 04:31:02'),
(1845, '02-1118-169-07-2021', '02-1118-169', '112433', 21, 29007, 609167, 100000, 459774, 0, 0, 0, 0, 0, 0, 0, 0, 0, 0, 0, 0, 0, 0, 0, '0', 0, 0, 0, 0, 0, '0', 0, 10, 0, 0, 0, '0', 0, 0, 0, 0, 0, 0, '07', '2021', 'dev', 0, '-', '2021-01-07 04:31:02', '2021-01-07 04:31:02'),
(1846, '02-1218-232-07-2021', '02-1218-232', '112434', 21, 29007, 609167, 100000, 461466, 0, 0, 0, 0, 0, 0, 0, 0, 0, 0, 0, 0, 0, 0, 0, '0', 0, 0, 0, 0, 0, '0', 0, 10, 0, 0, 0, '0', 0, 0, 0, 0, 0, 0, '07', '2021', 'dev', 0, '-', '2021-01-07 04:31:02', '2021-01-07 04:31:02'),
(1847, '02-1218-231-07-2021', '02-1218-231', '112435', 21, 29007, 609167, 100000, 463158, 0, 0, 0, 0, 0, 0, 0, 0, 0, 0, 0, 0, 0, 0, 0, '0', 0, 0, 0, 0, 0, '0', 0, 10, 0, 0, 0, '0', 0, 0, 0, 0, 0, 0, '07', '2021', 'dev', 0, '-', '2021-01-07 04:31:02', '2021-01-07 04:31:02'),
(1848, '02-0119-251-07-2021', '02-0119-251', '112436', 21, 29008, 609167, 100000, 464850, 200000, 300000, 230000, 250000, 200000, 18, 4, 120000, 50000, 120000, 150000, 50000, 0, 0, 0, '0', 24366.7, 6091.67, 0, 0, 0, '0', 25828.7, 12183.3, 0, 0, 0, '0', 0, 0, 0, 0, 0, 0, '07', '2021', 'dev', 0, '-', '2021-01-07 04:31:02', '2021-01-07 04:31:02'),
(1849, '02-0319-273-07-2021', '02-0319-273', '112437', 21, 29007, 609167, 100000, 466541, 0, 0, 0, 0, 0, 0, 0, 0, 0, 0, 0, 0, 0, 0, 0, '0', 0, 0, 0, 0, 0, '0', 0, 10, 0, 0, 0, '0', 0, 0, 0, 0, 0, 0, '07', '2021', 'dev', 0, '-', '2021-01-07 04:31:02', '2021-01-07 04:31:02'),
(1850, '02-1020-576-07-2021', '02-1020-576', '112438', 21, 29007, 609167, 100000, 468233, 0, 0, 0, 0, 0, 0, 0, 0, 0, 0, 0, 0, 0, 0, 0, '0', 0, 0, 0, 0, 0, '0', 0, 10, 0, 0, 0, '0', 0, 0, 0, 0, 0, 0, '07', '2021', 'dev', 0, '-', '2021-01-07 04:31:02', '2021-01-07 04:31:02'),
(1851, '02-0619-311-07-2021', '02-0619-311', '112439', 21, 29007, 609167, 100000, 469925, 0, 0, 0, 0, 0, 0, 0, 0, 0, 0, 0, 0, 0, 0, 0, '0', 0, 0, 0, 0, 0, '0', 0, 10, 0, 0, 0, '0', 0, 0, 0, 0, 0, 0, '07', '2021', 'dev', 0, '-', '2021-01-07 04:31:02', '2021-01-07 04:31:02'),
(1852, '02-0619-312-07-2021', '02-0619-312', '112440', 21, 29007, 609167, 100000, 471617, 0, 0, 0, 0, 0, 0, 0, 0, 0, 0, 0, 0, 0, 0, 0, '0', 0, 0, 0, 0, 0, '0', 0, 10, 0, 0, 0, '0', 0, 0, 0, 0, 0, 0, '07', '2021', 'dev', 0, '-', '2021-01-07 04:31:02', '2021-01-07 04:31:02'),
(1853, '02-0719-331-07-2021', '02-0719-331', '112441', 21, 29007, 609167, 100000, 473308, 0, 0, 0, 0, 0, 0, 0, 0, 0, 0, 0, 0, 0, 0, 0, '0', 0, 0, 0, 0, 0, '0', 0, 10, 0, 0, 0, '0', 0, 0, 0, 0, 0, 0, '07', '2021', 'dev', 0, '-', '2021-01-07 04:31:02', '2021-01-07 04:31:02'),
(1854, '02-0719-333-07-2021', '02-0719-333', '112442', 21, 29007, 609167, 100000, 475000, 0, 0, 0, 0, 0, 0, 0, 0, 0, 0, 0, 0, 0, 0, 0, '0', 0, 0, 0, 0, 0, '0', 0, 10, 0, 0, 0, '0', 0, 0, 0, 0, 0, 0, '07', '2021', 'dev', 0, '-', '2021-01-07 04:31:02', '2021-01-07 04:31:02'),
(1855, '02-0819-396-07-2021', '02-0819-396', '112443', 21, 29007, 609167, 100000, 476692, 0, 0, 0, 0, 0, 0, 0, 0, 0, 0, 0, 0, 0, 0, 0, '0', 0, 0, 0, 0, 0, '0', 0, 10, 0, 0, 0, '0', 0, 0, 0, 0, 0, 0, '07', '2021', 'dev', 0, '-', '2021-01-07 04:31:02', '2021-01-07 04:31:02'),
(1856, '02-0719-337-07-2021', '02-0719-337', '112444', 21, 29007, 609167, 100000, 478383, 0, 0, 0, 0, 0, 0, 0, 0, 0, 0, 0, 0, 0, 0, 0, '0', 0, 0, 0, 0, 0, '0', 0, 10, 0, 0, 0, '0', 0, 0, 0, 0, 0, 0, '07', '2021', 'dev', 0, '-', '2021-01-07 04:31:02', '2021-01-07 04:31:02'),
(1857, '02-0719-339-07-2021', '02-0719-339', '112445', 21, 29007, 609167, 100000, 480075, 0, 0, 0, 0, 0, 0, 0, 0, 0, 0, 0, 0, 0, 0, 0, '0', 0, 0, 0, 0, 0, '0', 0, 10, 0, 0, 0, '0', 0, 0, 0, 0, 0, 0, '07', '2021', 'dev', 0, '-', '2021-01-07 04:31:02', '2021-01-07 04:31:02'),
(1858, '02-0719-375-07-2021', '02-0719-375', '112446', 21, 29007, 609167, 100000, 481767, 0, 0, 0, 0, 0, 0, 0, 0, 0, 0, 0, 0, 0, 0, 0, '0', 0, 0, 0, 0, 0, '0', 0, 10, 0, 0, 0, '0', 0, 0, 0, 0, 0, 0, '07', '2021', 'dev', 0, '-', '2021-01-07 04:31:02', '2021-01-07 04:31:02'),
(1859, '02-0919-402-07-2021', '02-0919-402', '112447', 21, 29007, 609167, 100000, 483459, 0, 0, 0, 0, 0, 0, 0, 0, 0, 0, 0, 0, 0, 0, 0, '0', 0, 0, 0, 0, 0, '0', 0, 10, 0, 0, 0, '0', 0, 0, 0, 0, 0, 0, '07', '2021', 'dev', 0, '-', '2021-01-07 04:31:02', '2021-01-07 04:31:02'),
(1860, '02-0919-403-07-2021', '02-0919-403', '112448', 21, 29007, 609167, 100000, 485150, 0, 0, 0, 0, 0, 0, 0, 0, 0, 0, 0, 0, 0, 0, 0, '0', 0, 0, 0, 0, 0, '0', 0, 10, 0, 0, 0, '0', 0, 0, 0, 0, 0, 0, '07', '2021', 'dev', 0, '-', '2021-01-07 04:31:02', '2021-01-07 04:31:02'),
(1861, '02-0919-401-07-2021', '02-0919-401', '112449', 21, 29007, 609167, 100000, 486842, 0, 0, 0, 0, 0, 0, 0, 0, 0, 0, 0, 0, 0, 0, 0, '0', 0, 0, 0, 0, 0, '0', 0, 10, 0, 0, 0, '0', 0, 0, 0, 0, 0, 0, '07', '2021', 'dev', 0, '-', '2021-01-07 04:31:02', '2021-01-07 04:31:02'),
(1862, '02-1019-451-07-2021', '02-1019-451', '112450', 21, 29007, 609167, 100000, 488534, 0, 0, 0, 0, 0, 0, 0, 0, 0, 0, 0, 0, 0, 0, 0, '0', 0, 0, 0, 0, 0, '0', 0, 10, 0, 0, 0, '0', 0, 0, 0, 0, 0, 0, '07', '2021', 'dev', 0, '-', '2021-01-07 04:31:02', '2021-01-07 04:31:02'),
(1863, '02-1119-452-07-2021', '02-1119-452', '112451', 21, 29007, 609167, 100000, 490226, 0, 0, 0, 0, 0, 0, 0, 0, 0, 0, 0, 0, 0, 0, 0, '0', 0, 0, 0, 0, 0, '0', 0, 10, 0, 0, 0, '0', 0, 0, 0, 0, 0, 0, '07', '2021', 'dev', 0, '-', '2021-01-07 04:31:02', '2021-01-07 04:31:02'),
(1864, '02-1219-500-07-2021', '02-1219-500', '112452', 21, 29007, 609167, 100000, 491917, 0, 0, 0, 0, 0, 0, 0, 0, 0, 0, 0, 0, 0, 0, 0, '0', 0, 0, 0, 0, 0, '0', 0, 10, 0, 0, 0, '0', 0, 0, 0, 0, 0, 0, '07', '2021', 'dev', 0, '-', '2021-01-07 04:31:02', '2021-01-07 04:31:02'),
(1865, '02-0220-513-07-2021', '02-0220-513', '112453', 21, 29007, 609167, 100000, 493609, 0, 0, 0, 0, 0, 0, 0, 0, 0, 0, 0, 0, 0, 0, 0, '0', 0, 0, 0, 0, 0, '0', 0, 10, 0, 0, 0, '0', 0, 0, 0, 0, 0, 0, '07', '2021', 'dev', 0, '-', '2021-01-07 04:31:02', '2021-01-07 04:31:02'),
(1866, '02-0320-517-07-2021', '02-0320-517', '112454', 21, 29007, 609167, 100000, 495301, 0, 0, 0, 0, 0, 0, 0, 0, 0, 0, 0, 0, 0, 0, 0, '0', 0, 0, 0, 0, 0, '0', 0, 10, 0, 0, 0, '0', 0, 0, 0, 0, 0, 0, '07', '2021', 'dev', 0, '-', '2021-01-07 04:31:02', '2021-01-07 04:31:02'),
(1867, '02-0320-516-07-2021', '02-0320-516', '112455', 21, 29007, 609167, 100000, 496992, 0, 0, 0, 0, 0, 0, 0, 0, 0, 0, 0, 0, 0, 0, 0, '0', 0, 0, 0, 0, 0, '0', 0, 10, 0, 0, 0, '0', 0, 0, 0, 0, 0, 0, '07', '2021', 'dev', 0, '-', '2021-01-07 04:31:02', '2021-01-07 04:31:02'),
(1868, '02-0320-529-07-2021', '02-0320-529', '112456', 21, 29007, 609167, 100000, 498684, 0, 0, 0, 0, 0, 0, 0, 0, 0, 0, 0, 0, 0, 0, 0, '0', 0, 0, 0, 0, 0, '0', 0, 10, 0, 0, 0, '0', 0, 0, 0, 0, 0, 0, '07', '2021', 'dev', 0, '-', '2021-01-07 04:31:02', '2021-01-07 04:31:02'),
(1869, '02-0720-534-07-2021', '02-0720-534', '112457', 21, 29007, 609167, 100000, 500376, 0, 0, 0, 0, 0, 0, 0, 0, 0, 0, 0, 0, 0, 0, 0, '0', 0, 0, 0, 0, 0, '0', 0, 10, 0, 0, 0, '0', 0, 0, 0, 0, 0, 0, '07', '2021', 'dev', 0, '-', '2021-01-07 04:31:02', '2021-01-07 04:31:02'),
(1870, '02-0920-553-07-2021', '02-0920-553', '112458', 21, 29007, 609167, 100000, 502068, 0, 0, 0, 0, 0, 0, 0, 0, 0, 0, 0, 0, 0, 0, 0, '0', 0, 0, 0, 0, 0, '0', 0, 10, 0, 0, 0, '0', 0, 0, 0, 0, 0, 0, '07', '2021', 'dev', 0, '-', '2021-01-07 04:31:02', '2021-01-07 04:31:02'),
(1871, '02-0920-550-07-2021', '02-0920-550', '112459', 21, 29007, 609167, 100000, 503759, 0, 0, 0, 0, 0, 0, 0, 0, 0, 0, 0, 0, 0, 0, 0, '0', 0, 0, 0, 0, 0, '0', 0, 10, 0, 0, 0, '0', 0, 0, 0, 0, 0, 0, '07', '2021', 'dev', 0, '-', '2021-01-07 04:31:02', '2021-01-07 04:31:02'),
(1872, '02-0920-547-07-2021', '02-0920-547', '112460', 21, 29007, 609167, 100000, 505451, 0, 0, 0, 0, 0, 0, 0, 0, 0, 0, 0, 0, 0, 0, 0, '0', 0, 0, 0, 0, 0, '0', 0, 10, 0, 0, 0, '0', 0, 0, 0, 0, 0, 0, '07', '2021', 'dev', 0, '-', '2021-01-07 04:31:02', '2021-01-07 04:31:02'),
(1873, '02-0920-552-07-2021', '02-0920-552', '112461', 21, 29007, 609167, 100000, 507143, 0, 0, 0, 0, 0, 0, 0, 0, 0, 0, 0, 0, 0, 0, 0, '0', 0, 0, 0, 0, 0, '0', 0, 10, 0, 0, 0, '0', 0, 0, 0, 0, 0, 0, '07', '2021', 'dev', 0, '-', '2021-01-07 04:31:02', '2021-01-07 04:31:02'),
(1874, '02-0920-557-07-2021', '02-0920-557', '112462', 21, 29007, 609167, 100000, 508835, 0, 0, 0, 0, 0, 0, 0, 0, 0, 0, 0, 0, 0, 0, 0, '0', 0, 0, 0, 0, 0, '0', 0, 10, 0, 0, 0, '0', 0, 0, 0, 0, 0, 0, '07', '2021', 'dev', 0, '-', '2021-01-07 04:31:02', '2021-01-07 04:31:02'),
(1875, '02-0920-563-07-2021', '02-0920-563', '112463', 21, 29007, 609167, 100000, 510526, 0, 0, 0, 0, 0, 0, 0, 0, 0, 0, 0, 0, 0, 0, 0, '0', 0, 0, 0, 0, 0, '0', 0, 10, 0, 0, 0, '0', 0, 0, 0, 0, 0, 0, '07', '2021', 'dev', 0, '-', '2021-01-07 04:31:02', '2021-01-07 04:31:02'),
(1876, '02-0920-564-07-2021', '02-0920-564', '112464', 21, 29007, 609167, 100000, 512218, 0, 0, 0, 0, 0, 0, 0, 0, 0, 0, 0, 0, 0, 0, 0, '0', 0, 0, 0, 0, 0, '0', 0, 10, 0, 0, 0, '0', 0, 0, 0, 0, 0, 0, '07', '2021', 'dev', 0, '-', '2021-01-07 04:31:02', '2021-01-07 04:31:02'),
(1877, '02-0920-562-07-2021', '02-0920-562', '112465', 21, 29007, 609167, 100000, 513910, 0, 0, 0, 0, 0, 0, 0, 0, 0, 0, 0, 0, 0, 0, 0, '0', 0, 0, 0, 0, 0, '0', 0, 10, 0, 0, 0, '0', 0, 0, 0, 0, 0, 0, '07', '2021', 'dev', 0, '-', '2021-01-07 04:31:02', '2021-01-07 04:31:02'),
(1878, '02-0920-566-07-2021', '02-0920-566', '112466', 21, 29007, 609167, 100000, 515602, 0, 0, 0, 0, 0, 0, 0, 0, 0, 0, 0, 0, 0, 0, 0, '0', 0, 0, 0, 0, 0, '0', 0, 10, 0, 0, 0, '0', 0, 0, 0, 0, 0, 0, '07', '2021', 'dev', 0, '-', '2021-01-07 04:31:02', '2021-01-07 04:31:02'),
(1879, '02-0920-556-07-2021', '02-0920-556', '112467', 21, 29007, 609167, 100000, 517293, 0, 0, 0, 0, 0, 0, 0, 0, 0, 0, 0, 0, 0, 0, 0, '0', 0, 0, 0, 0, 0, '0', 0, 10, 0, 0, 0, '0', 0, 0, 0, 0, 0, 0, '07', '2021', 'dev', 0, '-', '2021-01-07 04:31:02', '2021-01-07 04:31:02'),
(1880, '02-0920-561-07-2021', '02-0920-561', '112468', 21, 29007, 609167, 100000, 518985, 0, 0, 0, 0, 0, 0, 0, 0, 0, 0, 0, 0, 0, 0, 0, '0', 0, 0, 0, 0, 0, '0', 0, 10, 0, 0, 0, '0', 0, 0, 0, 0, 0, 0, '07', '2021', 'dev', 0, '-', '2021-01-07 04:31:02', '2021-01-07 04:31:02'),
(1881, '02-0920-568-07-2021', '02-0920-568', '112469', 21, 29007, 609167, 100000, 520677, 0, 0, 0, 0, 0, 0, 0, 0, 0, 0, 0, 0, 0, 0, 0, '0', 0, 0, 0, 0, 0, '0', 0, 10, 0, 0, 0, '0', 0, 0, 0, 0, 0, 0, '07', '2021', 'dev', 0, '-', '2021-01-07 04:31:02', '2021-01-07 04:31:02'),
(1882, '02-0920-555-07-2021', '02-0920-555', '112470', 21, 29007, 609167, 100000, 522368, 0, 0, 0, 0, 0, 0, 0, 0, 0, 0, 0, 0, 0, 0, 0, '0', 0, 0, 0, 0, 0, '0', 0, 10, 0, 0, 0, '0', 0, 0, 0, 0, 0, 0, '07', '2021', 'dev', 0, '-', '2021-01-07 04:31:02', '2021-01-07 04:31:02'),
(1883, '02-0920-549-07-2021', '02-0920-549', '112471', 21, 29007, 609167, 100000, 524060, 0, 0, 0, 0, 0, 0, 0, 0, 0, 0, 0, 0, 0, 0, 0, '0', 0, 0, 0, 0, 0, '0', 0, 10, 0, 0, 0, '0', 0, 0, 0, 0, 0, 0, '07', '2021', 'dev', 0, '-', '2021-01-07 04:31:02', '2021-01-07 04:31:02'),
(1884, '02-0920-554-07-2021', '02-0920-554', '112472', 21, 29007, 609167, 100000, 525752, 0, 0, 0, 0, 0, 0, 0, 0, 0, 0, 0, 0, 0, 0, 0, '0', 0, 0, 0, 0, 0, '0', 0, 10, 0, 0, 0, '0', 0, 0, 0, 0, 0, 0, '07', '2021', 'dev', 0, '-', '2021-01-07 04:31:02', '2021-01-07 04:31:02'),
(1885, '02-0920-559-07-2021', '02-0920-559', '112473', 21, 29007, 609167, 100000, 527444, 0, 0, 0, 0, 0, 0, 0, 0, 0, 0, 0, 0, 0, 0, 0, '0', 0, 0, 0, 0, 0, '0', 0, 10, 0, 0, 0, '0', 0, 0, 0, 0, 0, 0, '07', '2021', 'dev', 0, '-', '2021-01-07 04:31:02', '2021-01-07 04:31:02'),
(1886, '02-0920-551-07-2021', '02-0920-551', '112474', 21, 29007, 609167, 100000, 529135, 0, 0, 0, 0, 0, 0, 0, 0, 0, 0, 0, 0, 0, 0, 0, '0', 0, 0, 0, 0, 0, '0', 0, 10, 0, 0, 0, '0', 0, 0, 0, 0, 0, 0, '07', '2021', 'dev', 0, '-', '2021-01-07 04:31:02', '2021-01-07 04:31:02'),
(1887, '02-0920-560-07-2021', '02-0920-560', '112475', 21, 29007, 609167, 100000, 530827, 0, 0, 0, 0, 0, 0, 0, 0, 0, 0, 0, 0, 0, 0, 0, '0', 0, 0, 0, 0, 0, '0', 0, 10, 0, 0, 0, '0', 0, 0, 0, 0, 0, 0, '07', '2021', 'dev', 0, '-', '2021-01-07 04:31:02', '2021-01-07 04:31:02'),
(1888, '02-0920-565-07-2021', '02-0920-565', '112476', 21, 29007, 609167, 100000, 532519, 0, 0, 0, 0, 0, 0, 0, 0, 0, 0, 0, 0, 0, 0, 0, '0', 0, 0, 0, 0, 0, '0', 0, 10, 0, 0, 0, '0', 0, 0, 0, 0, 0, 0, '07', '2021', 'dev', 0, '-', '2021-01-07 04:31:02', '2021-01-07 04:31:02'),
(1889, '02-0920-558-07-2021', '02-0920-558', '112477', 21, 29007, 609167, 100000, 534210, 0, 0, 0, 0, 0, 0, 0, 0, 0, 0, 0, 0, 0, 0, 0, '0', 0, 0, 0, 0, 0, '0', 0, 10, 0, 0, 0, '0', 0, 0, 0, 0, 0, 0, '07', '2021', 'dev', 0, '-', '2021-01-07 04:31:02', '2021-01-07 04:31:02'),
(1890, '02-0920-569-07-2021', '02-0920-569', '112478', 21, 29007, 609167, 100000, 535902, 0, 0, 0, 0, 0, 0, 0, 0, 0, 0, 0, 0, 0, 0, 0, '0', 0, 0, 0, 0, 0, '0', 0, 10, 0, 0, 0, '0', 0, 0, 0, 0, 0, 0, '07', '2021', 'dev', 0, '-', '2021-01-07 04:31:02', '2021-01-07 04:31:02'),
(1891, '02-0920-567-07-2021', '02-0920-567', '112479', 21, 29007, 609167, 100000, 537594, 0, 0, 0, 0, 0, 0, 0, 0, 0, 0, 0, 0, 0, 0, 0, '0', 0, 0, 0, 0, 0, '0', 0, 10, 0, 0, 0, '0', 0, 0, 0, 0, 0, 0, '07', '2021', 'dev', 0, '-', '2021-01-07 04:31:02', '2021-01-07 04:31:02'),
(1892, '02-0920-546-07-2021', '02-0920-546', '112480', 21, 29007, 609167, 100000, 539286, 0, 0, 0, 0, 0, 0, 0, 0, 0, 0, 0, 0, 0, 0, 0, '0', 0, 0, 0, 0, 0, '0', 0, 10, 0, 0, 0, '0', 0, 0, 0, 0, 0, 0, '07', '2021', 'dev', 0, '-', '2021-01-07 04:31:02', '2021-01-07 04:31:02'),
(1893, '02-0719-358-07-2021', '02-0719-358', '112481', 21, 29007, 609167, 100000, 540977, 0, 0, 0, 0, 0, 0, 0, 0, 0, 0, 0, 0, 0, 0, 0, '0', 0, 0, 0, 0, 0, '0', 0, 10, 0, 0, 0, '0', 0, 0, 0, 0, 0, 0, '07', '2021', 'dev', 0, '-', '2021-01-07 04:31:02', '2021-01-07 04:31:02'),
(1894, '02-0719-374-07-2021', '02-0719-374', '112482', 21, 29007, 609167, 100000, 542669, 0, 0, 0, 0, 0, 0, 0, 0, 0, 0, 0, 0, 0, 0, 0, '0', 0, 0, 0, 0, 0, '0', 0, 10, 0, 0, 0, '0', 0, 0, 0, 0, 0, 0, '07', '2021', 'dev', 0, '-', '2021-01-07 04:31:02', '2021-01-07 04:31:02'),
(1895, '02-0719-351-07-2021', '02-0719-351', '112483', 21, 29007, 609167, 100000, 544361, 0, 0, 0, 0, 0, 0, 0, 0, 0, 0, 0, 0, 0, 0, 0, '0', 0, 0, 0, 0, 0, '0', 0, 10, 0, 0, 0, '0', 0, 0, 0, 0, 0, 0, '07', '2021', 'dev', 0, '-', '2021-01-07 04:31:02', '2021-01-07 04:31:02'),
(1896, '02-0719-350-07-2021', '02-0719-350', '112484', 21, 29007, 609167, 100000, 546053, 0, 0, 0, 0, 0, 0, 0, 0, 0, 0, 0, 0, 0, 0, 0, '0', 0, 0, 0, 0, 0, '0', 0, 10, 0, 0, 0, '0', 0, 0, 0, 0, 0, 0, '07', '2021', 'dev', 0, '-', '2021-01-07 04:31:02', '2021-01-07 04:31:02'),
(1897, '02-0719-353-07-2021', '02-0719-353', '112485', 21, 29007, 609167, 100000, 547744, 0, 0, 0, 0, 0, 0, 0, 0, 0, 0, 0, 0, 0, 0, 0, '0', 0, 0, 0, 0, 0, '0', 0, 10, 0, 0, 0, '0', 0, 0, 0, 0, 0, 0, '07', '2021', 'dev', 0, '-', '2021-01-07 04:31:02', '2021-01-07 04:31:02'),
(1898, '02-0719-340-07-2021', '02-0719-340', '112486', 21, 29007, 609167, 100000, 549436, 0, 0, 0, 0, 0, 0, 0, 0, 0, 0, 0, 0, 0, 0, 0, '0', 0, 0, 0, 0, 0, '0', 0, 10, 0, 0, 0, '0', 0, 0, 0, 0, 0, 0, '07', '2021', 'dev', 0, '-', '2021-01-07 04:31:02', '2021-01-07 04:31:02'),
(1899, '02-1219-492-07-2021', '02-1219-492', '112487', 21, 29007, 609167, 100000, 551128, 0, 0, 0, 0, 0, 0, 0, 0, 0, 0, 0, 0, 0, 0, 0, '0', 0, 0, 0, 0, 0, '0', 0, 10, 0, 0, 0, '0', 0, 0, 0, 0, 0, 0, '07', '2021', 'dev', 0, '-', '2021-01-07 04:31:02', '2021-01-07 04:31:02'),
(1900, '02-1120-580-07-2021', '02-1120-580', '112488', 21, 29007, 609167, 100000, 552820, 0, 0, 0, 0, 0, 0, 0, 0, 0, 0, 0, 0, 0, 0, 0, '0', 0, 0, 0, 0, 0, '0', 0, 10, 0, 0, 0, '0', 0, 0, 0, 0, 0, 0, '07', '2021', 'dev', 0, '-', '2021-01-07 04:31:02', '2021-01-07 04:31:02'),
(1901, '02-1120-582-07-2021', '02-1120-582', '112489', 21, 29007, 609167, 100000, 554511, 0, 0, 0, 0, 0, 0, 0, 0, 0, 0, 0, 0, 0, 0, 0, '0', 0, 0, 0, 0, 0, '0', 0, 10, 0, 0, 0, '0', 0, 0, 0, 0, 0, 0, '07', '2021', 'dev', 0, '-', '2021-01-07 04:31:02', '2021-01-07 04:31:02'),
(1902, '02-0418-024-07-2021', '02-0418-024', '112490', 21, 29007, 609167, 100000, 556203, 0, 0, 0, 0, 0, 0, 0, 0, 0, 0, 0, 0, 0, 0, 0, '0', 0, 0, 0, 0, 0, '0', 0, 10, 0, 0, 0, '0', 0, 0, 0, 0, 0, 0, '07', '2021', 'dev', 0, '-', '2021-01-07 04:31:02', '2021-01-07 04:31:02'),
(1903, '02-1118-091-07-2021', '02-1118-091', '112491', 21, 29007, 609167, 100000, 557895, 0, 0, 0, 0, 0, 0, 0, 0, 0, 0, 0, 0, 0, 0, 0, '0', 0, 0, 0, 0, 0, '0', 0, 10, 0, 0, 0, '0', 0, 0, 0, 0, 0, 0, '07', '2021', 'dev', 0, '-', '2021-01-07 04:31:02', '2021-01-07 04:31:02'),
(1904, '02-1218-182-07-2021', '02-1218-182', '112492', 21, 29007, 609167, 100000, 559586, 0, 0, 0, 0, 0, 0, 0, 0, 0, 0, 0, 0, 0, 0, 0, '0', 0, 0, 0, 0, 0, '0', 0, 10, 0, 0, 0, '0', 0, 0, 0, 0, 0, 0, '07', '2021', 'dev', 0, '-', '2021-01-07 04:31:02', '2021-01-07 04:31:02'),
(1905, '02-1218-201-07-2021', '02-1218-201', '112493', 21, 29007, 609167, 100000, 561278, 0, 0, 0, 0, 0, 0, 0, 0, 0, 0, 0, 0, 0, 0, 0, '0', 0, 0, 0, 0, 0, '0', 0, 10, 0, 0, 0, '0', 0, 0, 0, 0, 0, 0, '07', '2021', 'dev', 0, '-', '2021-01-07 04:31:02', '2021-01-07 04:31:02'),
(1906, '02-1218-246-07-2021', '02-1218-246', '112494', 21, 29007, 609167, 100000, 562970, 0, 0, 0, 0, 0, 0, 0, 0, 0, 0, 0, 0, 0, 0, 0, '0', 0, 0, 0, 0, 0, '0', 0, 10, 0, 0, 0, '0', 0, 0, 0, 0, 0, 0, '07', '2021', 'dev', 0, '-', '2021-01-07 04:31:02', '2021-01-07 04:31:02'),
(1907, '02-0119-267-07-2021', '02-0119-267', '112495', 21, 29008, 609167, 100000, 564662, 120000, 300000, 120000, 250000, 200000, 20, 18, 60000, 150000, 20000, 20000, 120000, 0, 0, 0, '0', 24366.7, 6091.67, 0, 0, 0, '0', 25828.7, 12183.3, 0, 0, 0, '0', 0, 0, 0, 0, 0, 0, '07', '2021', 'dev', 0, '-', '2021-01-07 04:31:02', '2021-01-07 04:31:02'),
(1908, '02-0319-278-07-2021', '02-0319-278', '112496', 21, 29007, 609167, 100000, 566353, 0, 0, 0, 0, 0, 0, 0, 0, 0, 0, 0, 0, 0, 0, 0, '0', 0, 0, 0, 0, 0, '0', 0, 10, 0, 0, 0, '0', 0, 0, 0, 0, 0, 0, '07', '2021', 'dev', 0, '-', '2021-01-07 04:31:02', '2021-01-07 04:31:02'),
(1909, '02-0719-325-07-2021', '02-0719-325', '112497', 21, 29007, 609167, 100000, 568045, 0, 0, 0, 0, 0, 0, 0, 0, 0, 0, 0, 0, 0, 0, 0, '0', 0, 0, 0, 0, 0, '0', 0, 10, 0, 0, 0, '0', 0, 0, 0, 0, 0, 0, '07', '2021', 'dev', 0, '-', '2021-01-07 04:31:02', '2021-01-07 04:31:02'),
(1910, '02-0719-335-07-2021', '02-0719-335', '112498', 21, 29007, 609167, 100000, 569737, 0, 0, 0, 0, 0, 0, 0, 0, 0, 0, 0, 0, 0, 0, 0, '0', 0, 0, 0, 0, 0, '0', 0, 10, 0, 0, 0, '0', 0, 0, 0, 0, 0, 0, '07', '2021', 'dev', 0, '-', '2021-01-07 04:31:02', '2021-01-07 04:31:02'),
(1911, '02-0819-394-07-2021', '02-0819-394', '112499', 21, 29007, 609167, 100000, 571429, 0, 0, 0, 0, 0, 0, 0, 0, 0, 0, 0, 0, 0, 0, 0, '0', 0, 0, 0, 0, 0, '0', 0, 10, 0, 0, 0, '0', 0, 0, 0, 0, 0, 0, '07', '2021', 'dev', 0, '-', '2021-01-07 04:31:02', '2021-01-07 04:31:02'),
(1912, '02-1019-430-07-2021', '02-1019-430', '112500', 21, 29007, 609167, 100000, 573120, 0, 0, 0, 0, 0, 0, 0, 0, 0, 0, 0, 0, 0, 0, 0, '0', 0, 0, 0, 0, 0, '0', 0, 10, 0, 0, 0, '0', 0, 0, 0, 0, 0, 0, '07', '2021', 'dev', 0, '-', '2021-01-07 04:31:02', '2021-01-07 04:31:02'),
(1913, '02-1019-429-07-2021', '02-1019-429', '112501', 21, 29007, 609167, 100000, 574812, 0, 0, 0, 0, 0, 0, 0, 0, 0, 0, 0, 0, 0, 0, 0, '0', 0, 0, 0, 0, 0, '0', 0, 10, 0, 0, 0, '0', 0, 0, 0, 0, 0, 0, '07', '2021', 'dev', 0, '-', '2021-01-07 04:31:02', '2021-01-07 04:31:02'),
(1914, '02-1019-437-07-2021', '02-1019-437', '112502', 21, 29007, 609167, 100000, 576504, 0, 0, 0, 0, 0, 0, 0, 0, 0, 0, 0, 0, 0, 0, 0, '0', 0, 0, 0, 0, 0, '0', 0, 10, 0, 0, 0, '0', 0, 0, 0, 0, 0, 0, '07', '2021', 'dev', 0, '-', '2021-01-07 04:31:02', '2021-01-07 04:31:02'),
(1915, '02-1019-439-07-2021', '02-1019-439', '112503', 21, 29007, 609167, 100000, 578196, 0, 0, 0, 0, 0, 0, 0, 0, 0, 0, 0, 0, 0, 0, 0, '0', 0, 0, 0, 0, 0, '0', 0, 10, 0, 0, 0, '0', 0, 0, 0, 0, 0, 0, '07', '2021', 'dev', 0, '-', '2021-01-07 04:31:02', '2021-01-07 04:31:02'),
(1916, '02-1119-479-07-2021', '02-1119-479', '112504', 21, 29007, 609167, 100000, 579887, 0, 0, 0, 0, 0, 0, 0, 0, 0, 0, 0, 0, 0, 0, 0, '0', 0, 0, 0, 0, 0, '0', 0, 10, 0, 0, 0, '0', 0, 0, 0, 0, 0, 0, '07', '2021', 'dev', 0, '-', '2021-01-07 04:31:02', '2021-01-07 04:31:02'),
(1917, '02-0220-510-07-2021', '02-0220-510', '112505', 21, 29007, 609167, 100000, 581579, 0, 0, 0, 0, 0, 0, 0, 0, 0, 0, 0, 0, 0, 0, 0, '0', 0, 0, 0, 0, 0, '0', 0, 10, 0, 0, 0, '0', 0, 0, 0, 0, 0, 0, '07', '2021', 'dev', 0, '-', '2021-01-07 04:31:02', '2021-01-07 04:31:02'),
(1918, '02-0920-544-07-2021', '02-0920-544', '112506', 21, 29007, 609167, 100000, 583271, 0, 0, 0, 0, 0, 0, 0, 0, 0, 0, 0, 0, 0, 0, 0, '0', 0, 0, 0, 0, 0, '0', 0, 10, 0, 0, 0, '0', 0, 0, 0, 0, 0, 0, '07', '2021', 'dev', 0, '-', '2021-01-07 04:31:02', '2021-01-07 04:31:02');

-- --------------------------------------------------------

--
-- Struktur dari tabel `periode_bulan`
--

CREATE TABLE `periode_bulan` (
  `id` int(11) NOT NULL,
  `periode` text NOT NULL,
  `bulan` text NOT NULL,
  `tahun` int(11) NOT NULL,
  `pic_absen` text NOT NULL DEFAULT '-',
  `pic_gaji` text NOT NULL DEFAULT '-',
  `created_at` datetime NOT NULL DEFAULT current_timestamp() ON UPDATE current_timestamp(),
  `updated_at` datetime NOT NULL DEFAULT current_timestamp() ON UPDATE current_timestamp()
) ENGINE=InnoDB DEFAULT CHARSET=utf8mb4;

--
-- Dumping data untuk tabel `periode_bulan`
--

INSERT INTO `periode_bulan` (`id`, `periode`, `bulan`, `tahun`, `pic_absen`, `pic_gaji`, `created_at`, `updated_at`) VALUES
(1, 'Januari 2021', '01', 2021, 'dev', 'dev', '2021-01-03 14:23:19', '2021-01-03 14:23:19'),
(2, 'Februari 2021', '02', 2021, 'dev', '-', '2020-12-26 11:28:50', '2020-12-26 11:28:50'),
(3, 'Maret 2021', '03', 2021, 'dev', '-', '2020-12-26 16:42:41', '2020-12-26 16:42:41'),
(4, 'April 2021', '04', 2021, 'dev', '-', '2020-12-29 12:13:32', '2020-12-29 12:13:32'),
(5, 'Mei 2021', '05', 2021, 'dev', '-', '2020-12-29 14:36:29', '2020-12-29 14:36:29'),
(6, 'Juni 2021', '06', 2021, 'dev', '-', '2020-12-30 15:10:56', '2020-12-30 15:10:56'),
(7, 'Juli 2021', '07', 2021, 'dev', '-', '2021-01-07 11:31:02', '2021-01-07 11:31:02');

-- --------------------------------------------------------

--
-- Struktur dari tabel `periode_tahun`
--

CREATE TABLE `periode_tahun` (
  `id` int(11) NOT NULL,
  `tahun` int(11) NOT NULL DEFAULT 0,
  `created_at` datetime NOT NULL DEFAULT current_timestamp(),
  `updated_at` datetime NOT NULL DEFAULT current_timestamp()
) ENGINE=InnoDB DEFAULT CHARSET=utf8mb4;

--
-- Dumping data untuk tabel `periode_tahun`
--

INSERT INTO `periode_tahun` (`id`, `tahun`, `created_at`, `updated_at`) VALUES
(1, 2020, '2020-12-18 11:22:31', '2020-12-18 11:22:31'),
(2, 2021, '2020-12-18 11:22:40', '2020-12-18 11:22:40'),
(3, 2023, '2020-12-18 06:38:48', '2020-12-18 06:38:48'),
(4, 2022, '2020-12-18 06:40:41', '2020-12-18 06:40:41'),
(5, 2024, '2020-12-18 06:40:51', '2020-12-18 06:40:51'),
(6, 2025, '2020-12-18 06:40:59', '2020-12-18 06:40:59'),
(7, 2026, '2020-12-30 08:03:50', '2020-12-30 08:03:50');

-- --------------------------------------------------------

--
-- Struktur dari tabel `presentasi_karyawan`
--

CREATE TABLE `presentasi_karyawan` (
  `id` int(11) NOT NULL,
  `id_gaji` text NOT NULL DEFAULT '-',
  `nip` text NOT NULL,
  `libur` int(11) NOT NULL DEFAULT 0,
  `ph` int(11) NOT NULL DEFAULT 0,
  `izin` int(11) NOT NULL DEFAULT 0,
  `alfa` int(11) NOT NULL DEFAULT 0,
  `sakit` int(11) NOT NULL DEFAULT 0,
  `cuti` int(11) NOT NULL DEFAULT 0,
  `terlambat` int(11) NOT NULL DEFAULT 0,
  `terlambat_dgn_form` int(11) NOT NULL DEFAULT 0,
  `masuk` int(11) NOT NULL DEFAULT 0,
  `total_hari` int(11) NOT NULL DEFAULT 0,
  `bulan` int(11) NOT NULL DEFAULT 0,
  `tahun` int(11) NOT NULL DEFAULT 0,
  `idPeriode` int(11) NOT NULL,
  `reff` text NOT NULL DEFAULT '-',
  `created_at` datetime NOT NULL DEFAULT current_timestamp() ON UPDATE current_timestamp(),
  `updated_at` datetime NOT NULL DEFAULT current_timestamp() ON UPDATE current_timestamp()
) ENGINE=InnoDB DEFAULT CHARSET=utf8mb4;

--
-- Dumping data untuk tabel `presentasi_karyawan`
--

INSERT INTO `presentasi_karyawan` (`id`, `id_gaji`, `nip`, `libur`, `ph`, `izin`, `alfa`, `sakit`, `cuti`, `terlambat`, `terlambat_dgn_form`, `masuk`, `total_hari`, `bulan`, `tahun`, `idPeriode`, `reff`, `created_at`, `updated_at`) VALUES
(3316, '02-1018-071-05-2021', '02-1018-071', 7, 0, 0, 0, 0, 0, 1, 1, 21, 28, 5, 2021, 5, 'dev', '2020-12-29 07:36:27', '2020-12-29 07:36:27'),
(3317, '02-0719-389-05-2021', '02-0719-389', 7, 0, 0, 0, 0, 1, 3, 0, 20, 28, 5, 2021, 5, 'dev', '2020-12-29 07:36:27', '2020-12-29 07:36:27'),
(3318, '02-0919-416-05-2021', '02-0919-416', 8, 0, 0, 0, 0, 1, 0, 0, 19, 28, 5, 2021, 5, 'dev', '2020-12-29 07:36:27', '2020-12-29 07:36:27'),
(3319, '02-1019-427-05-2021', '02-1019-427', 7, 0, 0, 0, 0, 0, 0, 0, 21, 28, 5, 2021, 5, 'dev', '2020-12-29 07:36:27', '2020-12-29 07:36:27'),
(3320, '02-1019-442-05-2021', '02-1019-442', 8, 1, 0, 0, 0, 0, 0, 0, 19, 28, 5, 2021, 5, 'dev', '2020-12-29 07:36:27', '2020-12-29 07:36:27'),
(3321, '02-1019-441-05-2021', '02-1019-441', 8, 0, 0, 0, 0, 0, 0, 0, 20, 28, 5, 2021, 5, 'dev', '2020-12-29 07:36:27', '2020-12-29 07:36:27'),
(3322, '02-1119-445-05-2021', '02-1119-445', 8, 0, 0, 0, 0, 2, 0, 0, 18, 28, 5, 2021, 5, 'dev', '2020-12-29 07:36:27', '2020-12-29 07:36:27'),
(3323, '02-0320-521-05-2021', '02-0320-521', 6, 1, 0, 0, 0, 1, 0, 0, 20, 28, 5, 2021, 5, 'dev', '2020-12-29 07:36:27', '2020-12-29 07:36:27'),
(3324, '02-0320-524-05-2021', '02-0320-524', 7, 0, 0, 0, 0, 2, 0, 0, 19, 28, 5, 2021, 5, 'dev', '2020-12-29 07:36:27', '2020-12-29 07:36:27'),
(3325, '02-0418-015-05-2021', '02-0418-015', 8, 0, 0, 0, 0, 1, 0, 0, 14, 23, 5, 2021, 5, 'dev', '2020-12-29 07:36:27', '2020-12-29 07:36:27'),
(3326, '02-0418-019-05-2021', '02-0418-019', 9, 0, 0, 0, 0, 0, 4, 3, 19, 28, 5, 2021, 5, 'dev', '2020-12-29 07:36:27', '2020-12-29 07:36:27'),
(3327, '02-1018-067-05-2021', '02-1018-067', 8, 0, 0, 0, 0, 0, 0, 0, 20, 28, 5, 2021, 5, 'dev', '2020-12-29 07:36:27', '2020-12-29 07:36:27'),
(3328, '02-0918-061-05-2021', '02-0918-061', 9, 2, 0, 0, 0, 0, 0, 0, 17, 28, 5, 2021, 5, 'dev', '2020-12-29 07:36:27', '2020-12-29 07:36:27'),
(3329, '02-0918-059-05-2021', '02-0918-059', 10, 0, 0, 0, 0, 0, 0, 0, 18, 28, 5, 2021, 5, 'dev', '2020-12-29 07:36:27', '2020-12-29 07:36:27'),
(3330, '02-1118-093-05-2021', '02-1118-093', 7, 0, 0, 0, 0, 2, 0, 0, 19, 28, 5, 2021, 5, 'dev', '2020-12-29 07:36:27', '2020-12-29 07:36:27'),
(3331, '02-1218-209-05-2021', '02-1218-209', 6, 0, 0, 0, 0, 3, 0, 0, 19, 28, 5, 2021, 5, 'dev', '2020-12-29 07:36:27', '2020-12-29 07:36:27'),
(3332, '02-1218-200-05-2021', '02-1218-200', 8, 0, 0, 0, 0, 2, 0, 0, 18, 28, 5, 2021, 5, 'dev', '2020-12-29 07:36:27', '2020-12-29 07:36:27'),
(3333, '02-1218-206-05-2021', '02-1218-206', 8, 0, 0, 0, 0, 2, 0, 0, 18, 28, 5, 2021, 5, 'dev', '2020-12-29 07:36:27', '2020-12-29 07:36:27'),
(3334, '02-1218-249-05-2021', '02-1218-249', 8, 0, 0, 0, 0, 3, 1, 1, 17, 28, 5, 2021, 5, 'dev', '2020-12-29 07:36:27', '2020-12-29 07:36:27'),
(3335, '02-0119-266-05-2021', '02-0119-266', 10, 0, 0, 0, 0, 1, 0, 1, 17, 28, 5, 2021, 5, 'dev', '2020-12-29 07:36:27', '2020-12-29 07:36:27'),
(3336, '02-0219-269-05-2021', '02-0219-269', 9, 0, 0, 0, 0, 1, 1, 1, 18, 28, 5, 2021, 5, 'dev', '2020-12-29 07:36:27', '2020-12-29 07:36:27'),
(3337, '02-0219-270-05-2021', '02-0219-270', 8, 0, 0, 0, 0, 5, 0, 3, 15, 28, 5, 2021, 5, 'dev', '2020-12-29 07:36:27', '2020-12-29 07:36:27'),
(3338, '02-0319-271-05-2021', '02-0319-271', 11, 0, 0, 0, 0, 0, 0, 0, 17, 28, 5, 2021, 5, 'dev', '2020-12-29 07:36:27', '2020-12-29 07:36:27'),
(3339, '02-0319-282-05-2021', '02-0319-282', 11, 0, 0, 0, 0, 0, 0, 0, 17, 28, 5, 2021, 5, 'dev', '2020-12-29 07:36:27', '2020-12-29 07:36:27'),
(3340, '02-1119-446-05-2021', '02-1119-446', 9, 0, 0, 0, 0, 2, 0, 0, 17, 28, 5, 2021, 5, 'dev', '2020-12-29 07:36:27', '2020-12-29 07:36:27'),
(3341, '02-1119-478-05-2021', '02-1119-478', 12, 0, 0, 0, 0, 4, 0, 1, 12, 28, 5, 2021, 5, 'dev', '2020-12-29 07:36:27', '2020-12-29 07:36:27'),
(3342, '02-1020-571-05-2021', '02-1020-571', 9, 0, 0, 0, 0, 0, 0, 0, 19, 28, 5, 2021, 5, 'dev', '2020-12-29 07:36:27', '2020-12-29 07:36:27'),
(3343, '02-0719-388-05-2021', '02-0719-388', 11, 0, 0, 0, 0, 0, 0, 0, 17, 28, 5, 2021, 5, 'dev', '2020-12-29 07:36:27', '2020-12-29 07:36:27'),
(3344, '02-0719-373-05-2021', '02-0719-373', 8, 0, 0, 0, 0, 0, 0, 0, 20, 28, 5, 2021, 5, 'dev', '2020-12-29 07:36:27', '2020-12-29 07:36:27'),
(3345, '02-0718-027-05-2021', '02-0718-027', 6, 0, 0, 0, 0, 0, 0, 0, 22, 28, 5, 2021, 5, 'dev', '2020-12-29 07:36:27', '2020-12-29 07:36:27'),
(3346, '02-0418-012-05-2021', '02-0418-012', 8, 0, 0, 0, 0, 0, 0, 0, 20, 28, 5, 2021, 5, 'dev', '2020-12-29 07:36:27', '2020-12-29 07:36:27'),
(3347, '01-0217-007-05-2021', '01-0217-007', 0, 0, 0, 0, 0, 28, 0, 0, 0, 28, 5, 2021, 5, 'dev', '2020-12-29 07:36:27', '2020-12-29 07:36:27'),
(3348, '02-0418-016-05-2021', '02-0418-016', 9, 0, 0, 0, 0, 0, 0, 0, 19, 28, 5, 2021, 5, 'dev', '2020-12-29 07:36:27', '2020-12-29 07:36:27'),
(3349, '02-0117-009-05-2021', '02-0117-009', 8, 0, 0, 0, 0, 1, 0, 0, 19, 28, 5, 2021, 5, 'dev', '2020-12-29 07:36:27', '2020-12-29 07:36:27'),
(3350, '02-0918-057-05-2021', '02-0918-057', 7, 0, 0, 0, 0, 1, 0, 0, 20, 28, 5, 2021, 5, 'dev', '2020-12-29 07:36:27', '2020-12-29 07:36:27'),
(3351, '02-1118-094-05-2021', '02-1118-094', 9, 0, 0, 0, 0, 0, 3, 2, 19, 28, 5, 2021, 5, 'dev', '2020-12-29 07:36:27', '2020-12-29 07:36:27'),
(3352, '02-1118-087-05-2021', '02-1118-087', 8, 0, 0, 0, 0, 2, 1, 0, 18, 28, 5, 2021, 5, 'dev', '2020-12-29 07:36:27', '2020-12-29 07:36:27'),
(3353, '02-1118-174-05-2021', '02-1118-174', 8, 0, 0, 0, 0, 2, 0, 0, 18, 28, 5, 2021, 5, 'dev', '2020-12-29 07:36:27', '2020-12-29 07:36:27'),
(3354, '02-1118-175-05-2021', '02-1118-175', 8, 0, 0, 0, 0, 1, 1, 0, 19, 28, 5, 2021, 5, 'dev', '2020-12-29 07:36:27', '2020-12-29 07:36:27'),
(3355, '02-1118-176-05-2021', '02-1118-176', 6, 1, 0, 0, 0, 0, 0, 0, 21, 28, 5, 2021, 5, 'dev', '2020-12-29 07:36:27', '2020-12-29 07:36:27'),
(3356, '02-1118-119-05-2021', '02-1118-119', 3, 0, 0, 0, 0, 0, 0, 0, 11, 14, 5, 2021, 5, 'dev', '2020-12-29 07:36:27', '2020-12-29 07:36:27'),
(3357, '02-1218-214-05-2021', '02-1218-214', 10, 0, 0, 0, 0, 2, 0, 2, 16, 28, 5, 2021, 5, 'dev', '2020-12-29 07:36:27', '2020-12-29 07:36:27'),
(3358, '02-1218-216-05-2021', '02-1218-216', 8, 1, 0, 0, 0, 0, 0, 0, 19, 28, 5, 2021, 5, 'dev', '2020-12-29 07:36:27', '2020-12-29 07:36:27'),
(3359, '02-0119-252-05-2021', '02-0119-252', 8, 0, 0, 0, 0, 0, 0, 0, 20, 28, 5, 2021, 5, 'dev', '2020-12-29 07:36:27', '2020-12-29 07:36:27'),
(3360, '02-0419-284-05-2021', '02-0419-284', 6, 0, 0, 0, 0, 0, 0, 0, 22, 28, 5, 2021, 5, 'dev', '2020-12-29 07:36:27', '2020-12-29 07:36:27'),
(3361, '02-1019-428-05-2021', '02-1019-428', 8, 1, 0, 0, 0, 0, 0, 1, 19, 28, 5, 2021, 5, 'dev', '2020-12-29 07:36:27', '2020-12-29 07:36:27'),
(3362, '02-1019-443-05-2021', '02-1019-443', 8, 0, 0, 0, 0, 0, 0, 0, 20, 28, 5, 2021, 5, 'dev', '2020-12-29 07:36:27', '2020-12-29 07:36:27'),
(3363, '02-1019-477-05-2021', '02-1019-477', 8, 2, 0, 0, 0, 0, 0, 0, 18, 28, 5, 2021, 5, 'dev', '2020-12-29 07:36:28', '2020-12-29 07:36:28'),
(3364, '02-1119-477-05-2021', '02-1119-477', 9, 0, 0, 0, 0, 4, 2, 1, 15, 28, 5, 2021, 5, 'dev', '2020-12-29 07:36:28', '2020-12-29 07:36:28'),
(3365, '02-0220-515-05-2021', '02-0220-515', 7, 0, 0, 0, 0, 0, 0, 0, 21, 28, 5, 2021, 5, 'dev', '2020-12-29 07:36:28', '2020-12-29 07:36:28'),
(3366, '02-1020-572-05-2021', '02-1020-572', 8, 1, 0, 0, 0, 1, 0, 0, 18, 28, 5, 2021, 5, 'dev', '2020-12-29 07:36:28', '2020-12-29 07:36:28'),
(3367, '02-0920-545-05-2021', '02-0920-545', 7, 0, 0, 0, 0, 0, 0, 0, 21, 28, 5, 2021, 5, 'dev', '2020-12-29 07:36:28', '2020-12-29 07:36:28'),
(3368, '02-0818-049-05-2021', '02-0818-049', 8, 0, 0, 0, 0, 2, 0, 0, 18, 28, 5, 2021, 5, 'dev', '2020-12-29 07:36:28', '2020-12-29 07:36:28'),
(3369, '02-0818-050-05-2021', '02-0818-050', 8, 0, 0, 0, 0, 0, 0, 0, 20, 28, 5, 2021, 5, 'dev', '2020-12-29 07:36:28', '2020-12-29 07:36:28'),
(3370, '02-1018-065-05-2021', '02-1018-065', 8, 0, 0, 0, 0, 0, 0, 0, 20, 28, 5, 2021, 5, 'dev', '2020-12-29 07:36:28', '2020-12-29 07:36:28'),
(3371, '02-1118-081-05-2021', '02-1118-081', 8, 0, 0, 0, 0, 4, 0, 0, 16, 28, 5, 2021, 5, 'dev', '2020-12-29 07:36:28', '2020-12-29 07:36:28'),
(3372, '02-1218-183-05-2021', '02-1218-183', 9, 0, 0, 0, 0, 1, 0, 0, 18, 28, 5, 2021, 5, 'dev', '2020-12-29 07:36:28', '2020-12-29 07:36:28'),
(3373, '02-1118-153-05-2021', '02-1118-153', 8, 0, 0, 0, 0, 0, 0, 0, 20, 28, 5, 2021, 5, 'dev', '2020-12-29 07:36:28', '2020-12-29 07:36:28'),
(3374, '02-1118-147-05-2021', '02-1118-147', 8, 0, 0, 0, 0, 1, 0, 0, 19, 28, 5, 2021, 5, 'dev', '2020-12-29 07:36:28', '2020-12-29 07:36:28'),
(3375, '02-1118-138-05-2021', '02-1118-138', 9, 0, 0, 0, 0, 3, 0, 0, 16, 28, 5, 2021, 5, 'dev', '2020-12-29 07:36:28', '2020-12-29 07:36:28'),
(3376, '02-1118-146-05-2021', '02-1118-146', 8, 1, 0, 0, 0, 2, 0, 0, 17, 28, 5, 2021, 5, 'dev', '2020-12-29 07:36:28', '2020-12-29 07:36:28'),
(3377, '02-1118-129-05-2021', '02-1118-129', 9, 1, 0, 0, 0, 0, 0, 0, 18, 28, 5, 2021, 5, 'dev', '2020-12-29 07:36:28', '2020-12-29 07:36:28'),
(3378, '02-1118-152-05-2021', '02-1118-152', 9, 0, 0, 0, 0, 3, 0, 0, 16, 28, 5, 2021, 5, 'dev', '2020-12-29 07:36:28', '2020-12-29 07:36:28'),
(3379, '02-1118-141-05-2021', '02-1118-141', 8, 0, 0, 0, 0, 3, 0, 0, 17, 28, 5, 2021, 5, 'dev', '2020-12-29 07:36:28', '2020-12-29 07:36:28'),
(3380, '02-1118-145-05-2021', '02-1118-145', 9, 0, 0, 0, 0, 3, 0, 0, 16, 28, 5, 2021, 5, 'dev', '2020-12-29 07:36:28', '2020-12-29 07:36:28'),
(3381, '02-1118-159-05-2021', '02-1118-159', 9, 0, 0, 0, 0, 0, 0, 0, 19, 28, 5, 2021, 5, 'dev', '2020-12-29 07:36:28', '2020-12-29 07:36:28'),
(3382, '02-1118-139-05-2021', '02-1118-139', 7, 0, 1, 0, 0, 3, 0, 0, 17, 28, 5, 2021, 5, 'dev', '2020-12-29 07:36:28', '2020-12-29 07:36:28'),
(3383, '02-1118-161-05-2021', '02-1118-161', 8, 0, 0, 0, 0, 0, 0, 0, 20, 28, 5, 2021, 5, 'dev', '2020-12-29 07:36:28', '2020-12-29 07:36:28'),
(3384, '02-1118-156-05-2021', '02-1118-156', 9, 0, 0, 0, 0, 3, 0, 0, 16, 28, 5, 2021, 5, 'dev', '2020-12-29 07:36:28', '2020-12-29 07:36:28'),
(3385, '02-1118-143-05-2021', '02-1118-143', 10, 0, 0, 0, 1, 0, 0, 0, 17, 28, 5, 2021, 5, 'dev', '2020-12-29 07:36:28', '2020-12-29 07:36:28'),
(3386, '02-1118-134-05-2021', '02-1118-134', 9, 0, 0, 0, 0, 3, 1, 1, 16, 28, 5, 2021, 5, 'dev', '2020-12-29 07:36:28', '2020-12-29 07:36:28'),
(3387, '02-1118-132-05-2021', '02-1118-132', 9, 0, 0, 0, 0, 3, 0, 0, 16, 28, 5, 2021, 5, 'dev', '2020-12-29 07:36:28', '2020-12-29 07:36:28'),
(3388, '02-1218-179-05-2021', '02-1218-179', 9, 0, 0, 0, 0, 0, 1, 0, 19, 28, 5, 2021, 5, 'dev', '2020-12-29 07:36:28', '2020-12-29 07:36:28'),
(3389, '02-1218-213-05-2021', '02-1218-213', 8, 1, 0, 0, 0, 2, 0, 0, 17, 28, 5, 2021, 5, 'dev', '2020-12-29 07:36:28', '2020-12-29 07:36:28'),
(3390, '02-1118-158-05-2021', '02-1118-158', 8, 0, 0, 0, 0, 3, 0, 0, 17, 28, 5, 2021, 5, 'dev', '2020-12-29 07:36:28', '2020-12-29 07:36:28'),
(3391, '02-1118-154-05-2021', '02-1118-154', 8, 0, 0, 0, 0, 3, 0, 0, 17, 28, 5, 2021, 5, 'dev', '2020-12-29 07:36:28', '2020-12-29 07:36:28'),
(3392, '02-1218-193-05-2021', '02-1218-193', 9, 0, 0, 0, 0, 1, 0, 0, 18, 28, 5, 2021, 5, 'dev', '2020-12-29 07:36:28', '2020-12-29 07:36:28'),
(3393, '02-1218-202-05-2021', '02-1218-202', 7, 0, 0, 0, 0, 3, 0, 0, 18, 28, 5, 2021, 5, 'dev', '2020-12-29 07:36:28', '2020-12-29 07:36:28'),
(3394, '02-1218-186-05-2021', '02-1218-186', 6, 0, 0, 0, 0, 2, 0, 0, 13, 21, 5, 2021, 5, 'dev', '2020-12-29 07:36:28', '2020-12-29 07:36:28'),
(3395, '02-1218-197-05-2021', '02-1218-197', 8, 0, 0, 0, 0, 0, 0, 0, 20, 28, 5, 2021, 5, 'dev', '2020-12-29 07:36:28', '2020-12-29 07:36:28'),
(3396, '02-1218-192-05-2021', '02-1218-192', 8, 0, 0, 0, 0, 3, 0, 0, 17, 28, 5, 2021, 5, 'dev', '2020-12-29 07:36:28', '2020-12-29 07:36:28'),
(3397, '02-1118-127-05-2021', '02-1118-127', 6, 0, 0, 0, 0, 0, 0, 0, 22, 28, 5, 2021, 5, 'dev', '2020-12-29 07:36:28', '2020-12-29 07:36:28'),
(3398, '02-1118-151-05-2021', '02-1118-151', 9, 0, 0, 0, 0, 0, 0, 0, 19, 28, 5, 2021, 5, 'dev', '2020-12-29 07:36:28', '2020-12-29 07:36:28'),
(3399, '02-1218-178-05-2021', '02-1218-178', 8, 0, 0, 0, 0, 2, 0, 0, 18, 28, 5, 2021, 5, 'dev', '2020-12-29 07:36:28', '2020-12-29 07:36:28'),
(3400, '02-1118-173-05-2021', '02-1118-173', 8, 0, 0, 0, 0, 0, 0, 0, 20, 28, 5, 2021, 5, 'dev', '2020-12-29 07:36:28', '2020-12-29 07:36:28'),
(3401, '02-1218-225-05-2021', '02-1218-225', 8, 1, 0, 0, 0, 2, 0, 0, 17, 28, 5, 2021, 5, 'dev', '2020-12-29 07:36:28', '2020-12-29 07:36:28'),
(3402, '02-1218-234-05-2021', '02-1218-234', 8, 1, 0, 0, 0, 2, 0, 0, 17, 28, 5, 2021, 5, 'dev', '2020-12-29 07:36:28', '2020-12-29 07:36:28'),
(3403, '02-1218-238-05-2021', '02-1218-238', 9, 0, 0, 0, 0, 3, 0, 0, 16, 28, 5, 2021, 5, 'dev', '2020-12-29 07:36:28', '2020-12-29 07:36:28'),
(3404, '02-1218-236-05-2021', '02-1218-236', 8, 1, 0, 0, 0, 1, 0, 0, 18, 28, 5, 2021, 5, 'dev', '2020-12-29 07:36:28', '2020-12-29 07:36:28'),
(3405, '02-1218-240-05-2021', '02-1218-240', 9, 0, 0, 0, 0, 0, 0, 0, 19, 28, 5, 2021, 5, 'dev', '2020-12-29 07:36:28', '2020-12-29 07:36:28'),
(3406, '02-1218-239-05-2021', '02-1218-239', 9, 1, 0, 0, 0, 1, 0, 0, 17, 28, 5, 2021, 5, 'dev', '2020-12-29 07:36:28', '2020-12-29 07:36:28'),
(3407, '02-1218-237-05-2021', '02-1218-237', 6, 1, 0, 0, 0, 2, 0, 0, 19, 28, 5, 2021, 5, 'dev', '2020-12-29 07:36:28', '2020-12-29 07:36:28'),
(3408, '02-1218-243-05-2021', '02-1218-243', 9, 0, 0, 0, 0, 1, 0, 0, 18, 28, 5, 2021, 5, 'dev', '2020-12-29 07:36:28', '2020-12-29 07:36:28'),
(3409, '02-0119-258-05-2021', '02-0119-258', 9, 0, 0, 0, 0, 0, 1, 0, 19, 28, 5, 2021, 5, 'dev', '2020-12-29 07:36:28', '2020-12-29 07:36:28'),
(3410, '02-0119-265-05-2021', '02-0119-265', 9, 1, 0, 0, 0, 0, 0, 0, 18, 28, 5, 2021, 5, 'dev', '2020-12-29 07:36:28', '2020-12-29 07:36:28'),
(3411, '02-0419-285-05-2021', '02-0419-285', 9, 0, 0, 0, 0, 2, 0, 0, 17, 28, 5, 2021, 5, 'dev', '2020-12-29 07:36:28', '2020-12-29 07:36:28'),
(3412, '02-0419-286-05-2021', '02-0419-286', 9, 0, 0, 0, 0, 0, 0, 0, 19, 28, 5, 2021, 5, 'dev', '2020-12-29 07:36:28', '2020-12-29 07:36:28'),
(3413, '02-0820-532-05-2021', '02-0820-532', 9, 0, 0, 0, 0, 1, 0, 0, 18, 28, 5, 2021, 5, 'dev', '2020-12-29 07:36:28', '2020-12-29 07:36:28'),
(3414, '02-0919-418-05-2021', '02-0919-418', 8, 1, 0, 0, 0, 0, 0, 0, 19, 28, 5, 2021, 5, 'dev', '2020-12-29 07:36:28', '2020-12-29 07:36:28'),
(3415, '02-0919-422-05-2021', '02-0919-422', 8, 0, 0, 0, 0, 0, 0, 0, 20, 28, 5, 2021, 5, 'dev', '2020-12-29 07:36:28', '2020-12-29 07:36:28'),
(3416, '02-0919-420-05-2021', '02-0919-420', 8, 0, 0, 0, 0, 0, 0, 0, 20, 28, 5, 2021, 5, 'dev', '2020-12-29 07:36:28', '2020-12-29 07:36:28'),
(3417, '02-0919-421-05-2021', '02-0919-421', 9, 0, 0, 0, 0, 0, 0, 0, 19, 28, 5, 2021, 5, 'dev', '2020-12-29 07:36:28', '2020-12-29 07:36:28'),
(3418, '02-1019-425-05-2021', '02-1019-425', 9, 0, 0, 0, 0, 1, 0, 0, 18, 28, 5, 2021, 5, 'dev', '2020-12-29 07:36:28', '2020-12-29 07:36:28'),
(3419, '02-0820-531-05-2021', '02-0820-531', 9, 0, 0, 0, 0, 0, 0, 0, 19, 28, 5, 2021, 5, 'dev', '2020-12-29 07:36:28', '2020-12-29 07:36:28'),
(3420, '02-0820-533-05-2021', '02-0820-533', 9, 0, 0, 0, 0, 0, 0, 0, 19, 28, 5, 2021, 5, 'dev', '2020-12-29 07:36:28', '2020-12-29 07:36:28'),
(3421, '02-0820-530-05-2021', '02-0820-530', 8, 0, 0, 0, 0, 0, 0, 0, 20, 28, 5, 2021, 5, 'dev', '2020-12-29 07:36:28', '2020-12-29 07:36:28'),
(3422, '02-1219-483-05-2021', '02-1219-483', 9, 0, 0, 0, 0, 0, 0, 0, 19, 28, 5, 2021, 5, 'dev', '2020-12-29 07:36:28', '2020-12-29 07:36:28'),
(3423, '02-0220-514-05-2021', '02-0220-514', 9, 1, 0, 0, 0, 0, 0, 1, 18, 28, 5, 2021, 5, 'dev', '2020-12-29 07:36:28', '2020-12-29 07:36:28'),
(3424, '02-0320-519-05-2021', '02-0320-519', 9, 0, 0, 0, 0, 0, 0, 0, 19, 28, 5, 2021, 5, 'dev', '2020-12-29 07:36:28', '2020-12-29 07:36:28'),
(3425, '02-0320-520-05-2021', '02-0320-520', 9, 0, 0, 0, 0, 0, 0, 1, 19, 28, 5, 2021, 5, 'dev', '2020-12-29 07:36:28', '2020-12-29 07:36:28'),
(3426, '02-0320-525-05-2021', '02-0320-525', 9, 0, 0, 0, 0, 1, 0, 0, 18, 28, 5, 2021, 5, 'dev', '2020-12-29 07:36:28', '2020-12-29 07:36:28'),
(3427, '02-0320-527-05-2021', '02-0320-527', 8, 0, 0, 0, 0, 0, 0, 0, 20, 28, 5, 2021, 5, 'dev', '2020-12-29 07:36:28', '2020-12-29 07:36:28'),
(3428, '02-0320-528-05-2021', '02-0320-528', 9, 1, 0, 0, 0, 0, 0, 0, 18, 28, 5, 2021, 5, 'dev', '2020-12-29 07:36:28', '2020-12-29 07:36:28'),
(3429, '02-1219-501-05-2021', '02-1219-501', 9, 1, 0, 0, 0, 0, 0, 0, 18, 28, 5, 2021, 5, 'dev', '2020-12-29 07:36:28', '2020-12-29 07:36:28'),
(3430, '02-0719-359-05-2021', '02-0719-359', 8, 0, 0, 0, 0, 0, 0, 0, 20, 28, 5, 2021, 5, 'dev', '2020-12-29 07:36:28', '2020-12-29 07:36:28'),
(3431, '02-0719-349-05-2021', '02-0719-349', 9, 0, 0, 0, 0, 0, 0, 0, 19, 28, 5, 2021, 5, 'dev', '2020-12-29 07:36:28', '2020-12-29 07:36:28'),
(3432, '02-0719-384-05-2021', '02-0719-384', 7, 0, 0, 0, 0, 0, 0, 0, 21, 28, 5, 2021, 5, 'dev', '2020-12-29 07:36:28', '2020-12-29 07:36:28'),
(3433, '02-1219-488-05-2021', '02-1219-488', 8, 0, 0, 0, 0, 0, 0, 0, 20, 28, 5, 2021, 5, 'dev', '2020-12-29 07:36:28', '2020-12-29 07:36:28'),
(3434, '02-0719-383-05-2021', '02-0719-383', 8, 0, 0, 0, 0, 0, 0, 0, 20, 28, 5, 2021, 5, 'dev', '2020-12-29 07:36:28', '2020-12-29 07:36:28'),
(3435, '02-0719-381-05-2021', '02-0719-381', 8, 0, 0, 0, 0, 0, 1, 0, 20, 28, 5, 2021, 5, 'dev', '2020-12-29 07:36:28', '2020-12-29 07:36:28'),
(3436, '02-0719-385-05-2021', '02-0719-385', 9, 0, 0, 0, 0, 1, 0, 0, 18, 28, 5, 2021, 5, 'dev', '2020-12-29 07:36:28', '2020-12-29 07:36:28'),
(3437, '02-0719-379-05-2021', '02-0719-379', 9, 0, 0, 0, 1, 0, 0, 2, 18, 28, 5, 2021, 5, 'dev', '2020-12-29 07:36:28', '2020-12-29 07:36:28'),
(3438, '02-0719-362-05-2021', '02-0719-362', 9, 0, 0, 0, 5, 2, 0, 0, 12, 28, 5, 2021, 5, 'dev', '2020-12-29 07:36:28', '2020-12-29 07:36:28'),
(3439, '02-0719-386-05-2021', '02-0719-386', 8, 0, 0, 0, 0, 0, 0, 0, 20, 28, 5, 2021, 5, 'dev', '2020-12-29 07:36:28', '2020-12-29 07:36:28'),
(3440, '02-0920-543-05-2021', '02-0920-543', 8, 0, 0, 0, 0, 2, 0, 0, 18, 28, 5, 2021, 5, 'dev', '2020-12-29 07:36:28', '2020-12-29 07:36:28'),
(3441, '02-1018-066-05-2021', '02-1018-066', 4, 0, 0, 0, 0, 0, 0, 0, 24, 28, 5, 2021, 5, 'dev', '2020-12-29 07:36:28', '2020-12-29 07:36:28'),
(3442, '02-0418-010-05-2021', '02-0418-010', 5, 1, 0, 0, 0, 0, 2, 6, 22, 28, 5, 2021, 5, 'dev', '2020-12-29 07:36:28', '2020-12-29 07:36:28'),
(3443, '01-1117-008-05-2021', '01-1117-008', 3, 0, 0, 0, 0, 0, 0, 0, 25, 28, 5, 2021, 5, 'dev', '2020-12-29 07:36:28', '2020-12-29 07:36:28'),
(3444, '02-0418-011-05-2021', '02-0418-011', 5, 0, 0, 0, 0, 0, 3, 0, 23, 28, 5, 2021, 5, 'dev', '2020-12-29 07:36:28', '2020-12-29 07:36:28'),
(3445, '02-0718-035-05-2021', '02-0718-035', 5, 0, 0, 0, 0, 1, 0, 0, 22, 28, 5, 2021, 5, 'dev', '2020-12-29 07:36:28', '2020-12-29 07:36:28'),
(3446, '02-0718-034-05-2021', '02-0718-034', 5, 1, 0, 0, 0, 0, 2, 1, 22, 28, 5, 2021, 5, 'dev', '2020-12-29 07:36:28', '2020-12-29 07:36:28'),
(3447, '02-0920-541-05-2021', '02-0920-541', 12, 3, 0, 0, 0, 3, 0, 0, 10, 28, 5, 2021, 5, 'dev', '2020-12-29 07:36:28', '2020-12-29 07:36:28'),
(3448, '02-0920-538-05-2021', '02-0920-538', 5, 0, 0, 0, 0, 0, 0, 0, 23, 28, 5, 2021, 5, 'dev', '2020-12-29 07:36:28', '2020-12-29 07:36:28'),
(3449, '02-0920-539-05-2021', '02-0920-539', 4, 1, 0, 0, 0, 0, 1, 0, 23, 28, 5, 2021, 5, 'dev', '2020-12-29 07:36:28', '2020-12-29 07:36:28'),
(3450, '02-0920-540-05-2021', '02-0920-540', 5, 1, 0, 0, 0, 2, 0, 0, 20, 28, 5, 2021, 5, 'dev', '2020-12-29 07:36:28', '2020-12-29 07:36:28'),
(3451, '02-0718-037-05-2021', '02-0718-037', 4, 0, 0, 0, 0, 1, 0, 0, 23, 28, 5, 2021, 5, 'dev', '2020-12-29 07:36:28', '2020-12-29 07:36:28'),
(3452, '02-0920-537-05-2021', '02-0920-537', 5, 0, 0, 0, 0, 0, 1, 0, 23, 28, 5, 2021, 5, 'dev', '2020-12-29 07:36:28', '2020-12-29 07:36:28'),
(3453, '02-0920-536-05-2021', '02-0920-536', 5, 0, 0, 0, 0, 1, 0, 0, 22, 28, 5, 2021, 5, 'dev', '2020-12-29 07:36:28', '2020-12-29 07:36:28'),
(3454, '02-0920-535-05-2021', '02-0920-535', 4, 0, 0, 0, 0, 1, 1, 1, 23, 28, 5, 2021, 5, 'dev', '2020-12-29 07:36:28', '2020-12-29 07:36:28'),
(3455, '01-0117-006-05-2021', '01-0117-006', 8, 1, 0, 0, 0, 0, 0, 0, 19, 28, 5, 2021, 5, 'dev', '2020-12-29 07:36:28', '2020-12-29 07:36:28'),
(3456, '02-0920-542-05-2021', '02-0920-542', 8, 0, 0, 0, 0, 0, 1, 0, 20, 28, 5, 2021, 5, 'dev', '2020-12-29 07:36:28', '2020-12-29 07:36:28'),
(3457, '02-0818-047-05-2021', '02-0818-047', 5, 0, 0, 0, 0, 1, 1, 1, 22, 28, 5, 2021, 5, 'dev', '2020-12-29 07:36:28', '2020-12-29 07:36:28'),
(3458, '02-0920-570-05-2021', '02-0920-570', 5, 1, 0, 0, 0, 0, 0, 0, 22, 28, 5, 2021, 5, 'dev', '2020-12-29 07:36:28', '2020-12-29 07:36:28'),
(3459, '02-0818-053-05-2021', '02-0818-053', 4, 0, 0, 0, 0, 0, 0, 0, 24, 28, 5, 2021, 5, 'dev', '2020-12-29 07:36:28', '2020-12-29 07:36:28'),
(3460, '02-0918-060-05-2021', '02-0918-060', 4, 0, 0, 0, 0, 1, 1, 0, 23, 28, 5, 2021, 5, 'dev', '2020-12-29 07:36:28', '2020-12-29 07:36:28'),
(3461, '02-1018-070-05-2021', '02-1018-070', 5, 0, 0, 0, 0, 1, 0, 0, 22, 28, 5, 2021, 5, 'dev', '2020-12-29 07:36:28', '2020-12-29 07:36:28'),
(3462, '02-1118-096-05-2021', '02-1118-096', 5, 1, 0, 0, 0, 1, 2, 0, 21, 28, 5, 2021, 5, 'dev', '2020-12-29 07:36:28', '2020-12-29 07:36:28'),
(3463, '02-1118-095-05-2021', '02-1118-095', 4, 0, 0, 0, 0, 2, 0, 0, 22, 28, 5, 2021, 5, 'dev', '2020-12-29 07:36:28', '2020-12-29 07:36:28'),
(3464, '02-1118-097-05-2021', '02-1118-097', 5, 0, 0, 0, 0, 2, 0, 0, 21, 28, 5, 2021, 5, 'dev', '2020-12-29 07:36:28', '2020-12-29 07:36:28'),
(3465, '02-1118-160-05-2021', '02-1118-160', 9, 0, 0, 0, 0, 1, 1, 2, 18, 28, 5, 2021, 5, 'dev', '2020-12-29 07:36:28', '2020-12-29 07:36:28'),
(3466, '02-1218-195-05-2021', '02-1218-195', 8, 1, 0, 0, 0, 1, 0, 1, 18, 28, 5, 2021, 5, 'dev', '2020-12-29 07:36:28', '2020-12-29 07:36:28'),
(3467, '02-0319-272-05-2021', '02-0319-272', 5, 0, 0, 0, 0, 0, 1, 0, 23, 28, 5, 2021, 5, 'dev', '2020-12-29 07:36:28', '2020-12-29 07:36:28'),
(3468, '02-0319-281-05-2021', '02-0319-281', 5, 0, 0, 0, 0, 0, 0, 0, 23, 28, 5, 2021, 5, 'dev', '2020-12-29 07:36:28', '2020-12-29 07:36:28'),
(3469, '02-0619-309-05-2021', '02-0619-309', 4, 1, 0, 0, 0, 1, 2, 0, 22, 28, 5, 2021, 5, 'dev', '2020-12-29 07:36:28', '2020-12-29 07:36:28'),
(3470, '02-0819-395-05-2021', '02-0819-395', 4, 0, 0, 0, 0, 0, 0, 0, 24, 28, 5, 2021, 5, 'dev', '2020-12-29 07:36:28', '2020-12-29 07:36:28'),
(3471, '02-0819-392-05-2021', '02-0819-392', 5, 0, 0, 0, 0, 1, 0, 0, 22, 28, 5, 2021, 5, 'dev', '2020-12-29 07:36:28', '2020-12-29 07:36:28'),
(3472, '02-0819-390-05-2021', '02-0819-390', 5, 0, 0, 0, 0, 1, 0, 0, 22, 28, 5, 2021, 5, 'dev', '2020-12-29 07:36:28', '2020-12-29 07:36:28'),
(3473, '02-0919-410-05-2021', '02-0919-410', 5, 0, 0, 0, 0, 0, 0, 0, 23, 28, 5, 2021, 5, 'dev', '2020-12-29 07:36:28', '2020-12-29 07:36:28'),
(3474, '02-0919-412-05-2021', '02-0919-412', 5, 1, 0, 0, 0, 1, 3, 0, 21, 28, 5, 2021, 5, 'dev', '2020-12-29 07:36:28', '2020-12-29 07:36:28'),
(3475, '02-0919-415-05-2021', '02-0919-415', 4, 1, 0, 0, 1, 1, 0, 0, 21, 28, 5, 2021, 5, 'dev', '2020-12-29 07:36:28', '2020-12-29 07:36:28'),
(3476, '02-0619-317-05-2021', '02-0619-317', 5, 3, 0, 0, 0, 0, 0, 0, 20, 28, 5, 2021, 5, 'dev', '2020-12-29 07:36:28', '2020-12-29 07:36:28'),
(3477, '02-1019-426-05-2021', '02-1019-426', 5, 1, 0, 0, 0, 0, 0, 0, 22, 28, 5, 2021, 5, 'dev', '2020-12-29 07:36:28', '2020-12-29 07:36:28'),
(3478, '02-1019-432-05-2021', '02-1019-432', 4, 0, 0, 0, 0, 2, 0, 0, 22, 28, 5, 2021, 5, 'dev', '2020-12-29 07:36:28', '2020-12-29 07:36:28'),
(3479, '02-1019-433-05-2021', '02-1019-433', 4, 0, 0, 0, 0, 2, 1, 0, 22, 28, 5, 2021, 5, 'dev', '2020-12-29 07:36:28', '2020-12-29 07:36:28'),
(3480, '02-1019-434-05-2021', '02-1019-434', 4, 2, 0, 0, 0, 0, 1, 2, 22, 28, 5, 2021, 5, 'dev', '2020-12-29 07:36:28', '2020-12-29 07:36:28'),
(3481, '02-1119-447-05-2021', '02-1119-447', 4, 0, 0, 0, 0, 1, 5, 3, 23, 28, 5, 2021, 5, 'dev', '2020-12-29 07:36:28', '2020-12-29 07:36:28'),
(3482, '02-1119-448-05-2021', '02-1119-448', 5, 0, 0, 0, 0, 3, 1, 0, 20, 28, 5, 2021, 5, 'dev', '2020-12-29 07:36:28', '2020-12-29 07:36:28'),
(3483, '02-0418-014-05-2021', '02-0418-014', 9, 0, 0, 0, 0, 0, 0, 0, 19, 28, 5, 2021, 5, 'dev', '2020-12-29 07:36:28', '2020-12-29 07:36:28'),
(3484, '02-0418-018-05-2021', '02-0418-018', 9, 0, 0, 0, 0, 0, 0, 1, 19, 28, 5, 2021, 5, 'dev', '2020-12-29 07:36:28', '2020-12-29 07:36:28'),
(3485, '02-1018-068-05-2021', '02-1018-068', 9, 0, 0, 0, 0, 0, 0, 1, 19, 28, 5, 2021, 5, 'dev', '2020-12-29 07:36:28', '2020-12-29 07:36:28'),
(3486, '02-1118-089-05-2021', '02-1118-089', 9, 0, 0, 2, 0, 0, 0, 0, 17, 28, 5, 2021, 5, 'dev', '2020-12-29 07:36:28', '2020-12-29 07:36:28'),
(3487, '02-1118-086-05-2021', '02-1118-086', 9, 0, 0, 0, 0, 0, 0, 0, 19, 28, 5, 2021, 5, 'dev', '2020-12-29 07:36:28', '2020-12-29 07:36:28'),
(3488, '02-1118-079-05-2021', '02-1118-079', 9, 0, 0, 0, 0, 0, 0, 0, 19, 28, 5, 2021, 5, 'dev', '2020-12-29 07:36:28', '2020-12-29 07:36:28'),
(3489, '02-1118-084-05-2021', '02-1118-084', 10, 0, 0, 0, 0, 0, 0, 0, 18, 28, 5, 2021, 5, 'dev', '2020-12-29 07:36:28', '2020-12-29 07:36:28'),
(3490, '02-1118-077-05-2021', '02-1118-077', 9, 0, 0, 0, 0, 0, 0, 0, 19, 28, 5, 2021, 5, 'dev', '2020-12-29 07:36:28', '2020-12-29 07:36:28'),
(3491, '02-1118-076-05-2021', '02-1118-076', 9, 0, 0, 0, 0, 2, 0, 0, 17, 28, 5, 2021, 5, 'dev', '2020-12-29 07:36:28', '2020-12-29 07:36:28'),
(3492, '02-1118-090-05-2021', '02-1118-090', 9, 0, 0, 0, 0, 0, 0, 0, 19, 28, 5, 2021, 5, 'dev', '2020-12-29 07:36:28', '2020-12-29 07:36:28'),
(3493, '02-1118-085-05-2021', '02-1118-085', 10, 0, 0, 0, 0, 1, 0, 0, 17, 28, 5, 2021, 5, 'dev', '2020-12-29 07:36:28', '2020-12-29 07:36:28'),
(3494, '02-1218-181-05-2021', '02-1218-181', 9, 0, 0, 0, 0, 1, 0, 0, 18, 28, 5, 2021, 5, 'dev', '2020-12-29 07:36:28', '2020-12-29 07:36:28'),
(3495, '02-1118-100-05-2021', '02-1118-100', 2, 0, 0, 2, 0, 1, 0, 0, 4, 9, 5, 2021, 5, 'dev', '2020-12-29 07:36:28', '2020-12-29 07:36:28'),
(3496, '02-1118-102-05-2021', '02-1118-102', 9, 0, 0, 0, 0, 0, 0, 0, 19, 28, 5, 2021, 5, 'dev', '2020-12-29 07:36:28', '2020-12-29 07:36:28'),
(3497, '02-1118-103-05-2021', '02-1118-103', 10, 0, 1, 0, 0, 0, 0, 0, 17, 28, 5, 2021, 5, 'dev', '2020-12-29 07:36:28', '2020-12-29 07:36:28'),
(3498, '02-1118-099-05-2021', '02-1118-099', 10, 0, 0, 0, 0, 0, 0, 0, 18, 28, 5, 2021, 5, 'dev', '2020-12-29 07:36:28', '2020-12-29 07:36:28'),
(3499, '02-1118-106-05-2021', '02-1118-106', 9, 0, 0, 0, 0, 0, 0, 0, 19, 28, 5, 2021, 5, 'dev', '2020-12-29 07:36:28', '2020-12-29 07:36:28'),
(3500, '02-1118-107-05-2021', '02-1118-107', 8, 0, 0, 0, 0, 0, 0, 0, 20, 28, 5, 2021, 5, 'dev', '2020-12-29 07:36:28', '2020-12-29 07:36:28'),
(3501, '02-1118-108-05-2021', '02-1118-108', 9, 0, 0, 0, 0, 0, 0, 0, 19, 28, 5, 2021, 5, 'dev', '2020-12-29 07:36:28', '2020-12-29 07:36:28'),
(3502, '02-1118-112-05-2021', '02-1118-112', 6, 0, 0, 0, 0, 7, 0, 0, 15, 28, 5, 2021, 5, 'dev', '2020-12-29 07:36:28', '2020-12-29 07:36:28'),
(3503, '02-1118-111-05-2021', '02-1118-111', 10, 0, 0, 0, 0, 0, 0, 0, 18, 28, 5, 2021, 5, 'dev', '2020-12-29 07:36:28', '2020-12-29 07:36:28'),
(3504, '02-1118-113-05-2021', '02-1118-113', 10, 0, 0, 0, 0, 0, 0, 0, 18, 28, 5, 2021, 5, 'dev', '2020-12-29 07:36:28', '2020-12-29 07:36:28'),
(3505, '02-1118-115-05-2021', '02-1118-115', 9, 0, 0, 0, 0, 0, 0, 0, 19, 28, 5, 2021, 5, 'dev', '2020-12-29 07:36:28', '2020-12-29 07:36:28'),
(3506, '02-1118-170-05-2021', '02-1118-170', 10, 0, 0, 0, 0, 0, 0, 0, 18, 28, 5, 2021, 5, 'dev', '2020-12-29 07:36:28', '2020-12-29 07:36:28'),
(3507, '02-1118-123-05-2021', '02-1118-123', 10, 0, 0, 0, 0, 0, 0, 0, 18, 28, 5, 2021, 5, 'dev', '2020-12-29 07:36:28', '2020-12-29 07:36:28'),
(3508, '02-1118-166-05-2021', '02-1118-166', 7, 0, 0, 0, 0, 0, 0, 0, 14, 21, 5, 2021, 5, 'dev', '2020-12-29 07:36:28', '2020-12-29 07:36:28'),
(3509, '02-1118-171-05-2021', '02-1118-171', 10, 0, 1, 0, 0, 0, 0, 0, 17, 28, 5, 2021, 5, 'dev', '2020-12-29 07:36:28', '2020-12-29 07:36:28'),
(3510, '02-1118-124-05-2021', '02-1118-124', 10, 0, 0, 0, 0, 0, 0, 0, 18, 28, 5, 2021, 5, 'dev', '2020-12-29 07:36:28', '2020-12-29 07:36:28'),
(3511, '02-1118-165-05-2021', '02-1118-165', 9, 0, 0, 0, 0, 0, 0, 0, 19, 28, 5, 2021, 5, 'dev', '2020-12-29 07:36:28', '2020-12-29 07:36:28'),
(3512, '02-1118-114-05-2021', '02-1118-114', 6, 0, 0, 0, 0, 5, 0, 0, 7, 18, 5, 2021, 5, 'dev', '2020-12-29 07:36:28', '2020-12-29 07:36:28'),
(3513, '02-1118-117-05-2021', '02-1118-117', 9, 0, 0, 0, 0, 0, 0, 0, 19, 28, 5, 2021, 5, 'dev', '2020-12-29 07:36:28', '2020-12-29 07:36:28'),
(3514, '02-1118-118-05-2021', '02-1118-118', 9, 0, 0, 0, 0, 0, 0, 0, 19, 28, 5, 2021, 5, 'dev', '2020-12-29 07:36:28', '2020-12-29 07:36:28'),
(3515, '02-1118-126-05-2021', '02-1118-126', 9, 0, 0, 0, 0, 0, 0, 0, 19, 28, 5, 2021, 5, 'dev', '2020-12-29 07:36:28', '2020-12-29 07:36:28'),
(3516, '02-1118-169-05-2021', '02-1118-169', 9, 0, 0, 0, 0, 0, 0, 0, 19, 28, 5, 2021, 5, 'dev', '2020-12-29 07:36:28', '2020-12-29 07:36:28'),
(3517, '02-1218-232-05-2021', '02-1218-232', 8, 0, 0, 0, 0, 2, 0, 0, 18, 28, 5, 2021, 5, 'dev', '2020-12-29 07:36:28', '2020-12-29 07:36:28'),
(3518, '02-1218-231-05-2021', '02-1218-231', 8, 0, 0, 0, 0, 2, 0, 0, 18, 28, 5, 2021, 5, 'dev', '2020-12-29 07:36:28', '2020-12-29 07:36:28'),
(3519, '02-0119-251-05-2021', '02-0119-251', 9, 0, 0, 0, 0, 0, 0, 0, 19, 28, 5, 2021, 5, 'dev', '2020-12-29 07:36:28', '2020-12-29 07:36:28'),
(3520, '02-0319-273-05-2021', '02-0319-273', 10, 0, 0, 0, 0, 0, 0, 0, 18, 28, 5, 2021, 5, 'dev', '2020-12-29 07:36:28', '2020-12-29 07:36:28'),
(3521, '02-1020-576-05-2021', '02-1020-576', 9, 0, 0, 0, 0, 0, 0, 0, 19, 28, 5, 2021, 5, 'dev', '2020-12-29 07:36:28', '2020-12-29 07:36:28'),
(3522, '02-0619-311-05-2021', '02-0619-311', 7, 0, 0, 0, 0, 1, 9, 1, 20, 28, 5, 2021, 5, 'dev', '2020-12-29 07:36:28', '2020-12-29 07:36:28'),
(3523, '02-0619-312-05-2021', '02-0619-312', 8, 0, 0, 0, 0, 1, 1, 1, 19, 28, 5, 2021, 5, 'dev', '2020-12-29 07:36:28', '2020-12-29 07:36:28'),
(3524, '02-0719-331-05-2021', '02-0719-331', 9, 0, 0, 0, 0, 1, 0, 0, 18, 28, 5, 2021, 5, 'dev', '2020-12-29 07:36:28', '2020-12-29 07:36:28'),
(3525, '02-0719-333-05-2021', '02-0719-333', 8, 0, 0, 0, 1, 0, 0, 0, 19, 28, 5, 2021, 5, 'dev', '2020-12-29 07:36:28', '2020-12-29 07:36:28'),
(3526, '02-0819-396-05-2021', '02-0819-396', 8, 0, 0, 0, 0, 1, 0, 0, 19, 28, 5, 2021, 5, 'dev', '2020-12-29 07:36:28', '2020-12-29 07:36:28'),
(3527, '02-0719-337-05-2021', '02-0719-337', 9, 0, 0, 0, 0, 0, 0, 0, 19, 28, 5, 2021, 5, 'dev', '2020-12-29 07:36:28', '2020-12-29 07:36:28'),
(3528, '02-0719-339-05-2021', '02-0719-339', 8, 0, 7, 0, 0, 0, 0, 0, 13, 28, 5, 2021, 5, 'dev', '2020-12-29 07:36:28', '2020-12-29 07:36:28'),
(3529, '02-0719-375-05-2021', '02-0719-375', 9, 0, 0, 0, 0, 0, 0, 0, 19, 28, 5, 2021, 5, 'dev', '2020-12-29 07:36:28', '2020-12-29 07:36:28'),
(3530, '02-0919-402-05-2021', '02-0919-402', 10, 0, 0, 0, 0, 0, 0, 0, 18, 28, 5, 2021, 5, 'dev', '2020-12-29 07:36:28', '2020-12-29 07:36:28'),
(3531, '02-0919-403-05-2021', '02-0919-403', 9, 0, 0, 0, 0, 0, 0, 0, 19, 28, 5, 2021, 5, 'dev', '2020-12-29 07:36:28', '2020-12-29 07:36:28'),
(3532, '02-0919-401-05-2021', '02-0919-401', 9, 0, 0, 0, 0, 0, 0, 0, 19, 28, 5, 2021, 5, 'dev', '2020-12-29 07:36:28', '2020-12-29 07:36:28'),
(3533, '02-1019-451-05-2021', '02-1019-451', 12, 0, 0, 0, 0, 1, 0, 0, 15, 28, 5, 2021, 5, 'dev', '2020-12-29 07:36:28', '2020-12-29 07:36:28'),
(3534, '02-1119-452-05-2021', '02-1119-452', 8, 0, 0, 0, 0, 1, 0, 1, 19, 28, 5, 2021, 5, 'dev', '2020-12-29 07:36:28', '2020-12-29 07:36:28'),
(3535, '02-1219-500-05-2021', '02-1219-500', 9, 0, 0, 0, 0, 0, 0, 0, 19, 28, 5, 2021, 5, 'dev', '2020-12-29 07:36:28', '2020-12-29 07:36:28'),
(3536, '02-0220-513-05-2021', '02-0220-513', 9, 0, 1, 0, 0, 0, 0, 0, 18, 28, 5, 2021, 5, 'dev', '2020-12-29 07:36:28', '2020-12-29 07:36:28'),
(3537, '02-0320-517-05-2021', '02-0320-517', 8, 0, 0, 0, 0, 1, 0, 0, 19, 28, 5, 2021, 5, 'dev', '2020-12-29 07:36:28', '2020-12-29 07:36:28'),
(3538, '02-0320-516-05-2021', '02-0320-516', 10, 0, 0, 0, 0, 0, 0, 0, 18, 28, 5, 2021, 5, 'dev', '2020-12-29 07:36:28', '2020-12-29 07:36:28'),
(3539, '02-0320-529-05-2021', '02-0320-529', 10, 0, 0, 0, 0, 0, 0, 0, 18, 28, 5, 2021, 5, 'dev', '2020-12-29 07:36:28', '2020-12-29 07:36:28'),
(3540, '02-0720-534-05-2021', '02-0720-534', 10, 0, 0, 0, 0, 0, 0, 0, 18, 28, 5, 2021, 5, 'dev', '2020-12-29 07:36:28', '2020-12-29 07:36:28'),
(3541, '02-0920-553-05-2021', '02-0920-553', 12, 0, 0, 0, 0, 0, 0, 0, 16, 28, 5, 2021, 5, 'dev', '2020-12-29 07:36:28', '2020-12-29 07:36:28'),
(3542, '02-0920-550-05-2021', '02-0920-550', 14, 0, 0, 0, 0, 0, 0, 0, 14, 28, 5, 2021, 5, 'dev', '2020-12-29 07:36:28', '2020-12-29 07:36:28'),
(3543, '02-0920-547-05-2021', '02-0920-547', 11, 0, 0, 0, 0, 0, 0, 0, 17, 28, 5, 2021, 5, 'dev', '2020-12-29 07:36:28', '2020-12-29 07:36:28'),
(3544, '02-0920-552-05-2021', '02-0920-552', 12, 0, 0, 0, 0, 3, 0, 0, 13, 28, 5, 2021, 5, 'dev', '2020-12-29 07:36:28', '2020-12-29 07:36:28'),
(3545, '02-0920-557-05-2021', '02-0920-557', 12, 0, 0, 0, 1, 1, 0, 0, 14, 28, 5, 2021, 5, 'dev', '2020-12-29 07:36:28', '2020-12-29 07:36:28'),
(3546, '02-0920-563-05-2021', '02-0920-563', 13, 0, 0, 0, 0, 0, 0, 0, 15, 28, 5, 2021, 5, 'dev', '2020-12-29 07:36:28', '2020-12-29 07:36:28'),
(3547, '02-0920-564-05-2021', '02-0920-564', 13, 0, 0, 0, 0, 3, 0, 0, 12, 28, 5, 2021, 5, 'dev', '2020-12-29 07:36:28', '2020-12-29 07:36:28'),
(3548, '02-0920-562-05-2021', '02-0920-562', 11, 0, 0, 0, 0, 0, 0, 0, 17, 28, 5, 2021, 5, 'dev', '2020-12-29 07:36:28', '2020-12-29 07:36:28'),
(3549, '02-0920-566-05-2021', '02-0920-566', 12, 0, 0, 0, 0, 1, 0, 0, 15, 28, 5, 2021, 5, 'dev', '2020-12-29 07:36:28', '2020-12-29 07:36:28'),
(3550, '02-0920-556-05-2021', '02-0920-556', 12, 0, 0, 0, 0, 0, 0, 0, 16, 28, 5, 2021, 5, 'dev', '2020-12-29 07:36:28', '2020-12-29 07:36:28'),
(3551, '02-0920-561-05-2021', '02-0920-561', 12, 0, 0, 0, 0, 0, 0, 0, 16, 28, 5, 2021, 5, 'dev', '2020-12-29 07:36:28', '2020-12-29 07:36:28'),
(3552, '02-0920-568-05-2021', '02-0920-568', 11, 0, 0, 0, 0, 2, 0, 0, 15, 28, 5, 2021, 5, 'dev', '2020-12-29 07:36:28', '2020-12-29 07:36:28'),
(3553, '02-0920-555-05-2021', '02-0920-555', 10, 0, 0, 0, 0, 0, 0, 0, 18, 28, 5, 2021, 5, 'dev', '2020-12-29 07:36:28', '2020-12-29 07:36:28'),
(3554, '02-0920-549-05-2021', '02-0920-549', 13, 0, 0, 0, 0, 1, 0, 0, 14, 28, 5, 2021, 5, 'dev', '2020-12-29 07:36:28', '2020-12-29 07:36:28'),
(3555, '02-0920-554-05-2021', '02-0920-554', 13, 0, 0, 0, 0, 1, 0, 0, 14, 28, 5, 2021, 5, 'dev', '2020-12-29 07:36:28', '2020-12-29 07:36:28'),
(3556, '02-0920-559-05-2021', '02-0920-559', 11, 0, 0, 0, 0, 0, 0, 0, 17, 28, 5, 2021, 5, 'dev', '2020-12-29 07:36:28', '2020-12-29 07:36:28'),
(3557, '02-0920-551-05-2021', '02-0920-551', 13, 0, 0, 0, 0, 0, 0, 0, 15, 28, 5, 2021, 5, 'dev', '2020-12-29 07:36:28', '2020-12-29 07:36:28'),
(3558, '02-0920-560-05-2021', '02-0920-560', 11, 0, 0, 0, 0, 0, 0, 0, 17, 28, 5, 2021, 5, 'dev', '2020-12-29 07:36:28', '2020-12-29 07:36:28'),
(3559, '02-0920-565-05-2021', '02-0920-565', 12, 0, 0, 0, 0, 1, 0, 0, 15, 28, 5, 2021, 5, 'dev', '2020-12-29 07:36:28', '2020-12-29 07:36:28'),
(3560, '02-0920-558-05-2021', '02-0920-558', 13, 0, 0, 0, 0, 3, 0, 0, 12, 28, 5, 2021, 5, 'dev', '2020-12-29 07:36:28', '2020-12-29 07:36:28'),
(3561, '02-0920-569-05-2021', '02-0920-569', 13, 0, 0, 0, 0, 1, 0, 0, 14, 28, 5, 2021, 5, 'dev', '2020-12-29 07:36:28', '2020-12-29 07:36:28'),
(3562, '02-0920-567-05-2021', '02-0920-567', 13, 0, 0, 0, 1, 1, 0, 0, 13, 28, 5, 2021, 5, 'dev', '2020-12-29 07:36:28', '2020-12-29 07:36:28'),
(3563, '02-0920-546-05-2021', '02-0920-546', 9, 0, 0, 0, 0, 1, 0, 1, 18, 28, 5, 2021, 5, 'dev', '2020-12-29 07:36:28', '2020-12-29 07:36:28'),
(3564, '02-0719-358-05-2021', '02-0719-358', 9, 0, 0, 0, 0, 0, 0, 0, 19, 28, 5, 2021, 5, 'dev', '2020-12-29 07:36:28', '2020-12-29 07:36:28'),
(3565, '02-0719-374-05-2021', '02-0719-374', 9, 0, 0, 0, 0, 0, 0, 0, 19, 28, 5, 2021, 5, 'dev', '2020-12-29 07:36:28', '2020-12-29 07:36:28'),
(3566, '02-0719-351-05-2021', '02-0719-351', 9, 0, 0, 0, 0, 1, 0, 0, 18, 28, 5, 2021, 5, 'dev', '2020-12-29 07:36:28', '2020-12-29 07:36:28'),
(3567, '02-0719-350-05-2021', '02-0719-350', 9, 0, 0, 0, 0, 0, 0, 0, 19, 28, 5, 2021, 5, 'dev', '2020-12-29 07:36:28', '2020-12-29 07:36:28'),
(3568, '02-0719-353-05-2021', '02-0719-353', 10, 0, 0, 1, 0, 0, 0, 0, 17, 28, 5, 2021, 5, 'dev', '2020-12-29 07:36:28', '2020-12-29 07:36:28'),
(3569, '02-0719-340-05-2021', '02-0719-340', 7, 0, 0, 0, 0, 0, 0, 1, 14, 21, 5, 2021, 5, 'dev', '2020-12-29 07:36:28', '2020-12-29 07:36:28'),
(3570, '02-1219-492-05-2021', '02-1219-492', 5, 0, 0, 0, 0, 1, 0, 0, 8, 14, 5, 2021, 5, 'dev', '2020-12-29 07:36:28', '2020-12-29 07:36:28'),
(3571, '02-1120-580-05-2021', '02-1120-580', 3, 0, 0, 0, 0, 0, 0, 0, 6, 9, 5, 2021, 5, 'dev', '2020-12-29 07:36:28', '2020-12-29 07:36:28'),
(3572, '02-1120-582-05-2021', '02-1120-582', 2, 0, 0, 0, 0, 0, 0, 0, 7, 9, 5, 2021, 5, 'dev', '2020-12-29 07:36:28', '2020-12-29 07:36:28'),
(3573, '02-0418-024-05-2021', '02-0418-024', 8, 0, 0, 0, 0, 0, 0, 0, 20, 28, 5, 2021, 5, 'dev', '2020-12-29 07:36:28', '2020-12-29 07:36:28'),
(3574, '02-1118-091-05-2021', '02-1118-091', 7, 0, 0, 0, 0, 2, 1, 0, 19, 28, 5, 2021, 5, 'dev', '2020-12-29 07:36:28', '2020-12-29 07:36:28'),
(3575, '02-1218-182-05-2021', '02-1218-182', 10, 0, 0, 0, 0, 0, 0, 0, 18, 28, 5, 2021, 5, 'dev', '2020-12-29 07:36:28', '2020-12-29 07:36:28'),
(3576, '02-1218-201-05-2021', '02-1218-201', 8, 0, 0, 0, 2, 0, 1, 0, 18, 28, 5, 2021, 5, 'dev', '2020-12-29 07:36:29', '2020-12-29 07:36:29'),
(3577, '02-1218-246-05-2021', '02-1218-246', 8, 0, 0, 0, 0, 1, 0, 0, 19, 28, 5, 2021, 5, 'dev', '2020-12-29 07:36:29', '2020-12-29 07:36:29'),
(3578, '02-0119-267-05-2021', '02-0119-267', 8, 0, 0, 0, 0, 0, 2, 0, 20, 28, 5, 2021, 5, 'dev', '2020-12-29 07:36:29', '2020-12-29 07:36:29'),
(3579, '02-0319-278-05-2021', '02-0319-278', 9, 0, 0, 0, 0, 1, 1, 0, 18, 28, 5, 2021, 5, 'dev', '2020-12-29 07:36:29', '2020-12-29 07:36:29'),
(3580, '02-0719-325-05-2021', '02-0719-325', 8, 0, 0, 0, 0, 0, 0, 0, 20, 28, 5, 2021, 5, 'dev', '2020-12-29 07:36:29', '2020-12-29 07:36:29'),
(3581, '02-0719-335-05-2021', '02-0719-335', 8, 0, 0, 0, 0, 0, 0, 0, 20, 28, 5, 2021, 5, 'dev', '2020-12-29 07:36:29', '2020-12-29 07:36:29'),
(3582, '02-0819-394-05-2021', '02-0819-394', 10, 0, 0, 0, 0, 0, 0, 0, 18, 28, 5, 2021, 5, 'dev', '2020-12-29 07:36:29', '2020-12-29 07:36:29'),
(3583, '02-1019-430-05-2021', '02-1019-430', 9, 0, 0, 0, 0, 0, 0, 0, 19, 28, 5, 2021, 5, 'dev', '2020-12-29 07:36:29', '2020-12-29 07:36:29'),
(3584, '02-1019-429-05-2021', '02-1019-429', 10, 0, 0, 0, 0, 0, 0, 0, 18, 28, 5, 2021, 5, 'dev', '2020-12-29 07:36:29', '2020-12-29 07:36:29'),
(3585, '02-1019-437-05-2021', '02-1019-437', 7, 0, 0, 0, 0, 1, 1, 0, 20, 28, 5, 2021, 5, 'dev', '2020-12-29 07:36:29', '2020-12-29 07:36:29'),
(3586, '02-1019-439-05-2021', '02-1019-439', 7, 0, 0, 0, 0, 0, 0, 0, 21, 28, 5, 2021, 5, 'dev', '2020-12-29 07:36:29', '2020-12-29 07:36:29'),
(3587, '02-1119-479-05-2021', '02-1119-479', 8, 0, 0, 0, 0, 2, 1, 0, 18, 28, 5, 2021, 5, 'dev', '2020-12-29 07:36:29', '2020-12-29 07:36:29'),
(3588, '02-0220-510-05-2021', '02-0220-510', 8, 0, 0, 0, 0, 2, 0, 0, 18, 28, 5, 2021, 5, 'dev', '2020-12-29 07:36:29', '2020-12-29 07:36:29'),
(3589, '02-0920-544-05-2021', '02-0920-544', 8, 0, 0, 0, 0, 1, 0, 0, 19, 28, 5, 2021, 5, 'dev', '2020-12-29 07:36:29', '2020-12-29 07:36:29'),
(3590, '02-1018-071-06-2021', '02-1018-071', 7, 0, 0, 0, 0, 0, 1, 1, 21, 28, 6, 2021, 6, 'dev', '2020-12-30 08:10:55', '2020-12-30 08:10:55'),
(3591, '02-0719-389-06-2021', '02-0719-389', 7, 0, 0, 0, 0, 1, 3, 0, 20, 28, 6, 2021, 6, 'dev', '2020-12-30 08:10:55', '2020-12-30 08:10:55'),
(3592, '02-0919-416-06-2021', '02-0919-416', 8, 0, 0, 0, 0, 1, 0, 0, 19, 28, 6, 2021, 6, 'dev', '2020-12-30 08:10:55', '2020-12-30 08:10:55'),
(3593, '02-1019-427-06-2021', '02-1019-427', 7, 0, 0, 0, 0, 0, 0, 0, 21, 28, 6, 2021, 6, 'dev', '2020-12-30 08:10:55', '2020-12-30 08:10:55'),
(3594, '02-1019-442-06-2021', '02-1019-442', 8, 1, 0, 0, 0, 0, 0, 0, 19, 28, 6, 2021, 6, 'dev', '2020-12-30 08:10:55', '2020-12-30 08:10:55'),
(3595, '02-1019-441-06-2021', '02-1019-441', 8, 0, 0, 0, 0, 0, 0, 0, 20, 28, 6, 2021, 6, 'dev', '2020-12-30 08:10:55', '2020-12-30 08:10:55'),
(3596, '02-1119-445-06-2021', '02-1119-445', 8, 0, 0, 0, 0, 2, 0, 0, 18, 28, 6, 2021, 6, 'dev', '2020-12-30 08:10:55', '2020-12-30 08:10:55'),
(3597, '02-0320-521-06-2021', '02-0320-521', 6, 1, 0, 0, 0, 1, 0, 0, 20, 28, 6, 2021, 6, 'dev', '2020-12-30 08:10:55', '2020-12-30 08:10:55'),
(3598, '02-0320-524-06-2021', '02-0320-524', 7, 0, 0, 0, 0, 2, 0, 0, 19, 28, 6, 2021, 6, 'dev', '2020-12-30 08:10:55', '2020-12-30 08:10:55'),
(3599, '02-0418-015-06-2021', '02-0418-015', 8, 0, 0, 0, 0, 1, 0, 0, 14, 23, 6, 2021, 6, 'dev', '2020-12-30 08:10:55', '2020-12-30 08:10:55'),
(3600, '02-0418-019-06-2021', '02-0418-019', 9, 0, 0, 0, 0, 0, 4, 3, 19, 28, 6, 2021, 6, 'dev', '2020-12-30 08:10:55', '2020-12-30 08:10:55'),
(3601, '02-1018-067-06-2021', '02-1018-067', 8, 0, 0, 0, 0, 0, 0, 0, 20, 28, 6, 2021, 6, 'dev', '2020-12-30 08:10:55', '2020-12-30 08:10:55'),
(3602, '02-0918-061-06-2021', '02-0918-061', 9, 2, 0, 0, 0, 0, 0, 0, 17, 28, 6, 2021, 6, 'dev', '2020-12-30 08:10:55', '2020-12-30 08:10:55'),
(3603, '02-0918-059-06-2021', '02-0918-059', 10, 0, 0, 0, 0, 0, 0, 0, 18, 28, 6, 2021, 6, 'dev', '2020-12-30 08:10:55', '2020-12-30 08:10:55'),
(3604, '02-1118-093-06-2021', '02-1118-093', 7, 0, 0, 0, 0, 2, 0, 0, 19, 28, 6, 2021, 6, 'dev', '2020-12-30 08:10:55', '2020-12-30 08:10:55'),
(3605, '02-1218-209-06-2021', '02-1218-209', 6, 0, 0, 0, 0, 3, 0, 0, 19, 28, 6, 2021, 6, 'dev', '2020-12-30 08:10:55', '2020-12-30 08:10:55'),
(3606, '02-1218-200-06-2021', '02-1218-200', 8, 0, 0, 0, 0, 2, 0, 0, 18, 28, 6, 2021, 6, 'dev', '2020-12-30 08:10:55', '2020-12-30 08:10:55'),
(3607, '02-1218-206-06-2021', '02-1218-206', 8, 0, 0, 0, 0, 2, 0, 0, 18, 28, 6, 2021, 6, 'dev', '2020-12-30 08:10:55', '2020-12-30 08:10:55'),
(3608, '02-1218-249-06-2021', '02-1218-249', 8, 0, 0, 0, 0, 3, 1, 1, 17, 28, 6, 2021, 6, 'dev', '2020-12-30 08:10:55', '2020-12-30 08:10:55'),
(3609, '02-0119-266-06-2021', '02-0119-266', 10, 0, 0, 0, 0, 1, 0, 1, 17, 28, 6, 2021, 6, 'dev', '2020-12-30 08:10:55', '2020-12-30 08:10:55'),
(3610, '02-0219-269-06-2021', '02-0219-269', 9, 0, 0, 0, 0, 1, 1, 1, 18, 28, 6, 2021, 6, 'dev', '2020-12-30 08:10:55', '2020-12-30 08:10:55'),
(3611, '02-0219-270-06-2021', '02-0219-270', 8, 0, 0, 0, 0, 5, 0, 3, 15, 28, 6, 2021, 6, 'dev', '2020-12-30 08:10:55', '2020-12-30 08:10:55'),
(3612, '02-0319-271-06-2021', '02-0319-271', 11, 0, 0, 0, 0, 0, 0, 0, 17, 28, 6, 2021, 6, 'dev', '2020-12-30 08:10:55', '2020-12-30 08:10:55'),
(3613, '02-0319-282-06-2021', '02-0319-282', 11, 0, 0, 0, 0, 0, 0, 0, 17, 28, 6, 2021, 6, 'dev', '2020-12-30 08:10:55', '2020-12-30 08:10:55'),
(3614, '02-1119-446-06-2021', '02-1119-446', 9, 0, 0, 0, 0, 2, 0, 0, 17, 28, 6, 2021, 6, 'dev', '2020-12-30 08:10:55', '2020-12-30 08:10:55'),
(3615, '02-1119-478-06-2021', '02-1119-478', 12, 0, 0, 0, 0, 4, 0, 1, 12, 28, 6, 2021, 6, 'dev', '2020-12-30 08:10:55', '2020-12-30 08:10:55'),
(3616, '02-1020-571-06-2021', '02-1020-571', 9, 0, 0, 0, 0, 0, 0, 0, 19, 28, 6, 2021, 6, 'dev', '2020-12-30 08:10:55', '2020-12-30 08:10:55'),
(3617, '02-0719-388-06-2021', '02-0719-388', 11, 0, 0, 0, 0, 0, 0, 0, 17, 28, 6, 2021, 6, 'dev', '2020-12-30 08:10:55', '2020-12-30 08:10:55'),
(3618, '02-0719-373-06-2021', '02-0719-373', 8, 0, 0, 0, 0, 0, 0, 0, 20, 28, 6, 2021, 6, 'dev', '2020-12-30 08:10:55', '2020-12-30 08:10:55'),
(3619, '02-0718-027-06-2021', '02-0718-027', 6, 0, 0, 0, 0, 0, 0, 0, 22, 28, 6, 2021, 6, 'dev', '2020-12-30 08:10:55', '2020-12-30 08:10:55'),
(3620, '02-0418-012-06-2021', '02-0418-012', 8, 0, 0, 0, 0, 0, 0, 0, 20, 28, 6, 2021, 6, 'dev', '2020-12-30 08:10:55', '2020-12-30 08:10:55'),
(3621, '01-0217-007-06-2021', '01-0217-007', 0, 0, 0, 0, 0, 28, 0, 0, 0, 28, 6, 2021, 6, 'dev', '2020-12-30 08:10:55', '2020-12-30 08:10:55'),
(3622, '02-0418-016-06-2021', '02-0418-016', 9, 0, 0, 0, 0, 0, 0, 0, 19, 28, 6, 2021, 6, 'dev', '2020-12-30 08:10:55', '2020-12-30 08:10:55'),
(3623, '02-0117-009-06-2021', '02-0117-009', 8, 0, 0, 0, 0, 1, 0, 0, 19, 28, 6, 2021, 6, 'dev', '2020-12-30 08:10:55', '2020-12-30 08:10:55'),
(3624, '02-0918-057-06-2021', '02-0918-057', 7, 0, 0, 0, 0, 1, 0, 0, 20, 28, 6, 2021, 6, 'dev', '2020-12-30 08:10:55', '2020-12-30 08:10:55'),
(3625, '02-1118-094-06-2021', '02-1118-094', 9, 0, 0, 0, 0, 0, 3, 2, 19, 28, 6, 2021, 6, 'dev', '2020-12-30 08:10:55', '2020-12-30 08:10:55'),
(3626, '02-1118-087-06-2021', '02-1118-087', 8, 0, 0, 0, 0, 2, 1, 0, 18, 28, 6, 2021, 6, 'dev', '2020-12-30 08:10:55', '2020-12-30 08:10:55'),
(3627, '02-1118-174-06-2021', '02-1118-174', 8, 0, 0, 0, 0, 2, 0, 0, 18, 28, 6, 2021, 6, 'dev', '2020-12-30 08:10:55', '2020-12-30 08:10:55'),
(3628, '02-1118-175-06-2021', '02-1118-175', 8, 0, 0, 0, 0, 1, 1, 0, 19, 28, 6, 2021, 6, 'dev', '2020-12-30 08:10:55', '2020-12-30 08:10:55'),
(3629, '02-1118-176-06-2021', '02-1118-176', 6, 1, 0, 0, 0, 0, 0, 0, 21, 28, 6, 2021, 6, 'dev', '2020-12-30 08:10:55', '2020-12-30 08:10:55'),
(3630, '02-1118-119-06-2021', '02-1118-119', 3, 0, 0, 0, 0, 0, 0, 0, 11, 14, 6, 2021, 6, 'dev', '2020-12-30 08:10:55', '2020-12-30 08:10:55'),
(3631, '02-1218-214-06-2021', '02-1218-214', 10, 0, 0, 0, 0, 2, 0, 2, 16, 28, 6, 2021, 6, 'dev', '2020-12-30 08:10:55', '2020-12-30 08:10:55'),
(3632, '02-1218-216-06-2021', '02-1218-216', 8, 1, 0, 0, 0, 0, 0, 0, 19, 28, 6, 2021, 6, 'dev', '2020-12-30 08:10:55', '2020-12-30 08:10:55'),
(3633, '02-0119-252-06-2021', '02-0119-252', 8, 0, 0, 0, 0, 0, 0, 0, 20, 28, 6, 2021, 6, 'dev', '2020-12-30 08:10:55', '2020-12-30 08:10:55'),
(3634, '02-0419-284-06-2021', '02-0419-284', 6, 0, 0, 0, 0, 0, 0, 0, 22, 28, 6, 2021, 6, 'dev', '2020-12-30 08:10:55', '2020-12-30 08:10:55'),
(3635, '02-1019-428-06-2021', '02-1019-428', 8, 1, 0, 0, 0, 0, 0, 1, 19, 28, 6, 2021, 6, 'dev', '2020-12-30 08:10:55', '2020-12-30 08:10:55'),
(3636, '02-1019-443-06-2021', '02-1019-443', 8, 0, 0, 0, 0, 0, 0, 0, 20, 28, 6, 2021, 6, 'dev', '2020-12-30 08:10:55', '2020-12-30 08:10:55'),
(3637, '02-1019-477-06-2021', '02-1019-477', 8, 2, 0, 0, 0, 0, 0, 0, 18, 28, 6, 2021, 6, 'dev', '2020-12-30 08:10:55', '2020-12-30 08:10:55'),
(3638, '02-1119-477-06-2021', '02-1119-477', 9, 0, 0, 0, 0, 4, 2, 1, 15, 28, 6, 2021, 6, 'dev', '2020-12-30 08:10:55', '2020-12-30 08:10:55'),
(3639, '02-0220-515-06-2021', '02-0220-515', 7, 0, 0, 0, 0, 0, 0, 0, 21, 28, 6, 2021, 6, 'dev', '2020-12-30 08:10:55', '2020-12-30 08:10:55'),
(3640, '02-1020-572-06-2021', '02-1020-572', 8, 1, 0, 0, 0, 1, 0, 0, 18, 28, 6, 2021, 6, 'dev', '2020-12-30 08:10:55', '2020-12-30 08:10:55'),
(3641, '02-0920-545-06-2021', '02-0920-545', 7, 0, 0, 0, 0, 0, 0, 0, 21, 28, 6, 2021, 6, 'dev', '2020-12-30 08:10:55', '2020-12-30 08:10:55'),
(3642, '02-0818-049-06-2021', '02-0818-049', 8, 0, 0, 0, 0, 2, 0, 0, 18, 28, 6, 2021, 6, 'dev', '2020-12-30 08:10:55', '2020-12-30 08:10:55'),
(3643, '02-0818-050-06-2021', '02-0818-050', 8, 0, 0, 0, 0, 0, 0, 0, 20, 28, 6, 2021, 6, 'dev', '2020-12-30 08:10:55', '2020-12-30 08:10:55'),
(3644, '02-1018-065-06-2021', '02-1018-065', 8, 0, 0, 0, 0, 0, 0, 0, 20, 28, 6, 2021, 6, 'dev', '2020-12-30 08:10:55', '2020-12-30 08:10:55'),
(3645, '02-1118-081-06-2021', '02-1118-081', 8, 0, 0, 0, 0, 4, 0, 0, 16, 28, 6, 2021, 6, 'dev', '2020-12-30 08:10:55', '2020-12-30 08:10:55'),
(3646, '02-1218-183-06-2021', '02-1218-183', 9, 0, 0, 0, 0, 1, 0, 0, 18, 28, 6, 2021, 6, 'dev', '2020-12-30 08:10:55', '2020-12-30 08:10:55'),
(3647, '02-1118-153-06-2021', '02-1118-153', 8, 0, 0, 0, 0, 0, 0, 0, 20, 28, 6, 2021, 6, 'dev', '2020-12-30 08:10:55', '2020-12-30 08:10:55'),
(3648, '02-1118-147-06-2021', '02-1118-147', 8, 0, 0, 0, 0, 1, 0, 0, 19, 28, 6, 2021, 6, 'dev', '2020-12-30 08:10:55', '2020-12-30 08:10:55'),
(3649, '02-1118-138-06-2021', '02-1118-138', 9, 0, 0, 0, 0, 3, 0, 0, 16, 28, 6, 2021, 6, 'dev', '2020-12-30 08:10:55', '2020-12-30 08:10:55'),
(3650, '02-1118-146-06-2021', '02-1118-146', 8, 1, 0, 0, 0, 2, 0, 0, 17, 28, 6, 2021, 6, 'dev', '2020-12-30 08:10:55', '2020-12-30 08:10:55'),
(3651, '02-1118-129-06-2021', '02-1118-129', 9, 1, 0, 0, 0, 0, 0, 0, 18, 28, 6, 2021, 6, 'dev', '2020-12-30 08:10:55', '2020-12-30 08:10:55'),
(3652, '02-1118-152-06-2021', '02-1118-152', 9, 0, 0, 0, 0, 3, 0, 0, 16, 28, 6, 2021, 6, 'dev', '2020-12-30 08:10:55', '2020-12-30 08:10:55'),
(3653, '02-1118-141-06-2021', '02-1118-141', 8, 0, 0, 0, 0, 3, 0, 0, 17, 28, 6, 2021, 6, 'dev', '2020-12-30 08:10:55', '2020-12-30 08:10:55'),
(3654, '02-1118-145-06-2021', '02-1118-145', 9, 0, 0, 0, 0, 3, 0, 0, 16, 28, 6, 2021, 6, 'dev', '2020-12-30 08:10:55', '2020-12-30 08:10:55'),
(3655, '02-1118-159-06-2021', '02-1118-159', 9, 0, 0, 0, 0, 0, 0, 0, 19, 28, 6, 2021, 6, 'dev', '2020-12-30 08:10:55', '2020-12-30 08:10:55'),
(3656, '02-1118-139-06-2021', '02-1118-139', 7, 0, 1, 0, 0, 3, 0, 0, 17, 28, 6, 2021, 6, 'dev', '2020-12-30 08:10:55', '2020-12-30 08:10:55'),
(3657, '02-1118-161-06-2021', '02-1118-161', 8, 0, 0, 0, 0, 0, 0, 0, 20, 28, 6, 2021, 6, 'dev', '2020-12-30 08:10:55', '2020-12-30 08:10:55'),
(3658, '02-1118-156-06-2021', '02-1118-156', 9, 0, 0, 0, 0, 3, 0, 0, 16, 28, 6, 2021, 6, 'dev', '2020-12-30 08:10:55', '2020-12-30 08:10:55'),
(3659, '02-1118-143-06-2021', '02-1118-143', 10, 0, 0, 0, 1, 0, 0, 0, 17, 28, 6, 2021, 6, 'dev', '2020-12-30 08:10:55', '2020-12-30 08:10:55'),
(3660, '02-1118-134-06-2021', '02-1118-134', 9, 0, 0, 0, 0, 3, 1, 1, 16, 28, 6, 2021, 6, 'dev', '2020-12-30 08:10:55', '2020-12-30 08:10:55'),
(3661, '02-1118-132-06-2021', '02-1118-132', 9, 0, 0, 0, 0, 3, 0, 0, 16, 28, 6, 2021, 6, 'dev', '2020-12-30 08:10:55', '2020-12-30 08:10:55'),
(3662, '02-1218-179-06-2021', '02-1218-179', 9, 0, 0, 0, 0, 0, 1, 0, 19, 28, 6, 2021, 6, 'dev', '2020-12-30 08:10:55', '2020-12-30 08:10:55'),
(3663, '02-1218-213-06-2021', '02-1218-213', 8, 1, 0, 0, 0, 2, 0, 0, 17, 28, 6, 2021, 6, 'dev', '2020-12-30 08:10:55', '2020-12-30 08:10:55'),
(3664, '02-1118-158-06-2021', '02-1118-158', 8, 0, 0, 0, 0, 3, 0, 0, 17, 28, 6, 2021, 6, 'dev', '2020-12-30 08:10:55', '2020-12-30 08:10:55'),
(3665, '02-1118-154-06-2021', '02-1118-154', 8, 0, 0, 0, 0, 3, 0, 0, 17, 28, 6, 2021, 6, 'dev', '2020-12-30 08:10:55', '2020-12-30 08:10:55'),
(3666, '02-1218-193-06-2021', '02-1218-193', 9, 0, 0, 0, 0, 1, 0, 0, 18, 28, 6, 2021, 6, 'dev', '2020-12-30 08:10:55', '2020-12-30 08:10:55'),
(3667, '02-1218-202-06-2021', '02-1218-202', 7, 0, 0, 0, 0, 3, 0, 0, 18, 28, 6, 2021, 6, 'dev', '2020-12-30 08:10:55', '2020-12-30 08:10:55');
INSERT INTO `presentasi_karyawan` (`id`, `id_gaji`, `nip`, `libur`, `ph`, `izin`, `alfa`, `sakit`, `cuti`, `terlambat`, `terlambat_dgn_form`, `masuk`, `total_hari`, `bulan`, `tahun`, `idPeriode`, `reff`, `created_at`, `updated_at`) VALUES
(3668, '02-1218-186-06-2021', '02-1218-186', 6, 0, 0, 0, 0, 2, 0, 0, 13, 21, 6, 2021, 6, 'dev', '2020-12-30 08:10:55', '2020-12-30 08:10:55'),
(3669, '02-1218-197-06-2021', '02-1218-197', 8, 0, 0, 0, 0, 0, 0, 0, 20, 28, 6, 2021, 6, 'dev', '2020-12-30 08:10:55', '2020-12-30 08:10:55'),
(3670, '02-1218-192-06-2021', '02-1218-192', 8, 0, 0, 0, 0, 3, 0, 0, 17, 28, 6, 2021, 6, 'dev', '2020-12-30 08:10:55', '2020-12-30 08:10:55'),
(3671, '02-1118-127-06-2021', '02-1118-127', 6, 0, 0, 0, 0, 0, 0, 0, 22, 28, 6, 2021, 6, 'dev', '2020-12-30 08:10:55', '2020-12-30 08:10:55'),
(3672, '02-1118-151-06-2021', '02-1118-151', 9, 0, 0, 0, 0, 0, 0, 0, 19, 28, 6, 2021, 6, 'dev', '2020-12-30 08:10:55', '2020-12-30 08:10:55'),
(3673, '02-1218-178-06-2021', '02-1218-178', 8, 0, 0, 0, 0, 2, 0, 0, 18, 28, 6, 2021, 6, 'dev', '2020-12-30 08:10:55', '2020-12-30 08:10:55'),
(3674, '02-1118-173-06-2021', '02-1118-173', 8, 0, 0, 0, 0, 0, 0, 0, 20, 28, 6, 2021, 6, 'dev', '2020-12-30 08:10:55', '2020-12-30 08:10:55'),
(3675, '02-1218-225-06-2021', '02-1218-225', 8, 1, 0, 0, 0, 2, 0, 0, 17, 28, 6, 2021, 6, 'dev', '2020-12-30 08:10:55', '2020-12-30 08:10:55'),
(3676, '02-1218-234-06-2021', '02-1218-234', 8, 1, 0, 0, 0, 2, 0, 0, 17, 28, 6, 2021, 6, 'dev', '2020-12-30 08:10:55', '2020-12-30 08:10:55'),
(3677, '02-1218-238-06-2021', '02-1218-238', 9, 0, 0, 0, 0, 3, 0, 0, 16, 28, 6, 2021, 6, 'dev', '2020-12-30 08:10:55', '2020-12-30 08:10:55'),
(3678, '02-1218-236-06-2021', '02-1218-236', 8, 1, 0, 0, 0, 1, 0, 0, 18, 28, 6, 2021, 6, 'dev', '2020-12-30 08:10:55', '2020-12-30 08:10:55'),
(3679, '02-1218-240-06-2021', '02-1218-240', 9, 0, 0, 0, 0, 0, 0, 0, 19, 28, 6, 2021, 6, 'dev', '2020-12-30 08:10:55', '2020-12-30 08:10:55'),
(3680, '02-1218-239-06-2021', '02-1218-239', 9, 1, 0, 0, 0, 1, 0, 0, 17, 28, 6, 2021, 6, 'dev', '2020-12-30 08:10:55', '2020-12-30 08:10:55'),
(3681, '02-1218-237-06-2021', '02-1218-237', 6, 1, 0, 0, 0, 2, 0, 0, 19, 28, 6, 2021, 6, 'dev', '2020-12-30 08:10:55', '2020-12-30 08:10:55'),
(3682, '02-1218-243-06-2021', '02-1218-243', 9, 0, 0, 0, 0, 1, 0, 0, 18, 28, 6, 2021, 6, 'dev', '2020-12-30 08:10:55', '2020-12-30 08:10:55'),
(3683, '02-0119-258-06-2021', '02-0119-258', 9, 0, 0, 0, 0, 0, 1, 0, 19, 28, 6, 2021, 6, 'dev', '2020-12-30 08:10:55', '2020-12-30 08:10:55'),
(3684, '02-0119-265-06-2021', '02-0119-265', 9, 1, 0, 0, 0, 0, 0, 0, 18, 28, 6, 2021, 6, 'dev', '2020-12-30 08:10:55', '2020-12-30 08:10:55'),
(3685, '02-0419-285-06-2021', '02-0419-285', 9, 0, 0, 0, 0, 2, 0, 0, 17, 28, 6, 2021, 6, 'dev', '2020-12-30 08:10:55', '2020-12-30 08:10:55'),
(3686, '02-0419-286-06-2021', '02-0419-286', 9, 0, 0, 0, 0, 0, 0, 0, 19, 28, 6, 2021, 6, 'dev', '2020-12-30 08:10:55', '2020-12-30 08:10:55'),
(3687, '02-0820-532-06-2021', '02-0820-532', 9, 0, 0, 0, 0, 1, 0, 0, 18, 28, 6, 2021, 6, 'dev', '2020-12-30 08:10:55', '2020-12-30 08:10:55'),
(3688, '02-0919-418-06-2021', '02-0919-418', 8, 1, 0, 0, 0, 0, 0, 0, 19, 28, 6, 2021, 6, 'dev', '2020-12-30 08:10:55', '2020-12-30 08:10:55'),
(3689, '02-0919-422-06-2021', '02-0919-422', 8, 0, 0, 0, 0, 0, 0, 0, 20, 28, 6, 2021, 6, 'dev', '2020-12-30 08:10:55', '2020-12-30 08:10:55'),
(3690, '02-0919-420-06-2021', '02-0919-420', 8, 0, 0, 0, 0, 0, 0, 0, 20, 28, 6, 2021, 6, 'dev', '2020-12-30 08:10:55', '2020-12-30 08:10:55'),
(3691, '02-0919-421-06-2021', '02-0919-421', 9, 0, 0, 0, 0, 0, 0, 0, 19, 28, 6, 2021, 6, 'dev', '2020-12-30 08:10:55', '2020-12-30 08:10:55'),
(3692, '02-1019-425-06-2021', '02-1019-425', 9, 0, 0, 0, 0, 1, 0, 0, 18, 28, 6, 2021, 6, 'dev', '2020-12-30 08:10:55', '2020-12-30 08:10:55'),
(3693, '02-0820-531-06-2021', '02-0820-531', 9, 0, 0, 0, 0, 0, 0, 0, 19, 28, 6, 2021, 6, 'dev', '2020-12-30 08:10:55', '2020-12-30 08:10:55'),
(3694, '02-0820-533-06-2021', '02-0820-533', 9, 0, 0, 0, 0, 0, 0, 0, 19, 28, 6, 2021, 6, 'dev', '2020-12-30 08:10:55', '2020-12-30 08:10:55'),
(3695, '02-0820-530-06-2021', '02-0820-530', 8, 0, 0, 0, 0, 0, 0, 0, 20, 28, 6, 2021, 6, 'dev', '2020-12-30 08:10:55', '2020-12-30 08:10:55'),
(3696, '02-1219-483-06-2021', '02-1219-483', 9, 0, 0, 0, 0, 0, 0, 0, 19, 28, 6, 2021, 6, 'dev', '2020-12-30 08:10:55', '2020-12-30 08:10:55'),
(3697, '02-0220-514-06-2021', '02-0220-514', 9, 1, 0, 0, 0, 0, 0, 1, 18, 28, 6, 2021, 6, 'dev', '2020-12-30 08:10:55', '2020-12-30 08:10:55'),
(3698, '02-0320-519-06-2021', '02-0320-519', 9, 0, 0, 0, 0, 0, 0, 0, 19, 28, 6, 2021, 6, 'dev', '2020-12-30 08:10:55', '2020-12-30 08:10:55'),
(3699, '02-0320-520-06-2021', '02-0320-520', 9, 0, 0, 0, 0, 0, 0, 1, 19, 28, 6, 2021, 6, 'dev', '2020-12-30 08:10:55', '2020-12-30 08:10:55'),
(3700, '02-0320-525-06-2021', '02-0320-525', 9, 0, 0, 0, 0, 1, 0, 0, 18, 28, 6, 2021, 6, 'dev', '2020-12-30 08:10:55', '2020-12-30 08:10:55'),
(3701, '02-0320-527-06-2021', '02-0320-527', 8, 0, 0, 0, 0, 0, 0, 0, 20, 28, 6, 2021, 6, 'dev', '2020-12-30 08:10:55', '2020-12-30 08:10:55'),
(3702, '02-0320-528-06-2021', '02-0320-528', 9, 1, 0, 0, 0, 0, 0, 0, 18, 28, 6, 2021, 6, 'dev', '2020-12-30 08:10:55', '2020-12-30 08:10:55'),
(3703, '02-1219-501-06-2021', '02-1219-501', 9, 1, 0, 0, 0, 0, 0, 0, 18, 28, 6, 2021, 6, 'dev', '2020-12-30 08:10:55', '2020-12-30 08:10:55'),
(3704, '02-0719-359-06-2021', '02-0719-359', 8, 0, 0, 0, 0, 0, 0, 0, 20, 28, 6, 2021, 6, 'dev', '2020-12-30 08:10:55', '2020-12-30 08:10:55'),
(3705, '02-0719-349-06-2021', '02-0719-349', 9, 0, 0, 0, 0, 0, 0, 0, 19, 28, 6, 2021, 6, 'dev', '2020-12-30 08:10:55', '2020-12-30 08:10:55'),
(3706, '02-0719-384-06-2021', '02-0719-384', 7, 0, 0, 0, 0, 0, 0, 0, 21, 28, 6, 2021, 6, 'dev', '2020-12-30 08:10:55', '2020-12-30 08:10:55'),
(3707, '02-1219-488-06-2021', '02-1219-488', 8, 0, 0, 0, 0, 0, 0, 0, 20, 28, 6, 2021, 6, 'dev', '2020-12-30 08:10:55', '2020-12-30 08:10:55'),
(3708, '02-0719-383-06-2021', '02-0719-383', 8, 0, 0, 0, 0, 0, 0, 0, 20, 28, 6, 2021, 6, 'dev', '2020-12-30 08:10:55', '2020-12-30 08:10:55'),
(3709, '02-0719-381-06-2021', '02-0719-381', 8, 0, 0, 0, 0, 0, 1, 0, 20, 28, 6, 2021, 6, 'dev', '2020-12-30 08:10:55', '2020-12-30 08:10:55'),
(3710, '02-0719-385-06-2021', '02-0719-385', 9, 0, 0, 0, 0, 1, 0, 0, 18, 28, 6, 2021, 6, 'dev', '2020-12-30 08:10:55', '2020-12-30 08:10:55'),
(3711, '02-0719-379-06-2021', '02-0719-379', 9, 0, 0, 0, 1, 0, 0, 2, 18, 28, 6, 2021, 6, 'dev', '2020-12-30 08:10:55', '2020-12-30 08:10:55'),
(3712, '02-0719-362-06-2021', '02-0719-362', 9, 0, 0, 0, 5, 2, 0, 0, 12, 28, 6, 2021, 6, 'dev', '2020-12-30 08:10:55', '2020-12-30 08:10:55'),
(3713, '02-0719-386-06-2021', '02-0719-386', 8, 0, 0, 0, 0, 0, 0, 0, 20, 28, 6, 2021, 6, 'dev', '2020-12-30 08:10:55', '2020-12-30 08:10:55'),
(3714, '02-0920-543-06-2021', '02-0920-543', 8, 0, 0, 0, 0, 2, 0, 0, 18, 28, 6, 2021, 6, 'dev', '2020-12-30 08:10:55', '2020-12-30 08:10:55'),
(3715, '02-1018-066-06-2021', '02-1018-066', 4, 0, 0, 0, 0, 0, 0, 0, 24, 28, 6, 2021, 6, 'dev', '2020-12-30 08:10:55', '2020-12-30 08:10:55'),
(3716, '02-0418-010-06-2021', '02-0418-010', 5, 1, 0, 0, 0, 0, 2, 6, 22, 28, 6, 2021, 6, 'dev', '2020-12-30 08:10:55', '2020-12-30 08:10:55'),
(3717, '01-1117-008-06-2021', '01-1117-008', 3, 0, 0, 0, 0, 0, 0, 0, 25, 28, 6, 2021, 6, 'dev', '2020-12-30 08:10:55', '2020-12-30 08:10:55'),
(3718, '02-0418-011-06-2021', '02-0418-011', 5, 0, 0, 0, 0, 0, 3, 0, 23, 28, 6, 2021, 6, 'dev', '2020-12-30 08:10:55', '2020-12-30 08:10:55'),
(3719, '02-0718-035-06-2021', '02-0718-035', 5, 0, 0, 0, 0, 1, 0, 0, 22, 28, 6, 2021, 6, 'dev', '2020-12-30 08:10:55', '2020-12-30 08:10:55'),
(3720, '02-0718-034-06-2021', '02-0718-034', 5, 1, 0, 0, 0, 0, 2, 1, 22, 28, 6, 2021, 6, 'dev', '2020-12-30 08:10:55', '2020-12-30 08:10:55'),
(3721, '02-0920-541-06-2021', '02-0920-541', 12, 3, 0, 0, 0, 3, 0, 0, 10, 28, 6, 2021, 6, 'dev', '2020-12-30 08:10:55', '2020-12-30 08:10:55'),
(3722, '02-0920-538-06-2021', '02-0920-538', 5, 0, 0, 0, 0, 0, 0, 0, 23, 28, 6, 2021, 6, 'dev', '2020-12-30 08:10:55', '2020-12-30 08:10:55'),
(3723, '02-0920-539-06-2021', '02-0920-539', 4, 1, 0, 0, 0, 0, 1, 0, 23, 28, 6, 2021, 6, 'dev', '2020-12-30 08:10:55', '2020-12-30 08:10:55'),
(3724, '02-0920-540-06-2021', '02-0920-540', 5, 1, 0, 0, 0, 2, 0, 0, 20, 28, 6, 2021, 6, 'dev', '2020-12-30 08:10:55', '2020-12-30 08:10:55'),
(3725, '02-0718-037-06-2021', '02-0718-037', 4, 0, 0, 0, 0, 1, 0, 0, 23, 28, 6, 2021, 6, 'dev', '2020-12-30 08:10:55', '2020-12-30 08:10:55'),
(3726, '02-0920-537-06-2021', '02-0920-537', 5, 0, 0, 0, 0, 0, 1, 0, 23, 28, 6, 2021, 6, 'dev', '2020-12-30 08:10:55', '2020-12-30 08:10:55'),
(3727, '02-0920-536-06-2021', '02-0920-536', 5, 0, 0, 0, 0, 1, 0, 0, 22, 28, 6, 2021, 6, 'dev', '2020-12-30 08:10:55', '2020-12-30 08:10:55'),
(3728, '02-0920-535-06-2021', '02-0920-535', 4, 0, 0, 0, 0, 1, 1, 1, 23, 28, 6, 2021, 6, 'dev', '2020-12-30 08:10:55', '2020-12-30 08:10:55'),
(3729, '01-0117-006-06-2021', '01-0117-006', 8, 1, 0, 0, 0, 0, 0, 0, 19, 28, 6, 2021, 6, 'dev', '2020-12-30 08:10:55', '2020-12-30 08:10:55'),
(3730, '02-0920-542-06-2021', '02-0920-542', 8, 0, 0, 0, 0, 0, 1, 0, 20, 28, 6, 2021, 6, 'dev', '2020-12-30 08:10:55', '2020-12-30 08:10:55'),
(3731, '02-0818-047-06-2021', '02-0818-047', 5, 0, 0, 0, 0, 1, 1, 1, 22, 28, 6, 2021, 6, 'dev', '2020-12-30 08:10:55', '2020-12-30 08:10:55'),
(3732, '02-0920-570-06-2021', '02-0920-570', 5, 1, 0, 0, 0, 0, 0, 0, 22, 28, 6, 2021, 6, 'dev', '2020-12-30 08:10:55', '2020-12-30 08:10:55'),
(3733, '02-0818-053-06-2021', '02-0818-053', 4, 0, 0, 0, 0, 0, 0, 0, 24, 28, 6, 2021, 6, 'dev', '2020-12-30 08:10:55', '2020-12-30 08:10:55'),
(3734, '02-0918-060-06-2021', '02-0918-060', 4, 0, 0, 0, 0, 1, 1, 0, 23, 28, 6, 2021, 6, 'dev', '2020-12-30 08:10:55', '2020-12-30 08:10:55'),
(3735, '02-1018-070-06-2021', '02-1018-070', 5, 0, 0, 0, 0, 1, 0, 0, 22, 28, 6, 2021, 6, 'dev', '2020-12-30 08:10:55', '2020-12-30 08:10:55'),
(3736, '02-1118-096-06-2021', '02-1118-096', 5, 1, 0, 0, 0, 1, 2, 0, 21, 28, 6, 2021, 6, 'dev', '2020-12-30 08:10:55', '2020-12-30 08:10:55'),
(3737, '02-1118-095-06-2021', '02-1118-095', 4, 0, 0, 0, 0, 2, 0, 0, 22, 28, 6, 2021, 6, 'dev', '2020-12-30 08:10:55', '2020-12-30 08:10:55'),
(3738, '02-1118-097-06-2021', '02-1118-097', 5, 0, 0, 0, 0, 2, 0, 0, 21, 28, 6, 2021, 6, 'dev', '2020-12-30 08:10:55', '2020-12-30 08:10:55'),
(3739, '02-1118-160-06-2021', '02-1118-160', 9, 0, 0, 0, 0, 1, 1, 2, 18, 28, 6, 2021, 6, 'dev', '2020-12-30 08:10:55', '2020-12-30 08:10:55'),
(3740, '02-1218-195-06-2021', '02-1218-195', 8, 1, 0, 0, 0, 1, 0, 1, 18, 28, 6, 2021, 6, 'dev', '2020-12-30 08:10:55', '2020-12-30 08:10:55'),
(3741, '02-0319-272-06-2021', '02-0319-272', 5, 0, 0, 0, 0, 0, 1, 0, 23, 28, 6, 2021, 6, 'dev', '2020-12-30 08:10:55', '2020-12-30 08:10:55'),
(3742, '02-0319-281-06-2021', '02-0319-281', 5, 0, 0, 0, 0, 0, 0, 0, 23, 28, 6, 2021, 6, 'dev', '2020-12-30 08:10:55', '2020-12-30 08:10:55'),
(3743, '02-0619-309-06-2021', '02-0619-309', 4, 1, 0, 0, 0, 1, 2, 0, 22, 28, 6, 2021, 6, 'dev', '2020-12-30 08:10:55', '2020-12-30 08:10:55'),
(3744, '02-0819-395-06-2021', '02-0819-395', 4, 0, 0, 0, 0, 0, 0, 0, 24, 28, 6, 2021, 6, 'dev', '2020-12-30 08:10:55', '2020-12-30 08:10:55'),
(3745, '02-0819-392-06-2021', '02-0819-392', 5, 0, 0, 0, 0, 1, 0, 0, 22, 28, 6, 2021, 6, 'dev', '2020-12-30 08:10:55', '2020-12-30 08:10:55'),
(3746, '02-0819-390-06-2021', '02-0819-390', 5, 0, 0, 0, 0, 1, 0, 0, 22, 28, 6, 2021, 6, 'dev', '2020-12-30 08:10:55', '2020-12-30 08:10:55'),
(3747, '02-0919-410-06-2021', '02-0919-410', 5, 0, 0, 0, 0, 0, 0, 0, 23, 28, 6, 2021, 6, 'dev', '2020-12-30 08:10:55', '2020-12-30 08:10:55'),
(3748, '02-0919-412-06-2021', '02-0919-412', 5, 1, 0, 0, 0, 1, 3, 0, 21, 28, 6, 2021, 6, 'dev', '2020-12-30 08:10:55', '2020-12-30 08:10:55'),
(3749, '02-0919-415-06-2021', '02-0919-415', 4, 1, 0, 0, 1, 1, 0, 0, 21, 28, 6, 2021, 6, 'dev', '2020-12-30 08:10:55', '2020-12-30 08:10:55'),
(3750, '02-0619-317-06-2021', '02-0619-317', 5, 3, 0, 0, 0, 0, 0, 0, 20, 28, 6, 2021, 6, 'dev', '2020-12-30 08:10:55', '2020-12-30 08:10:55'),
(3751, '02-1019-426-06-2021', '02-1019-426', 5, 1, 0, 0, 0, 0, 0, 0, 22, 28, 6, 2021, 6, 'dev', '2020-12-30 08:10:55', '2020-12-30 08:10:55'),
(3752, '02-1019-432-06-2021', '02-1019-432', 4, 0, 0, 0, 0, 2, 0, 0, 22, 28, 6, 2021, 6, 'dev', '2020-12-30 08:10:55', '2020-12-30 08:10:55'),
(3753, '02-1019-433-06-2021', '02-1019-433', 4, 0, 0, 0, 0, 2, 1, 0, 22, 28, 6, 2021, 6, 'dev', '2020-12-30 08:10:55', '2020-12-30 08:10:55'),
(3754, '02-1019-434-06-2021', '02-1019-434', 4, 2, 0, 0, 0, 0, 1, 2, 22, 28, 6, 2021, 6, 'dev', '2020-12-30 08:10:55', '2020-12-30 08:10:55'),
(3755, '02-1119-447-06-2021', '02-1119-447', 4, 0, 0, 0, 0, 1, 5, 3, 23, 28, 6, 2021, 6, 'dev', '2020-12-30 08:10:55', '2020-12-30 08:10:55'),
(3756, '02-1119-448-06-2021', '02-1119-448', 5, 0, 0, 0, 0, 3, 1, 0, 20, 28, 6, 2021, 6, 'dev', '2020-12-30 08:10:55', '2020-12-30 08:10:55'),
(3757, '02-0418-014-06-2021', '02-0418-014', 9, 0, 0, 0, 0, 0, 0, 0, 19, 28, 6, 2021, 6, 'dev', '2020-12-30 08:10:55', '2020-12-30 08:10:55'),
(3758, '02-0418-018-06-2021', '02-0418-018', 9, 0, 0, 0, 0, 0, 0, 1, 19, 28, 6, 2021, 6, 'dev', '2020-12-30 08:10:55', '2020-12-30 08:10:55'),
(3759, '02-1018-068-06-2021', '02-1018-068', 9, 0, 0, 0, 0, 0, 0, 1, 19, 28, 6, 2021, 6, 'dev', '2020-12-30 08:10:55', '2020-12-30 08:10:55'),
(3760, '02-1118-089-06-2021', '02-1118-089', 9, 0, 0, 2, 0, 0, 0, 0, 17, 28, 6, 2021, 6, 'dev', '2020-12-30 08:10:55', '2020-12-30 08:10:55'),
(3761, '02-1118-086-06-2021', '02-1118-086', 9, 0, 0, 0, 0, 0, 0, 0, 19, 28, 6, 2021, 6, 'dev', '2020-12-30 08:10:55', '2020-12-30 08:10:55'),
(3762, '02-1118-079-06-2021', '02-1118-079', 9, 0, 0, 0, 0, 0, 0, 0, 19, 28, 6, 2021, 6, 'dev', '2020-12-30 08:10:55', '2020-12-30 08:10:55'),
(3763, '02-1118-084-06-2021', '02-1118-084', 10, 0, 0, 0, 0, 0, 0, 0, 18, 28, 6, 2021, 6, 'dev', '2020-12-30 08:10:55', '2020-12-30 08:10:55'),
(3764, '02-1118-077-06-2021', '02-1118-077', 9, 0, 0, 0, 0, 0, 0, 0, 19, 28, 6, 2021, 6, 'dev', '2020-12-30 08:10:55', '2020-12-30 08:10:55'),
(3765, '02-1118-076-06-2021', '02-1118-076', 9, 0, 0, 0, 0, 2, 0, 0, 17, 28, 6, 2021, 6, 'dev', '2020-12-30 08:10:55', '2020-12-30 08:10:55'),
(3766, '02-1118-090-06-2021', '02-1118-090', 9, 0, 0, 0, 0, 0, 0, 0, 19, 28, 6, 2021, 6, 'dev', '2020-12-30 08:10:55', '2020-12-30 08:10:55'),
(3767, '02-1118-085-06-2021', '02-1118-085', 10, 0, 0, 0, 0, 1, 0, 0, 17, 28, 6, 2021, 6, 'dev', '2020-12-30 08:10:55', '2020-12-30 08:10:55'),
(3768, '02-1218-181-06-2021', '02-1218-181', 9, 0, 0, 0, 0, 1, 0, 0, 18, 28, 6, 2021, 6, 'dev', '2020-12-30 08:10:55', '2020-12-30 08:10:55'),
(3769, '02-1118-100-06-2021', '02-1118-100', 2, 0, 0, 2, 0, 1, 0, 0, 4, 9, 6, 2021, 6, 'dev', '2020-12-30 08:10:55', '2020-12-30 08:10:55'),
(3770, '02-1118-102-06-2021', '02-1118-102', 9, 0, 0, 0, 0, 0, 0, 0, 19, 28, 6, 2021, 6, 'dev', '2020-12-30 08:10:55', '2020-12-30 08:10:55'),
(3771, '02-1118-103-06-2021', '02-1118-103', 10, 0, 1, 0, 0, 0, 0, 0, 17, 28, 6, 2021, 6, 'dev', '2020-12-30 08:10:55', '2020-12-30 08:10:55'),
(3772, '02-1118-099-06-2021', '02-1118-099', 10, 0, 0, 0, 0, 0, 0, 0, 18, 28, 6, 2021, 6, 'dev', '2020-12-30 08:10:55', '2020-12-30 08:10:55'),
(3773, '02-1118-106-06-2021', '02-1118-106', 9, 0, 0, 0, 0, 0, 0, 0, 19, 28, 6, 2021, 6, 'dev', '2020-12-30 08:10:55', '2020-12-30 08:10:55'),
(3774, '02-1118-107-06-2021', '02-1118-107', 8, 0, 0, 0, 0, 0, 0, 0, 20, 28, 6, 2021, 6, 'dev', '2020-12-30 08:10:55', '2020-12-30 08:10:55'),
(3775, '02-1118-108-06-2021', '02-1118-108', 9, 0, 0, 0, 0, 0, 0, 0, 19, 28, 6, 2021, 6, 'dev', '2020-12-30 08:10:55', '2020-12-30 08:10:55'),
(3776, '02-1118-112-06-2021', '02-1118-112', 6, 0, 0, 0, 0, 7, 0, 0, 15, 28, 6, 2021, 6, 'dev', '2020-12-30 08:10:55', '2020-12-30 08:10:55'),
(3777, '02-1118-111-06-2021', '02-1118-111', 10, 0, 0, 0, 0, 0, 0, 0, 18, 28, 6, 2021, 6, 'dev', '2020-12-30 08:10:55', '2020-12-30 08:10:55'),
(3778, '02-1118-113-06-2021', '02-1118-113', 10, 0, 0, 0, 0, 0, 0, 0, 18, 28, 6, 2021, 6, 'dev', '2020-12-30 08:10:55', '2020-12-30 08:10:55'),
(3779, '02-1118-115-06-2021', '02-1118-115', 9, 0, 0, 0, 0, 0, 0, 0, 19, 28, 6, 2021, 6, 'dev', '2020-12-30 08:10:55', '2020-12-30 08:10:55'),
(3780, '02-1118-170-06-2021', '02-1118-170', 10, 0, 0, 0, 0, 0, 0, 0, 18, 28, 6, 2021, 6, 'dev', '2020-12-30 08:10:55', '2020-12-30 08:10:55'),
(3781, '02-1118-123-06-2021', '02-1118-123', 10, 0, 0, 0, 0, 0, 0, 0, 18, 28, 6, 2021, 6, 'dev', '2020-12-30 08:10:55', '2020-12-30 08:10:55'),
(3782, '02-1118-166-06-2021', '02-1118-166', 7, 0, 0, 0, 0, 0, 0, 0, 14, 21, 6, 2021, 6, 'dev', '2020-12-30 08:10:55', '2020-12-30 08:10:55'),
(3783, '02-1118-171-06-2021', '02-1118-171', 10, 0, 1, 0, 0, 0, 0, 0, 17, 28, 6, 2021, 6, 'dev', '2020-12-30 08:10:55', '2020-12-30 08:10:55'),
(3784, '02-1118-124-06-2021', '02-1118-124', 10, 0, 0, 0, 0, 0, 0, 0, 18, 28, 6, 2021, 6, 'dev', '2020-12-30 08:10:55', '2020-12-30 08:10:55'),
(3785, '02-1118-165-06-2021', '02-1118-165', 9, 0, 0, 0, 0, 0, 0, 0, 19, 28, 6, 2021, 6, 'dev', '2020-12-30 08:10:55', '2020-12-30 08:10:55'),
(3786, '02-1118-114-06-2021', '02-1118-114', 6, 0, 0, 0, 0, 5, 0, 0, 7, 18, 6, 2021, 6, 'dev', '2020-12-30 08:10:55', '2020-12-30 08:10:55'),
(3787, '02-1118-117-06-2021', '02-1118-117', 9, 0, 0, 0, 0, 0, 0, 0, 19, 28, 6, 2021, 6, 'dev', '2020-12-30 08:10:55', '2020-12-30 08:10:55'),
(3788, '02-1118-118-06-2021', '02-1118-118', 9, 0, 0, 0, 0, 0, 0, 0, 19, 28, 6, 2021, 6, 'dev', '2020-12-30 08:10:55', '2020-12-30 08:10:55'),
(3789, '02-1118-126-06-2021', '02-1118-126', 9, 0, 0, 0, 0, 0, 0, 0, 19, 28, 6, 2021, 6, 'dev', '2020-12-30 08:10:56', '2020-12-30 08:10:56'),
(3790, '02-1118-169-06-2021', '02-1118-169', 9, 0, 0, 0, 0, 0, 0, 0, 19, 28, 6, 2021, 6, 'dev', '2020-12-30 08:10:56', '2020-12-30 08:10:56'),
(3791, '02-1218-232-06-2021', '02-1218-232', 8, 0, 0, 0, 0, 2, 0, 0, 18, 28, 6, 2021, 6, 'dev', '2020-12-30 08:10:56', '2020-12-30 08:10:56'),
(3792, '02-1218-231-06-2021', '02-1218-231', 8, 0, 0, 0, 0, 2, 0, 0, 18, 28, 6, 2021, 6, 'dev', '2020-12-30 08:10:56', '2020-12-30 08:10:56'),
(3793, '02-0119-251-06-2021', '02-0119-251', 9, 0, 0, 0, 0, 0, 0, 0, 19, 28, 6, 2021, 6, 'dev', '2020-12-30 08:10:56', '2020-12-30 08:10:56'),
(3794, '02-0319-273-06-2021', '02-0319-273', 10, 0, 0, 0, 0, 0, 0, 0, 18, 28, 6, 2021, 6, 'dev', '2020-12-30 08:10:56', '2020-12-30 08:10:56'),
(3795, '02-1020-576-06-2021', '02-1020-576', 9, 0, 0, 0, 0, 0, 0, 0, 19, 28, 6, 2021, 6, 'dev', '2020-12-30 08:10:56', '2020-12-30 08:10:56'),
(3796, '02-0619-311-06-2021', '02-0619-311', 7, 0, 0, 0, 0, 1, 9, 1, 20, 28, 6, 2021, 6, 'dev', '2020-12-30 08:10:56', '2020-12-30 08:10:56'),
(3797, '02-0619-312-06-2021', '02-0619-312', 8, 0, 0, 0, 0, 1, 1, 1, 19, 28, 6, 2021, 6, 'dev', '2020-12-30 08:10:56', '2020-12-30 08:10:56'),
(3798, '02-0719-331-06-2021', '02-0719-331', 9, 0, 0, 0, 0, 1, 0, 0, 18, 28, 6, 2021, 6, 'dev', '2020-12-30 08:10:56', '2020-12-30 08:10:56'),
(3799, '02-0719-333-06-2021', '02-0719-333', 8, 0, 0, 0, 1, 0, 0, 0, 19, 28, 6, 2021, 6, 'dev', '2020-12-30 08:10:56', '2020-12-30 08:10:56'),
(3800, '02-0819-396-06-2021', '02-0819-396', 8, 0, 0, 0, 0, 1, 0, 0, 19, 28, 6, 2021, 6, 'dev', '2020-12-30 08:10:56', '2020-12-30 08:10:56'),
(3801, '02-0719-337-06-2021', '02-0719-337', 9, 0, 0, 0, 0, 0, 0, 0, 19, 28, 6, 2021, 6, 'dev', '2020-12-30 08:10:56', '2020-12-30 08:10:56'),
(3802, '02-0719-339-06-2021', '02-0719-339', 8, 0, 7, 0, 0, 0, 0, 0, 13, 28, 6, 2021, 6, 'dev', '2020-12-30 08:10:56', '2020-12-30 08:10:56'),
(3803, '02-0719-375-06-2021', '02-0719-375', 9, 0, 0, 0, 0, 0, 0, 0, 19, 28, 6, 2021, 6, 'dev', '2020-12-30 08:10:56', '2020-12-30 08:10:56'),
(3804, '02-0919-402-06-2021', '02-0919-402', 10, 0, 0, 0, 0, 0, 0, 0, 18, 28, 6, 2021, 6, 'dev', '2020-12-30 08:10:56', '2020-12-30 08:10:56'),
(3805, '02-0919-403-06-2021', '02-0919-403', 9, 0, 0, 0, 0, 0, 0, 0, 19, 28, 6, 2021, 6, 'dev', '2020-12-30 08:10:56', '2020-12-30 08:10:56'),
(3806, '02-0919-401-06-2021', '02-0919-401', 9, 0, 0, 0, 0, 0, 0, 0, 19, 28, 6, 2021, 6, 'dev', '2020-12-30 08:10:56', '2020-12-30 08:10:56'),
(3807, '02-1019-451-06-2021', '02-1019-451', 12, 0, 0, 0, 0, 1, 0, 0, 15, 28, 6, 2021, 6, 'dev', '2020-12-30 08:10:56', '2020-12-30 08:10:56'),
(3808, '02-1119-452-06-2021', '02-1119-452', 8, 0, 0, 0, 0, 1, 0, 1, 19, 28, 6, 2021, 6, 'dev', '2020-12-30 08:10:56', '2020-12-30 08:10:56'),
(3809, '02-1219-500-06-2021', '02-1219-500', 9, 0, 0, 0, 0, 0, 0, 0, 19, 28, 6, 2021, 6, 'dev', '2020-12-30 08:10:56', '2020-12-30 08:10:56'),
(3810, '02-0220-513-06-2021', '02-0220-513', 9, 0, 1, 0, 0, 0, 0, 0, 18, 28, 6, 2021, 6, 'dev', '2020-12-30 08:10:56', '2020-12-30 08:10:56'),
(3811, '02-0320-517-06-2021', '02-0320-517', 8, 0, 0, 0, 0, 1, 0, 0, 19, 28, 6, 2021, 6, 'dev', '2020-12-30 08:10:56', '2020-12-30 08:10:56'),
(3812, '02-0320-516-06-2021', '02-0320-516', 10, 0, 0, 0, 0, 0, 0, 0, 18, 28, 6, 2021, 6, 'dev', '2020-12-30 08:10:56', '2020-12-30 08:10:56'),
(3813, '02-0320-529-06-2021', '02-0320-529', 10, 0, 0, 0, 0, 0, 0, 0, 18, 28, 6, 2021, 6, 'dev', '2020-12-30 08:10:56', '2020-12-30 08:10:56'),
(3814, '02-0720-534-06-2021', '02-0720-534', 10, 0, 0, 0, 0, 0, 0, 0, 18, 28, 6, 2021, 6, 'dev', '2020-12-30 08:10:56', '2020-12-30 08:10:56'),
(3815, '02-0920-553-06-2021', '02-0920-553', 12, 0, 0, 0, 0, 0, 0, 0, 16, 28, 6, 2021, 6, 'dev', '2020-12-30 08:10:56', '2020-12-30 08:10:56'),
(3816, '02-0920-550-06-2021', '02-0920-550', 14, 0, 0, 0, 0, 0, 0, 0, 14, 28, 6, 2021, 6, 'dev', '2020-12-30 08:10:56', '2020-12-30 08:10:56'),
(3817, '02-0920-547-06-2021', '02-0920-547', 11, 0, 0, 0, 0, 0, 0, 0, 17, 28, 6, 2021, 6, 'dev', '2020-12-30 08:10:56', '2020-12-30 08:10:56'),
(3818, '02-0920-552-06-2021', '02-0920-552', 12, 0, 0, 0, 0, 3, 0, 0, 13, 28, 6, 2021, 6, 'dev', '2020-12-30 08:10:56', '2020-12-30 08:10:56'),
(3819, '02-0920-557-06-2021', '02-0920-557', 12, 0, 0, 0, 1, 1, 0, 0, 14, 28, 6, 2021, 6, 'dev', '2020-12-30 08:10:56', '2020-12-30 08:10:56'),
(3820, '02-0920-563-06-2021', '02-0920-563', 13, 0, 0, 0, 0, 0, 0, 0, 15, 28, 6, 2021, 6, 'dev', '2020-12-30 08:10:56', '2020-12-30 08:10:56'),
(3821, '02-0920-564-06-2021', '02-0920-564', 13, 0, 0, 0, 0, 3, 0, 0, 12, 28, 6, 2021, 6, 'dev', '2020-12-30 08:10:56', '2020-12-30 08:10:56'),
(3822, '02-0920-562-06-2021', '02-0920-562', 11, 0, 0, 0, 0, 0, 0, 0, 17, 28, 6, 2021, 6, 'dev', '2020-12-30 08:10:56', '2020-12-30 08:10:56'),
(3823, '02-0920-566-06-2021', '02-0920-566', 12, 0, 0, 0, 0, 1, 0, 0, 15, 28, 6, 2021, 6, 'dev', '2020-12-30 08:10:56', '2020-12-30 08:10:56'),
(3824, '02-0920-556-06-2021', '02-0920-556', 12, 0, 0, 0, 0, 0, 0, 0, 16, 28, 6, 2021, 6, 'dev', '2020-12-30 08:10:56', '2020-12-30 08:10:56'),
(3825, '02-0920-561-06-2021', '02-0920-561', 12, 0, 0, 0, 0, 0, 0, 0, 16, 28, 6, 2021, 6, 'dev', '2020-12-30 08:10:56', '2020-12-30 08:10:56'),
(3826, '02-0920-568-06-2021', '02-0920-568', 11, 0, 0, 0, 0, 2, 0, 0, 15, 28, 6, 2021, 6, 'dev', '2020-12-30 08:10:56', '2020-12-30 08:10:56'),
(3827, '02-0920-555-06-2021', '02-0920-555', 10, 0, 0, 0, 0, 0, 0, 0, 18, 28, 6, 2021, 6, 'dev', '2020-12-30 08:10:56', '2020-12-30 08:10:56'),
(3828, '02-0920-549-06-2021', '02-0920-549', 13, 0, 0, 0, 0, 1, 0, 0, 14, 28, 6, 2021, 6, 'dev', '2020-12-30 08:10:56', '2020-12-30 08:10:56'),
(3829, '02-0920-554-06-2021', '02-0920-554', 13, 0, 0, 0, 0, 1, 0, 0, 14, 28, 6, 2021, 6, 'dev', '2020-12-30 08:10:56', '2020-12-30 08:10:56'),
(3830, '02-0920-559-06-2021', '02-0920-559', 11, 0, 0, 0, 0, 0, 0, 0, 17, 28, 6, 2021, 6, 'dev', '2020-12-30 08:10:56', '2020-12-30 08:10:56'),
(3831, '02-0920-551-06-2021', '02-0920-551', 13, 0, 0, 0, 0, 0, 0, 0, 15, 28, 6, 2021, 6, 'dev', '2020-12-30 08:10:56', '2020-12-30 08:10:56'),
(3832, '02-0920-560-06-2021', '02-0920-560', 11, 0, 0, 0, 0, 0, 0, 0, 17, 28, 6, 2021, 6, 'dev', '2020-12-30 08:10:56', '2020-12-30 08:10:56'),
(3833, '02-0920-565-06-2021', '02-0920-565', 12, 0, 0, 0, 0, 1, 0, 0, 15, 28, 6, 2021, 6, 'dev', '2020-12-30 08:10:56', '2020-12-30 08:10:56'),
(3834, '02-0920-558-06-2021', '02-0920-558', 13, 0, 0, 0, 0, 3, 0, 0, 12, 28, 6, 2021, 6, 'dev', '2020-12-30 08:10:56', '2020-12-30 08:10:56'),
(3835, '02-0920-569-06-2021', '02-0920-569', 13, 0, 0, 0, 0, 1, 0, 0, 14, 28, 6, 2021, 6, 'dev', '2020-12-30 08:10:56', '2020-12-30 08:10:56'),
(3836, '02-0920-567-06-2021', '02-0920-567', 13, 0, 0, 0, 1, 1, 0, 0, 13, 28, 6, 2021, 6, 'dev', '2020-12-30 08:10:56', '2020-12-30 08:10:56'),
(3837, '02-0920-546-06-2021', '02-0920-546', 9, 0, 0, 0, 0, 1, 0, 1, 18, 28, 6, 2021, 6, 'dev', '2020-12-30 08:10:56', '2020-12-30 08:10:56'),
(3838, '02-0719-358-06-2021', '02-0719-358', 9, 0, 0, 0, 0, 0, 0, 0, 19, 28, 6, 2021, 6, 'dev', '2020-12-30 08:10:56', '2020-12-30 08:10:56'),
(3839, '02-0719-374-06-2021', '02-0719-374', 9, 0, 0, 0, 0, 0, 0, 0, 19, 28, 6, 2021, 6, 'dev', '2020-12-30 08:10:56', '2020-12-30 08:10:56'),
(3840, '02-0719-351-06-2021', '02-0719-351', 9, 0, 0, 0, 0, 1, 0, 0, 18, 28, 6, 2021, 6, 'dev', '2020-12-30 08:10:56', '2020-12-30 08:10:56'),
(3841, '02-0719-350-06-2021', '02-0719-350', 9, 0, 0, 0, 0, 0, 0, 0, 19, 28, 6, 2021, 6, 'dev', '2020-12-30 08:10:56', '2020-12-30 08:10:56'),
(3842, '02-0719-353-06-2021', '02-0719-353', 10, 0, 0, 1, 0, 0, 0, 0, 17, 28, 6, 2021, 6, 'dev', '2020-12-30 08:10:56', '2020-12-30 08:10:56'),
(3843, '02-0719-340-06-2021', '02-0719-340', 7, 0, 0, 0, 0, 0, 0, 1, 14, 21, 6, 2021, 6, 'dev', '2020-12-30 08:10:56', '2020-12-30 08:10:56'),
(3844, '02-1219-492-06-2021', '02-1219-492', 5, 0, 0, 0, 0, 1, 0, 0, 8, 14, 6, 2021, 6, 'dev', '2020-12-30 08:10:56', '2020-12-30 08:10:56'),
(3845, '02-1120-580-06-2021', '02-1120-580', 3, 0, 0, 0, 0, 0, 0, 0, 6, 9, 6, 2021, 6, 'dev', '2020-12-30 08:10:56', '2020-12-30 08:10:56'),
(3846, '02-1120-582-06-2021', '02-1120-582', 2, 0, 0, 0, 0, 0, 0, 0, 7, 9, 6, 2021, 6, 'dev', '2020-12-30 08:10:56', '2020-12-30 08:10:56'),
(3847, '02-0418-024-06-2021', '02-0418-024', 8, 0, 0, 0, 0, 0, 0, 0, 20, 28, 6, 2021, 6, 'dev', '2020-12-30 08:10:56', '2020-12-30 08:10:56'),
(3848, '02-1118-091-06-2021', '02-1118-091', 7, 0, 0, 0, 0, 2, 1, 0, 19, 28, 6, 2021, 6, 'dev', '2020-12-30 08:10:56', '2020-12-30 08:10:56'),
(3849, '02-1218-182-06-2021', '02-1218-182', 10, 0, 0, 0, 0, 0, 0, 0, 18, 28, 6, 2021, 6, 'dev', '2020-12-30 08:10:56', '2020-12-30 08:10:56'),
(3850, '02-1218-201-06-2021', '02-1218-201', 8, 0, 0, 0, 2, 0, 1, 0, 18, 28, 6, 2021, 6, 'dev', '2020-12-30 08:10:56', '2020-12-30 08:10:56'),
(3851, '02-1218-246-06-2021', '02-1218-246', 8, 0, 0, 0, 0, 1, 0, 0, 19, 28, 6, 2021, 6, 'dev', '2020-12-30 08:10:56', '2020-12-30 08:10:56'),
(3852, '02-0119-267-06-2021', '02-0119-267', 8, 0, 0, 0, 0, 0, 2, 0, 20, 28, 6, 2021, 6, 'dev', '2020-12-30 08:10:56', '2020-12-30 08:10:56'),
(3853, '02-0319-278-06-2021', '02-0319-278', 9, 0, 0, 0, 0, 1, 1, 0, 18, 28, 6, 2021, 6, 'dev', '2020-12-30 08:10:56', '2020-12-30 08:10:56'),
(3854, '02-0719-325-06-2021', '02-0719-325', 8, 0, 0, 0, 0, 0, 0, 0, 20, 28, 6, 2021, 6, 'dev', '2020-12-30 08:10:56', '2020-12-30 08:10:56'),
(3855, '02-0719-335-06-2021', '02-0719-335', 8, 0, 0, 0, 0, 0, 0, 0, 20, 28, 6, 2021, 6, 'dev', '2020-12-30 08:10:56', '2020-12-30 08:10:56'),
(3856, '02-0819-394-06-2021', '02-0819-394', 10, 0, 0, 0, 0, 0, 0, 0, 18, 28, 6, 2021, 6, 'dev', '2020-12-30 08:10:56', '2020-12-30 08:10:56'),
(3857, '02-1019-430-06-2021', '02-1019-430', 9, 0, 0, 0, 0, 0, 0, 0, 19, 28, 6, 2021, 6, 'dev', '2020-12-30 08:10:56', '2020-12-30 08:10:56'),
(3858, '02-1019-429-06-2021', '02-1019-429', 10, 0, 0, 0, 0, 0, 0, 0, 18, 28, 6, 2021, 6, 'dev', '2020-12-30 08:10:56', '2020-12-30 08:10:56'),
(3859, '02-1019-437-06-2021', '02-1019-437', 7, 0, 0, 0, 0, 1, 1, 0, 20, 28, 6, 2021, 6, 'dev', '2020-12-30 08:10:56', '2020-12-30 08:10:56'),
(3860, '02-1019-439-06-2021', '02-1019-439', 7, 0, 0, 0, 0, 0, 0, 0, 21, 28, 6, 2021, 6, 'dev', '2020-12-30 08:10:56', '2020-12-30 08:10:56'),
(3861, '02-1119-479-06-2021', '02-1119-479', 8, 0, 0, 0, 0, 2, 1, 0, 18, 28, 6, 2021, 6, 'dev', '2020-12-30 08:10:56', '2020-12-30 08:10:56'),
(3862, '02-0220-510-06-2021', '02-0220-510', 8, 0, 0, 0, 0, 2, 0, 0, 18, 28, 6, 2021, 6, 'dev', '2020-12-30 08:10:56', '2020-12-30 08:10:56'),
(3863, '02-0920-544-06-2021', '02-0920-544', 8, 0, 0, 0, 0, 1, 0, 0, 19, 28, 6, 2021, 6, 'dev', '2020-12-30 08:10:56', '2020-12-30 08:10:56'),
(3864, '02-1018-071-07-2021', '02-1018-071', 7, 0, 0, 0, 0, 0, 1, 1, 21, 28, 7, 2021, 7, 'dev', '2021-01-07 04:31:01', '2021-01-07 04:31:01'),
(3865, '02-0719-389-07-2021', '02-0719-389', 7, 0, 0, 0, 0, 1, 3, 0, 20, 28, 7, 2021, 7, 'dev', '2021-01-07 04:31:01', '2021-01-07 04:31:01'),
(3866, '02-0919-416-07-2021', '02-0919-416', 8, 0, 0, 0, 0, 1, 0, 0, 19, 28, 7, 2021, 7, 'dev', '2021-01-07 04:31:01', '2021-01-07 04:31:01'),
(3867, '02-1019-427-07-2021', '02-1019-427', 7, 0, 0, 0, 0, 0, 0, 0, 21, 28, 7, 2021, 7, 'dev', '2021-01-07 04:31:01', '2021-01-07 04:31:01'),
(3868, '02-1019-442-07-2021', '02-1019-442', 8, 1, 0, 0, 0, 0, 0, 0, 19, 28, 7, 2021, 7, 'dev', '2021-01-07 04:31:01', '2021-01-07 04:31:01'),
(3869, '02-1019-441-07-2021', '02-1019-441', 8, 0, 0, 0, 0, 0, 0, 0, 20, 28, 7, 2021, 7, 'dev', '2021-01-07 04:31:01', '2021-01-07 04:31:01'),
(3870, '02-1119-445-07-2021', '02-1119-445', 8, 0, 0, 0, 0, 2, 0, 0, 18, 28, 7, 2021, 7, 'dev', '2021-01-07 04:31:01', '2021-01-07 04:31:01'),
(3871, '02-0320-521-07-2021', '02-0320-521', 6, 1, 0, 0, 0, 1, 0, 0, 20, 28, 7, 2021, 7, 'dev', '2021-01-07 04:31:01', '2021-01-07 04:31:01'),
(3872, '02-0320-524-07-2021', '02-0320-524', 7, 0, 0, 0, 0, 2, 0, 0, 19, 28, 7, 2021, 7, 'dev', '2021-01-07 04:31:01', '2021-01-07 04:31:01'),
(3873, '02-0418-015-07-2021', '02-0418-015', 8, 0, 0, 0, 0, 1, 0, 0, 14, 23, 7, 2021, 7, 'dev', '2021-01-07 04:31:01', '2021-01-07 04:31:01'),
(3874, '02-0418-019-07-2021', '02-0418-019', 9, 0, 0, 0, 0, 0, 4, 3, 19, 28, 7, 2021, 7, 'dev', '2021-01-07 04:31:01', '2021-01-07 04:31:01'),
(3875, '02-1018-067-07-2021', '02-1018-067', 8, 0, 0, 0, 0, 0, 0, 0, 20, 28, 7, 2021, 7, 'dev', '2021-01-07 04:31:01', '2021-01-07 04:31:01'),
(3876, '02-0918-061-07-2021', '02-0918-061', 9, 2, 0, 0, 0, 0, 0, 0, 17, 28, 7, 2021, 7, 'dev', '2021-01-07 04:31:01', '2021-01-07 04:31:01'),
(3877, '02-0918-059-07-2021', '02-0918-059', 10, 0, 0, 0, 0, 0, 0, 0, 18, 28, 7, 2021, 7, 'dev', '2021-01-07 04:31:01', '2021-01-07 04:31:01'),
(3878, '02-1118-093-07-2021', '02-1118-093', 7, 0, 0, 0, 0, 2, 0, 0, 19, 28, 7, 2021, 7, 'dev', '2021-01-07 04:31:01', '2021-01-07 04:31:01'),
(3879, '02-1218-209-07-2021', '02-1218-209', 6, 0, 0, 0, 0, 3, 0, 0, 19, 28, 7, 2021, 7, 'dev', '2021-01-07 04:31:01', '2021-01-07 04:31:01'),
(3880, '02-1218-200-07-2021', '02-1218-200', 8, 0, 0, 0, 0, 2, 0, 0, 18, 28, 7, 2021, 7, 'dev', '2021-01-07 04:31:01', '2021-01-07 04:31:01'),
(3881, '02-1218-206-07-2021', '02-1218-206', 8, 0, 0, 0, 0, 2, 0, 0, 18, 28, 7, 2021, 7, 'dev', '2021-01-07 04:31:01', '2021-01-07 04:31:01'),
(3882, '02-1218-249-07-2021', '02-1218-249', 8, 0, 0, 0, 0, 3, 1, 1, 17, 28, 7, 2021, 7, 'dev', '2021-01-07 04:31:01', '2021-01-07 04:31:01'),
(3883, '02-0119-266-07-2021', '02-0119-266', 10, 0, 0, 0, 0, 1, 0, 1, 17, 28, 7, 2021, 7, 'dev', '2021-01-07 04:31:01', '2021-01-07 04:31:01'),
(3884, '02-0219-269-07-2021', '02-0219-269', 9, 0, 0, 0, 0, 1, 1, 1, 18, 28, 7, 2021, 7, 'dev', '2021-01-07 04:31:01', '2021-01-07 04:31:01'),
(3885, '02-0219-270-07-2021', '02-0219-270', 8, 0, 0, 0, 0, 5, 0, 3, 15, 28, 7, 2021, 7, 'dev', '2021-01-07 04:31:01', '2021-01-07 04:31:01'),
(3886, '02-0319-271-07-2021', '02-0319-271', 11, 0, 0, 0, 0, 0, 0, 0, 17, 28, 7, 2021, 7, 'dev', '2021-01-07 04:31:01', '2021-01-07 04:31:01'),
(3887, '02-0319-282-07-2021', '02-0319-282', 11, 0, 0, 0, 0, 0, 0, 0, 17, 28, 7, 2021, 7, 'dev', '2021-01-07 04:31:01', '2021-01-07 04:31:01'),
(3888, '02-1119-446-07-2021', '02-1119-446', 9, 0, 0, 0, 0, 2, 0, 0, 17, 28, 7, 2021, 7, 'dev', '2021-01-07 04:31:01', '2021-01-07 04:31:01'),
(3889, '02-1119-478-07-2021', '02-1119-478', 12, 0, 0, 0, 0, 4, 0, 1, 12, 28, 7, 2021, 7, 'dev', '2021-01-07 04:31:01', '2021-01-07 04:31:01'),
(3890, '02-1020-571-07-2021', '02-1020-571', 9, 0, 0, 0, 0, 0, 0, 0, 19, 28, 7, 2021, 7, 'dev', '2021-01-07 04:31:01', '2021-01-07 04:31:01'),
(3891, '02-0719-388-07-2021', '02-0719-388', 11, 0, 0, 0, 0, 0, 0, 0, 17, 28, 7, 2021, 7, 'dev', '2021-01-07 04:31:01', '2021-01-07 04:31:01'),
(3892, '02-0719-373-07-2021', '02-0719-373', 8, 0, 0, 0, 0, 0, 0, 0, 20, 28, 7, 2021, 7, 'dev', '2021-01-07 04:31:01', '2021-01-07 04:31:01'),
(3893, '02-0718-027-07-2021', '02-0718-027', 6, 0, 0, 0, 0, 0, 0, 0, 22, 28, 7, 2021, 7, 'dev', '2021-01-07 04:31:01', '2021-01-07 04:31:01'),
(3894, '02-0418-012-07-2021', '02-0418-012', 8, 0, 0, 0, 0, 0, 0, 0, 20, 28, 7, 2021, 7, 'dev', '2021-01-07 04:31:01', '2021-01-07 04:31:01'),
(3895, '01-0217-007-07-2021', '01-0217-007', 0, 0, 0, 0, 0, 28, 0, 0, 0, 28, 7, 2021, 7, 'dev', '2021-01-07 04:31:01', '2021-01-07 04:31:01'),
(3896, '02-0418-016-07-2021', '02-0418-016', 9, 0, 0, 0, 0, 0, 0, 0, 19, 28, 7, 2021, 7, 'dev', '2021-01-07 04:31:01', '2021-01-07 04:31:01'),
(3897, '02-0117-009-07-2021', '02-0117-009', 8, 0, 0, 0, 0, 1, 0, 0, 19, 28, 7, 2021, 7, 'dev', '2021-01-07 04:31:01', '2021-01-07 04:31:01'),
(3898, '02-0918-057-07-2021', '02-0918-057', 7, 0, 0, 0, 0, 1, 0, 0, 20, 28, 7, 2021, 7, 'dev', '2021-01-07 04:31:01', '2021-01-07 04:31:01'),
(3899, '02-1118-094-07-2021', '02-1118-094', 9, 0, 0, 0, 0, 0, 3, 2, 19, 28, 7, 2021, 7, 'dev', '2021-01-07 04:31:01', '2021-01-07 04:31:01'),
(3900, '02-1118-087-07-2021', '02-1118-087', 8, 0, 0, 0, 0, 2, 1, 0, 18, 28, 7, 2021, 7, 'dev', '2021-01-07 04:31:01', '2021-01-07 04:31:01'),
(3901, '02-1118-174-07-2021', '02-1118-174', 8, 0, 0, 0, 0, 2, 0, 0, 18, 28, 7, 2021, 7, 'dev', '2021-01-07 04:31:01', '2021-01-07 04:31:01'),
(3902, '02-1118-175-07-2021', '02-1118-175', 8, 0, 0, 0, 0, 1, 1, 0, 19, 28, 7, 2021, 7, 'dev', '2021-01-07 04:31:01', '2021-01-07 04:31:01'),
(3903, '02-1118-176-07-2021', '02-1118-176', 6, 1, 0, 0, 0, 0, 0, 0, 21, 28, 7, 2021, 7, 'dev', '2021-01-07 04:31:01', '2021-01-07 04:31:01'),
(3904, '02-1118-119-07-2021', '02-1118-119', 3, 0, 0, 0, 0, 0, 0, 0, 11, 14, 7, 2021, 7, 'dev', '2021-01-07 04:31:01', '2021-01-07 04:31:01'),
(3905, '02-1218-214-07-2021', '02-1218-214', 10, 0, 0, 0, 0, 2, 0, 2, 16, 28, 7, 2021, 7, 'dev', '2021-01-07 04:31:01', '2021-01-07 04:31:01'),
(3906, '02-1218-216-07-2021', '02-1218-216', 8, 1, 0, 0, 0, 0, 0, 0, 19, 28, 7, 2021, 7, 'dev', '2021-01-07 04:31:01', '2021-01-07 04:31:01'),
(3907, '02-0119-252-07-2021', '02-0119-252', 8, 0, 0, 0, 0, 0, 0, 0, 20, 28, 7, 2021, 7, 'dev', '2021-01-07 04:31:01', '2021-01-07 04:31:01'),
(3908, '02-0419-284-07-2021', '02-0419-284', 6, 0, 0, 0, 0, 0, 0, 0, 22, 28, 7, 2021, 7, 'dev', '2021-01-07 04:31:01', '2021-01-07 04:31:01'),
(3909, '02-1019-428-07-2021', '02-1019-428', 8, 1, 0, 0, 0, 0, 0, 1, 19, 28, 7, 2021, 7, 'dev', '2021-01-07 04:31:01', '2021-01-07 04:31:01'),
(3910, '02-1019-443-07-2021', '02-1019-443', 8, 0, 0, 0, 0, 0, 0, 0, 20, 28, 7, 2021, 7, 'dev', '2021-01-07 04:31:01', '2021-01-07 04:31:01'),
(3911, '02-1019-477-07-2021', '02-1019-477', 8, 2, 0, 0, 0, 0, 0, 0, 18, 28, 7, 2021, 7, 'dev', '2021-01-07 04:31:01', '2021-01-07 04:31:01'),
(3912, '02-1119-477-07-2021', '02-1119-477', 9, 0, 0, 0, 0, 4, 2, 1, 15, 28, 7, 2021, 7, 'dev', '2021-01-07 04:31:01', '2021-01-07 04:31:01'),
(3913, '02-0220-515-07-2021', '02-0220-515', 7, 0, 0, 0, 0, 0, 0, 0, 21, 28, 7, 2021, 7, 'dev', '2021-01-07 04:31:02', '2021-01-07 04:31:02'),
(3914, '02-1020-572-07-2021', '02-1020-572', 8, 1, 0, 0, 0, 1, 0, 0, 18, 28, 7, 2021, 7, 'dev', '2021-01-07 04:31:02', '2021-01-07 04:31:02'),
(3915, '02-0920-545-07-2021', '02-0920-545', 7, 0, 0, 0, 0, 0, 0, 0, 21, 28, 7, 2021, 7, 'dev', '2021-01-07 04:31:02', '2021-01-07 04:31:02'),
(3916, '02-0818-049-07-2021', '02-0818-049', 8, 0, 0, 0, 0, 2, 0, 0, 18, 28, 7, 2021, 7, 'dev', '2021-01-07 04:31:02', '2021-01-07 04:31:02'),
(3917, '02-0818-050-07-2021', '02-0818-050', 8, 0, 0, 0, 0, 0, 0, 0, 20, 28, 7, 2021, 7, 'dev', '2021-01-07 04:31:02', '2021-01-07 04:31:02'),
(3918, '02-1018-065-07-2021', '02-1018-065', 8, 0, 0, 0, 0, 0, 0, 0, 20, 28, 7, 2021, 7, 'dev', '2021-01-07 04:31:02', '2021-01-07 04:31:02'),
(3919, '02-1118-081-07-2021', '02-1118-081', 8, 0, 0, 0, 0, 4, 0, 0, 16, 28, 7, 2021, 7, 'dev', '2021-01-07 04:31:02', '2021-01-07 04:31:02'),
(3920, '02-1218-183-07-2021', '02-1218-183', 9, 0, 0, 0, 0, 1, 0, 0, 18, 28, 7, 2021, 7, 'dev', '2021-01-07 04:31:02', '2021-01-07 04:31:02'),
(3921, '02-1118-153-07-2021', '02-1118-153', 8, 0, 0, 0, 0, 0, 0, 0, 20, 28, 7, 2021, 7, 'dev', '2021-01-07 04:31:02', '2021-01-07 04:31:02'),
(3922, '02-1118-147-07-2021', '02-1118-147', 8, 0, 0, 0, 0, 1, 0, 0, 19, 28, 7, 2021, 7, 'dev', '2021-01-07 04:31:02', '2021-01-07 04:31:02'),
(3923, '02-1118-138-07-2021', '02-1118-138', 9, 0, 0, 0, 0, 3, 0, 0, 16, 28, 7, 2021, 7, 'dev', '2021-01-07 04:31:02', '2021-01-07 04:31:02'),
(3924, '02-1118-146-07-2021', '02-1118-146', 8, 1, 0, 0, 0, 2, 0, 0, 17, 28, 7, 2021, 7, 'dev', '2021-01-07 04:31:02', '2021-01-07 04:31:02'),
(3925, '02-1118-129-07-2021', '02-1118-129', 9, 1, 0, 0, 0, 0, 0, 0, 18, 28, 7, 2021, 7, 'dev', '2021-01-07 04:31:02', '2021-01-07 04:31:02'),
(3926, '02-1118-152-07-2021', '02-1118-152', 9, 0, 0, 0, 0, 3, 0, 0, 16, 28, 7, 2021, 7, 'dev', '2021-01-07 04:31:02', '2021-01-07 04:31:02'),
(3927, '02-1118-141-07-2021', '02-1118-141', 8, 0, 0, 0, 0, 3, 0, 0, 17, 28, 7, 2021, 7, 'dev', '2021-01-07 04:31:02', '2021-01-07 04:31:02'),
(3928, '02-1118-145-07-2021', '02-1118-145', 9, 0, 0, 0, 0, 3, 0, 0, 16, 28, 7, 2021, 7, 'dev', '2021-01-07 04:31:02', '2021-01-07 04:31:02'),
(3929, '02-1118-159-07-2021', '02-1118-159', 9, 0, 0, 0, 0, 0, 0, 0, 19, 28, 7, 2021, 7, 'dev', '2021-01-07 04:31:02', '2021-01-07 04:31:02'),
(3930, '02-1118-139-07-2021', '02-1118-139', 7, 0, 1, 0, 0, 3, 0, 0, 17, 28, 7, 2021, 7, 'dev', '2021-01-07 04:31:02', '2021-01-07 04:31:02'),
(3931, '02-1118-161-07-2021', '02-1118-161', 8, 0, 0, 0, 0, 0, 0, 0, 20, 28, 7, 2021, 7, 'dev', '2021-01-07 04:31:02', '2021-01-07 04:31:02'),
(3932, '02-1118-156-07-2021', '02-1118-156', 9, 0, 0, 0, 0, 3, 0, 0, 16, 28, 7, 2021, 7, 'dev', '2021-01-07 04:31:02', '2021-01-07 04:31:02'),
(3933, '02-1118-143-07-2021', '02-1118-143', 10, 0, 0, 0, 1, 0, 0, 0, 17, 28, 7, 2021, 7, 'dev', '2021-01-07 04:31:02', '2021-01-07 04:31:02'),
(3934, '02-1118-134-07-2021', '02-1118-134', 9, 0, 0, 0, 0, 3, 1, 1, 16, 28, 7, 2021, 7, 'dev', '2021-01-07 04:31:02', '2021-01-07 04:31:02'),
(3935, '02-1118-132-07-2021', '02-1118-132', 9, 0, 0, 0, 0, 3, 0, 0, 16, 28, 7, 2021, 7, 'dev', '2021-01-07 04:31:02', '2021-01-07 04:31:02'),
(3936, '02-1218-179-07-2021', '02-1218-179', 9, 0, 0, 0, 0, 0, 1, 0, 19, 28, 7, 2021, 7, 'dev', '2021-01-07 04:31:02', '2021-01-07 04:31:02'),
(3937, '02-1218-213-07-2021', '02-1218-213', 8, 1, 0, 0, 0, 2, 0, 0, 17, 28, 7, 2021, 7, 'dev', '2021-01-07 04:31:02', '2021-01-07 04:31:02'),
(3938, '02-1118-158-07-2021', '02-1118-158', 8, 0, 0, 0, 0, 3, 0, 0, 17, 28, 7, 2021, 7, 'dev', '2021-01-07 04:31:02', '2021-01-07 04:31:02'),
(3939, '02-1118-154-07-2021', '02-1118-154', 8, 0, 0, 0, 0, 3, 0, 0, 17, 28, 7, 2021, 7, 'dev', '2021-01-07 04:31:02', '2021-01-07 04:31:02'),
(3940, '02-1218-193-07-2021', '02-1218-193', 9, 0, 0, 0, 0, 1, 0, 0, 18, 28, 7, 2021, 7, 'dev', '2021-01-07 04:31:02', '2021-01-07 04:31:02'),
(3941, '02-1218-202-07-2021', '02-1218-202', 7, 0, 0, 0, 0, 3, 0, 0, 18, 28, 7, 2021, 7, 'dev', '2021-01-07 04:31:02', '2021-01-07 04:31:02'),
(3942, '02-1218-186-07-2021', '02-1218-186', 6, 0, 0, 0, 0, 2, 0, 0, 13, 21, 7, 2021, 7, 'dev', '2021-01-07 04:31:02', '2021-01-07 04:31:02'),
(3943, '02-1218-197-07-2021', '02-1218-197', 8, 0, 0, 0, 0, 0, 0, 0, 20, 28, 7, 2021, 7, 'dev', '2021-01-07 04:31:02', '2021-01-07 04:31:02'),
(3944, '02-1218-192-07-2021', '02-1218-192', 8, 0, 0, 0, 0, 3, 0, 0, 17, 28, 7, 2021, 7, 'dev', '2021-01-07 04:31:02', '2021-01-07 04:31:02'),
(3945, '02-1118-127-07-2021', '02-1118-127', 6, 0, 0, 0, 0, 0, 0, 0, 22, 28, 7, 2021, 7, 'dev', '2021-01-07 04:31:02', '2021-01-07 04:31:02'),
(3946, '02-1118-151-07-2021', '02-1118-151', 9, 0, 0, 0, 0, 0, 0, 0, 19, 28, 7, 2021, 7, 'dev', '2021-01-07 04:31:02', '2021-01-07 04:31:02'),
(3947, '02-1218-178-07-2021', '02-1218-178', 8, 0, 0, 0, 0, 2, 0, 0, 18, 28, 7, 2021, 7, 'dev', '2021-01-07 04:31:02', '2021-01-07 04:31:02'),
(3948, '02-1118-173-07-2021', '02-1118-173', 8, 0, 0, 0, 0, 0, 0, 0, 20, 28, 7, 2021, 7, 'dev', '2021-01-07 04:31:02', '2021-01-07 04:31:02'),
(3949, '02-1218-225-07-2021', '02-1218-225', 8, 1, 0, 0, 0, 2, 0, 0, 17, 28, 7, 2021, 7, 'dev', '2021-01-07 04:31:02', '2021-01-07 04:31:02'),
(3950, '02-1218-234-07-2021', '02-1218-234', 8, 1, 0, 0, 0, 2, 0, 0, 17, 28, 7, 2021, 7, 'dev', '2021-01-07 04:31:02', '2021-01-07 04:31:02'),
(3951, '02-1218-238-07-2021', '02-1218-238', 9, 0, 0, 0, 0, 3, 0, 0, 16, 28, 7, 2021, 7, 'dev', '2021-01-07 04:31:02', '2021-01-07 04:31:02'),
(3952, '02-1218-236-07-2021', '02-1218-236', 8, 1, 0, 0, 0, 1, 0, 0, 18, 28, 7, 2021, 7, 'dev', '2021-01-07 04:31:02', '2021-01-07 04:31:02'),
(3953, '02-1218-240-07-2021', '02-1218-240', 9, 0, 0, 0, 0, 0, 0, 0, 19, 28, 7, 2021, 7, 'dev', '2021-01-07 04:31:02', '2021-01-07 04:31:02'),
(3954, '02-1218-239-07-2021', '02-1218-239', 9, 1, 0, 0, 0, 1, 0, 0, 17, 28, 7, 2021, 7, 'dev', '2021-01-07 04:31:02', '2021-01-07 04:31:02'),
(3955, '02-1218-237-07-2021', '02-1218-237', 6, 1, 0, 0, 0, 2, 0, 0, 19, 28, 7, 2021, 7, 'dev', '2021-01-07 04:31:02', '2021-01-07 04:31:02'),
(3956, '02-1218-243-07-2021', '02-1218-243', 9, 0, 0, 0, 0, 1, 0, 0, 18, 28, 7, 2021, 7, 'dev', '2021-01-07 04:31:02', '2021-01-07 04:31:02'),
(3957, '02-0119-258-07-2021', '02-0119-258', 9, 0, 0, 0, 0, 0, 1, 0, 19, 28, 7, 2021, 7, 'dev', '2021-01-07 04:31:02', '2021-01-07 04:31:02'),
(3958, '02-0119-265-07-2021', '02-0119-265', 9, 1, 0, 0, 0, 0, 0, 0, 18, 28, 7, 2021, 7, 'dev', '2021-01-07 04:31:02', '2021-01-07 04:31:02'),
(3959, '02-0419-285-07-2021', '02-0419-285', 9, 0, 0, 0, 0, 2, 0, 0, 17, 28, 7, 2021, 7, 'dev', '2021-01-07 04:31:02', '2021-01-07 04:31:02'),
(3960, '02-0419-286-07-2021', '02-0419-286', 9, 0, 0, 0, 0, 0, 0, 0, 19, 28, 7, 2021, 7, 'dev', '2021-01-07 04:31:02', '2021-01-07 04:31:02'),
(3961, '02-0820-532-07-2021', '02-0820-532', 9, 0, 0, 0, 0, 1, 0, 0, 18, 28, 7, 2021, 7, 'dev', '2021-01-07 04:31:02', '2021-01-07 04:31:02'),
(3962, '02-0919-418-07-2021', '02-0919-418', 8, 1, 0, 0, 0, 0, 0, 0, 19, 28, 7, 2021, 7, 'dev', '2021-01-07 04:31:02', '2021-01-07 04:31:02'),
(3963, '02-0919-422-07-2021', '02-0919-422', 8, 0, 0, 0, 0, 0, 0, 0, 20, 28, 7, 2021, 7, 'dev', '2021-01-07 04:31:02', '2021-01-07 04:31:02'),
(3964, '02-0919-420-07-2021', '02-0919-420', 8, 0, 0, 0, 0, 0, 0, 0, 20, 28, 7, 2021, 7, 'dev', '2021-01-07 04:31:02', '2021-01-07 04:31:02'),
(3965, '02-0919-421-07-2021', '02-0919-421', 9, 0, 0, 0, 0, 0, 0, 0, 19, 28, 7, 2021, 7, 'dev', '2021-01-07 04:31:02', '2021-01-07 04:31:02'),
(3966, '02-1019-425-07-2021', '02-1019-425', 9, 0, 0, 0, 0, 1, 0, 0, 18, 28, 7, 2021, 7, 'dev', '2021-01-07 04:31:02', '2021-01-07 04:31:02'),
(3967, '02-0820-531-07-2021', '02-0820-531', 9, 0, 0, 0, 0, 0, 0, 0, 19, 28, 7, 2021, 7, 'dev', '2021-01-07 04:31:02', '2021-01-07 04:31:02'),
(3968, '02-0820-533-07-2021', '02-0820-533', 9, 0, 0, 0, 0, 0, 0, 0, 19, 28, 7, 2021, 7, 'dev', '2021-01-07 04:31:02', '2021-01-07 04:31:02'),
(3969, '02-0820-530-07-2021', '02-0820-530', 8, 0, 0, 0, 0, 0, 0, 0, 20, 28, 7, 2021, 7, 'dev', '2021-01-07 04:31:02', '2021-01-07 04:31:02'),
(3970, '02-1219-483-07-2021', '02-1219-483', 9, 0, 0, 0, 0, 0, 0, 0, 19, 28, 7, 2021, 7, 'dev', '2021-01-07 04:31:02', '2021-01-07 04:31:02'),
(3971, '02-0220-514-07-2021', '02-0220-514', 9, 1, 0, 0, 0, 0, 0, 1, 18, 28, 7, 2021, 7, 'dev', '2021-01-07 04:31:02', '2021-01-07 04:31:02'),
(3972, '02-0320-519-07-2021', '02-0320-519', 9, 0, 0, 0, 0, 0, 0, 0, 19, 28, 7, 2021, 7, 'dev', '2021-01-07 04:31:02', '2021-01-07 04:31:02'),
(3973, '02-0320-520-07-2021', '02-0320-520', 9, 0, 0, 0, 0, 0, 0, 1, 19, 28, 7, 2021, 7, 'dev', '2021-01-07 04:31:02', '2021-01-07 04:31:02'),
(3974, '02-0320-525-07-2021', '02-0320-525', 9, 0, 0, 0, 0, 1, 0, 0, 18, 28, 7, 2021, 7, 'dev', '2021-01-07 04:31:02', '2021-01-07 04:31:02'),
(3975, '02-0320-527-07-2021', '02-0320-527', 8, 0, 0, 0, 0, 0, 0, 0, 20, 28, 7, 2021, 7, 'dev', '2021-01-07 04:31:02', '2021-01-07 04:31:02'),
(3976, '02-0320-528-07-2021', '02-0320-528', 9, 1, 0, 0, 0, 0, 0, 0, 18, 28, 7, 2021, 7, 'dev', '2021-01-07 04:31:02', '2021-01-07 04:31:02'),
(3977, '02-1219-501-07-2021', '02-1219-501', 9, 1, 0, 0, 0, 0, 0, 0, 18, 28, 7, 2021, 7, 'dev', '2021-01-07 04:31:02', '2021-01-07 04:31:02'),
(3978, '02-0719-359-07-2021', '02-0719-359', 8, 0, 0, 0, 0, 0, 0, 0, 20, 28, 7, 2021, 7, 'dev', '2021-01-07 04:31:02', '2021-01-07 04:31:02'),
(3979, '02-0719-349-07-2021', '02-0719-349', 9, 0, 0, 0, 0, 0, 0, 0, 19, 28, 7, 2021, 7, 'dev', '2021-01-07 04:31:02', '2021-01-07 04:31:02'),
(3980, '02-0719-384-07-2021', '02-0719-384', 7, 0, 0, 0, 0, 0, 0, 0, 21, 28, 7, 2021, 7, 'dev', '2021-01-07 04:31:02', '2021-01-07 04:31:02'),
(3981, '02-1219-488-07-2021', '02-1219-488', 8, 0, 0, 0, 0, 0, 0, 0, 20, 28, 7, 2021, 7, 'dev', '2021-01-07 04:31:02', '2021-01-07 04:31:02'),
(3982, '02-0719-383-07-2021', '02-0719-383', 8, 0, 0, 0, 0, 0, 0, 0, 20, 28, 7, 2021, 7, 'dev', '2021-01-07 04:31:02', '2021-01-07 04:31:02'),
(3983, '02-0719-381-07-2021', '02-0719-381', 8, 0, 0, 0, 0, 0, 1, 0, 20, 28, 7, 2021, 7, 'dev', '2021-01-07 04:31:02', '2021-01-07 04:31:02'),
(3984, '02-0719-385-07-2021', '02-0719-385', 9, 0, 0, 0, 0, 1, 0, 0, 18, 28, 7, 2021, 7, 'dev', '2021-01-07 04:31:02', '2021-01-07 04:31:02'),
(3985, '02-0719-379-07-2021', '02-0719-379', 9, 0, 0, 0, 1, 0, 0, 2, 18, 28, 7, 2021, 7, 'dev', '2021-01-07 04:31:02', '2021-01-07 04:31:02'),
(3986, '02-0719-362-07-2021', '02-0719-362', 9, 0, 0, 0, 5, 2, 0, 0, 12, 28, 7, 2021, 7, 'dev', '2021-01-07 04:31:02', '2021-01-07 04:31:02'),
(3987, '02-0719-386-07-2021', '02-0719-386', 8, 0, 0, 0, 0, 0, 0, 0, 20, 28, 7, 2021, 7, 'dev', '2021-01-07 04:31:02', '2021-01-07 04:31:02'),
(3988, '02-0920-543-07-2021', '02-0920-543', 8, 0, 0, 0, 0, 2, 0, 0, 18, 28, 7, 2021, 7, 'dev', '2021-01-07 04:31:02', '2021-01-07 04:31:02'),
(3989, '02-1018-066-07-2021', '02-1018-066', 4, 0, 0, 0, 0, 0, 0, 0, 24, 28, 7, 2021, 7, 'dev', '2021-01-07 04:31:02', '2021-01-07 04:31:02'),
(3990, '02-0418-010-07-2021', '02-0418-010', 5, 1, 0, 0, 0, 0, 2, 6, 22, 28, 7, 2021, 7, 'dev', '2021-01-07 04:31:02', '2021-01-07 04:31:02'),
(3991, '01-1117-008-07-2021', '01-1117-008', 3, 0, 0, 0, 0, 0, 0, 0, 25, 28, 7, 2021, 7, 'dev', '2021-01-07 04:31:02', '2021-01-07 04:31:02'),
(3992, '02-0418-011-07-2021', '02-0418-011', 5, 0, 0, 0, 0, 0, 3, 0, 23, 28, 7, 2021, 7, 'dev', '2021-01-07 04:31:02', '2021-01-07 04:31:02'),
(3993, '02-0718-035-07-2021', '02-0718-035', 5, 0, 0, 0, 0, 1, 0, 0, 22, 28, 7, 2021, 7, 'dev', '2021-01-07 04:31:02', '2021-01-07 04:31:02'),
(3994, '02-0718-034-07-2021', '02-0718-034', 5, 1, 0, 0, 0, 0, 2, 1, 22, 28, 7, 2021, 7, 'dev', '2021-01-07 04:31:02', '2021-01-07 04:31:02'),
(3995, '02-0920-541-07-2021', '02-0920-541', 12, 3, 0, 0, 0, 3, 0, 0, 10, 28, 7, 2021, 7, 'dev', '2021-01-07 04:31:02', '2021-01-07 04:31:02'),
(3996, '02-0920-538-07-2021', '02-0920-538', 5, 0, 0, 0, 0, 0, 0, 0, 23, 28, 7, 2021, 7, 'dev', '2021-01-07 04:31:02', '2021-01-07 04:31:02'),
(3997, '02-0920-539-07-2021', '02-0920-539', 4, 1, 0, 0, 0, 0, 1, 0, 23, 28, 7, 2021, 7, 'dev', '2021-01-07 04:31:02', '2021-01-07 04:31:02'),
(3998, '02-0920-540-07-2021', '02-0920-540', 5, 1, 0, 0, 0, 2, 0, 0, 20, 28, 7, 2021, 7, 'dev', '2021-01-07 04:31:02', '2021-01-07 04:31:02'),
(3999, '02-0718-037-07-2021', '02-0718-037', 4, 0, 0, 0, 0, 1, 0, 0, 23, 28, 7, 2021, 7, 'dev', '2021-01-07 04:31:02', '2021-01-07 04:31:02'),
(4000, '02-0920-537-07-2021', '02-0920-537', 5, 0, 0, 0, 0, 0, 1, 0, 23, 28, 7, 2021, 7, 'dev', '2021-01-07 04:31:02', '2021-01-07 04:31:02'),
(4001, '02-0920-536-07-2021', '02-0920-536', 5, 0, 0, 0, 0, 1, 0, 0, 22, 28, 7, 2021, 7, 'dev', '2021-01-07 04:31:02', '2021-01-07 04:31:02'),
(4002, '02-0920-535-07-2021', '02-0920-535', 4, 0, 0, 0, 0, 1, 1, 1, 23, 28, 7, 2021, 7, 'dev', '2021-01-07 04:31:02', '2021-01-07 04:31:02'),
(4003, '01-0117-006-07-2021', '01-0117-006', 8, 1, 0, 0, 0, 0, 0, 0, 19, 28, 7, 2021, 7, 'dev', '2021-01-07 04:31:02', '2021-01-07 04:31:02'),
(4004, '02-0920-542-07-2021', '02-0920-542', 8, 0, 0, 0, 0, 0, 1, 0, 20, 28, 7, 2021, 7, 'dev', '2021-01-07 04:31:02', '2021-01-07 04:31:02'),
(4005, '02-0818-047-07-2021', '02-0818-047', 5, 0, 0, 0, 0, 1, 1, 1, 22, 28, 7, 2021, 7, 'dev', '2021-01-07 04:31:02', '2021-01-07 04:31:02'),
(4006, '02-0920-570-07-2021', '02-0920-570', 5, 1, 0, 0, 0, 0, 0, 0, 22, 28, 7, 2021, 7, 'dev', '2021-01-07 04:31:02', '2021-01-07 04:31:02'),
(4007, '02-0818-053-07-2021', '02-0818-053', 4, 0, 0, 0, 0, 0, 0, 0, 24, 28, 7, 2021, 7, 'dev', '2021-01-07 04:31:02', '2021-01-07 04:31:02'),
(4008, '02-0918-060-07-2021', '02-0918-060', 4, 0, 0, 0, 0, 1, 1, 0, 23, 28, 7, 2021, 7, 'dev', '2021-01-07 04:31:02', '2021-01-07 04:31:02'),
(4009, '02-1018-070-07-2021', '02-1018-070', 5, 0, 0, 0, 0, 1, 0, 0, 22, 28, 7, 2021, 7, 'dev', '2021-01-07 04:31:02', '2021-01-07 04:31:02'),
(4010, '02-1118-096-07-2021', '02-1118-096', 5, 1, 0, 0, 0, 1, 2, 0, 21, 28, 7, 2021, 7, 'dev', '2021-01-07 04:31:02', '2021-01-07 04:31:02'),
(4011, '02-1118-095-07-2021', '02-1118-095', 4, 0, 0, 0, 0, 2, 0, 0, 22, 28, 7, 2021, 7, 'dev', '2021-01-07 04:31:02', '2021-01-07 04:31:02'),
(4012, '02-1118-097-07-2021', '02-1118-097', 5, 0, 0, 0, 0, 2, 0, 0, 21, 28, 7, 2021, 7, 'dev', '2021-01-07 04:31:02', '2021-01-07 04:31:02'),
(4013, '02-1118-160-07-2021', '02-1118-160', 9, 0, 0, 0, 0, 1, 1, 2, 18, 28, 7, 2021, 7, 'dev', '2021-01-07 04:31:02', '2021-01-07 04:31:02'),
(4014, '02-1218-195-07-2021', '02-1218-195', 8, 1, 0, 0, 0, 1, 0, 1, 18, 28, 7, 2021, 7, 'dev', '2021-01-07 04:31:02', '2021-01-07 04:31:02'),
(4015, '02-0319-272-07-2021', '02-0319-272', 5, 0, 0, 0, 0, 0, 1, 0, 23, 28, 7, 2021, 7, 'dev', '2021-01-07 04:31:02', '2021-01-07 04:31:02'),
(4016, '02-0319-281-07-2021', '02-0319-281', 5, 0, 0, 0, 0, 0, 0, 0, 23, 28, 7, 2021, 7, 'dev', '2021-01-07 04:31:02', '2021-01-07 04:31:02'),
(4017, '02-0619-309-07-2021', '02-0619-309', 4, 1, 0, 0, 0, 1, 2, 0, 22, 28, 7, 2021, 7, 'dev', '2021-01-07 04:31:02', '2021-01-07 04:31:02'),
(4018, '02-0819-395-07-2021', '02-0819-395', 4, 0, 0, 0, 0, 0, 0, 0, 24, 28, 7, 2021, 7, 'dev', '2021-01-07 04:31:02', '2021-01-07 04:31:02'),
(4019, '02-0819-392-07-2021', '02-0819-392', 5, 0, 0, 0, 0, 1, 0, 0, 22, 28, 7, 2021, 7, 'dev', '2021-01-07 04:31:02', '2021-01-07 04:31:02');
INSERT INTO `presentasi_karyawan` (`id`, `id_gaji`, `nip`, `libur`, `ph`, `izin`, `alfa`, `sakit`, `cuti`, `terlambat`, `terlambat_dgn_form`, `masuk`, `total_hari`, `bulan`, `tahun`, `idPeriode`, `reff`, `created_at`, `updated_at`) VALUES
(4020, '02-0819-390-07-2021', '02-0819-390', 5, 0, 0, 0, 0, 1, 0, 0, 22, 28, 7, 2021, 7, 'dev', '2021-01-07 04:31:02', '2021-01-07 04:31:02'),
(4021, '02-0919-410-07-2021', '02-0919-410', 5, 0, 0, 0, 0, 0, 0, 0, 23, 28, 7, 2021, 7, 'dev', '2021-01-07 04:31:02', '2021-01-07 04:31:02'),
(4022, '02-0919-412-07-2021', '02-0919-412', 5, 1, 0, 0, 0, 1, 3, 0, 21, 28, 7, 2021, 7, 'dev', '2021-01-07 04:31:02', '2021-01-07 04:31:02'),
(4023, '02-0919-415-07-2021', '02-0919-415', 4, 1, 0, 0, 1, 1, 0, 0, 21, 28, 7, 2021, 7, 'dev', '2021-01-07 04:31:02', '2021-01-07 04:31:02'),
(4024, '02-0619-317-07-2021', '02-0619-317', 5, 3, 0, 0, 0, 0, 0, 0, 20, 28, 7, 2021, 7, 'dev', '2021-01-07 04:31:02', '2021-01-07 04:31:02'),
(4025, '02-1019-426-07-2021', '02-1019-426', 5, 1, 0, 0, 0, 0, 0, 0, 22, 28, 7, 2021, 7, 'dev', '2021-01-07 04:31:02', '2021-01-07 04:31:02'),
(4026, '02-1019-432-07-2021', '02-1019-432', 4, 0, 0, 0, 0, 2, 0, 0, 22, 28, 7, 2021, 7, 'dev', '2021-01-07 04:31:02', '2021-01-07 04:31:02'),
(4027, '02-1019-433-07-2021', '02-1019-433', 4, 0, 0, 0, 0, 2, 1, 0, 22, 28, 7, 2021, 7, 'dev', '2021-01-07 04:31:02', '2021-01-07 04:31:02'),
(4028, '02-1019-434-07-2021', '02-1019-434', 4, 2, 0, 0, 0, 0, 1, 2, 22, 28, 7, 2021, 7, 'dev', '2021-01-07 04:31:02', '2021-01-07 04:31:02'),
(4029, '02-1119-447-07-2021', '02-1119-447', 4, 0, 0, 0, 0, 1, 5, 3, 23, 28, 7, 2021, 7, 'dev', '2021-01-07 04:31:02', '2021-01-07 04:31:02'),
(4030, '02-1119-448-07-2021', '02-1119-448', 5, 0, 0, 0, 0, 3, 1, 0, 20, 28, 7, 2021, 7, 'dev', '2021-01-07 04:31:02', '2021-01-07 04:31:02'),
(4031, '02-0418-014-07-2021', '02-0418-014', 9, 0, 0, 0, 0, 0, 0, 0, 19, 28, 7, 2021, 7, 'dev', '2021-01-07 04:31:02', '2021-01-07 04:31:02'),
(4032, '02-0418-018-07-2021', '02-0418-018', 9, 0, 0, 0, 0, 0, 0, 1, 19, 28, 7, 2021, 7, 'dev', '2021-01-07 04:31:02', '2021-01-07 04:31:02'),
(4033, '02-1018-068-07-2021', '02-1018-068', 9, 0, 0, 0, 0, 0, 0, 1, 19, 28, 7, 2021, 7, 'dev', '2021-01-07 04:31:02', '2021-01-07 04:31:02'),
(4034, '02-1118-089-07-2021', '02-1118-089', 9, 0, 0, 2, 0, 0, 0, 0, 17, 28, 7, 2021, 7, 'dev', '2021-01-07 04:31:02', '2021-01-07 04:31:02'),
(4035, '02-1118-086-07-2021', '02-1118-086', 9, 0, 0, 0, 0, 0, 0, 0, 19, 28, 7, 2021, 7, 'dev', '2021-01-07 04:31:02', '2021-01-07 04:31:02'),
(4036, '02-1118-079-07-2021', '02-1118-079', 9, 0, 0, 0, 0, 0, 0, 0, 19, 28, 7, 2021, 7, 'dev', '2021-01-07 04:31:02', '2021-01-07 04:31:02'),
(4037, '02-1118-084-07-2021', '02-1118-084', 10, 0, 0, 0, 0, 0, 0, 0, 18, 28, 7, 2021, 7, 'dev', '2021-01-07 04:31:02', '2021-01-07 04:31:02'),
(4038, '02-1118-077-07-2021', '02-1118-077', 9, 0, 0, 0, 0, 0, 0, 0, 19, 28, 7, 2021, 7, 'dev', '2021-01-07 04:31:02', '2021-01-07 04:31:02'),
(4039, '02-1118-076-07-2021', '02-1118-076', 9, 0, 0, 0, 0, 2, 0, 0, 17, 28, 7, 2021, 7, 'dev', '2021-01-07 04:31:02', '2021-01-07 04:31:02'),
(4040, '02-1118-090-07-2021', '02-1118-090', 9, 0, 0, 0, 0, 0, 0, 0, 19, 28, 7, 2021, 7, 'dev', '2021-01-07 04:31:02', '2021-01-07 04:31:02'),
(4041, '02-1118-085-07-2021', '02-1118-085', 10, 0, 0, 0, 0, 1, 0, 0, 17, 28, 7, 2021, 7, 'dev', '2021-01-07 04:31:02', '2021-01-07 04:31:02'),
(4042, '02-1218-181-07-2021', '02-1218-181', 9, 0, 0, 0, 0, 1, 0, 0, 18, 28, 7, 2021, 7, 'dev', '2021-01-07 04:31:02', '2021-01-07 04:31:02'),
(4043, '02-1118-100-07-2021', '02-1118-100', 2, 0, 0, 2, 0, 1, 0, 0, 4, 9, 7, 2021, 7, 'dev', '2021-01-07 04:31:02', '2021-01-07 04:31:02'),
(4044, '02-1118-102-07-2021', '02-1118-102', 9, 0, 0, 0, 0, 0, 0, 0, 19, 28, 7, 2021, 7, 'dev', '2021-01-07 04:31:02', '2021-01-07 04:31:02'),
(4045, '02-1118-103-07-2021', '02-1118-103', 10, 0, 1, 0, 0, 0, 0, 0, 17, 28, 7, 2021, 7, 'dev', '2021-01-07 04:31:02', '2021-01-07 04:31:02'),
(4046, '02-1118-099-07-2021', '02-1118-099', 10, 0, 0, 0, 0, 0, 0, 0, 18, 28, 7, 2021, 7, 'dev', '2021-01-07 04:31:02', '2021-01-07 04:31:02'),
(4047, '02-1118-106-07-2021', '02-1118-106', 9, 0, 0, 0, 0, 0, 0, 0, 19, 28, 7, 2021, 7, 'dev', '2021-01-07 04:31:02', '2021-01-07 04:31:02'),
(4048, '02-1118-107-07-2021', '02-1118-107', 8, 0, 0, 0, 0, 0, 0, 0, 20, 28, 7, 2021, 7, 'dev', '2021-01-07 04:31:02', '2021-01-07 04:31:02'),
(4049, '02-1118-108-07-2021', '02-1118-108', 9, 0, 0, 0, 0, 0, 0, 0, 19, 28, 7, 2021, 7, 'dev', '2021-01-07 04:31:02', '2021-01-07 04:31:02'),
(4050, '02-1118-112-07-2021', '02-1118-112', 6, 0, 0, 0, 0, 7, 0, 0, 15, 28, 7, 2021, 7, 'dev', '2021-01-07 04:31:02', '2021-01-07 04:31:02'),
(4051, '02-1118-111-07-2021', '02-1118-111', 10, 0, 0, 0, 0, 0, 0, 0, 18, 28, 7, 2021, 7, 'dev', '2021-01-07 04:31:02', '2021-01-07 04:31:02'),
(4052, '02-1118-113-07-2021', '02-1118-113', 10, 0, 0, 0, 0, 0, 0, 0, 18, 28, 7, 2021, 7, 'dev', '2021-01-07 04:31:02', '2021-01-07 04:31:02'),
(4053, '02-1118-115-07-2021', '02-1118-115', 9, 0, 0, 0, 0, 0, 0, 0, 19, 28, 7, 2021, 7, 'dev', '2021-01-07 04:31:02', '2021-01-07 04:31:02'),
(4054, '02-1118-170-07-2021', '02-1118-170', 10, 0, 0, 0, 0, 0, 0, 0, 18, 28, 7, 2021, 7, 'dev', '2021-01-07 04:31:02', '2021-01-07 04:31:02'),
(4055, '02-1118-123-07-2021', '02-1118-123', 10, 0, 0, 0, 0, 0, 0, 0, 18, 28, 7, 2021, 7, 'dev', '2021-01-07 04:31:02', '2021-01-07 04:31:02'),
(4056, '02-1118-166-07-2021', '02-1118-166', 7, 0, 0, 0, 0, 0, 0, 0, 14, 21, 7, 2021, 7, 'dev', '2021-01-07 04:31:02', '2021-01-07 04:31:02'),
(4057, '02-1118-171-07-2021', '02-1118-171', 10, 0, 1, 0, 0, 0, 0, 0, 17, 28, 7, 2021, 7, 'dev', '2021-01-07 04:31:02', '2021-01-07 04:31:02'),
(4058, '02-1118-124-07-2021', '02-1118-124', 10, 0, 0, 0, 0, 0, 0, 0, 18, 28, 7, 2021, 7, 'dev', '2021-01-07 04:31:02', '2021-01-07 04:31:02'),
(4059, '02-1118-165-07-2021', '02-1118-165', 9, 0, 0, 0, 0, 0, 0, 0, 19, 28, 7, 2021, 7, 'dev', '2021-01-07 04:31:02', '2021-01-07 04:31:02'),
(4060, '02-1118-114-07-2021', '02-1118-114', 6, 0, 0, 0, 0, 5, 0, 0, 7, 18, 7, 2021, 7, 'dev', '2021-01-07 04:31:02', '2021-01-07 04:31:02'),
(4061, '02-1118-117-07-2021', '02-1118-117', 9, 0, 0, 0, 0, 0, 0, 0, 19, 28, 7, 2021, 7, 'dev', '2021-01-07 04:31:02', '2021-01-07 04:31:02'),
(4062, '02-1118-118-07-2021', '02-1118-118', 9, 0, 0, 0, 0, 0, 0, 0, 19, 28, 7, 2021, 7, 'dev', '2021-01-07 04:31:02', '2021-01-07 04:31:02'),
(4063, '02-1118-126-07-2021', '02-1118-126', 9, 0, 0, 0, 0, 0, 0, 0, 19, 28, 7, 2021, 7, 'dev', '2021-01-07 04:31:02', '2021-01-07 04:31:02'),
(4064, '02-1118-169-07-2021', '02-1118-169', 9, 0, 0, 0, 0, 0, 0, 0, 19, 28, 7, 2021, 7, 'dev', '2021-01-07 04:31:02', '2021-01-07 04:31:02'),
(4065, '02-1218-232-07-2021', '02-1218-232', 8, 0, 0, 0, 0, 2, 0, 0, 18, 28, 7, 2021, 7, 'dev', '2021-01-07 04:31:02', '2021-01-07 04:31:02'),
(4066, '02-1218-231-07-2021', '02-1218-231', 8, 0, 0, 0, 0, 2, 0, 0, 18, 28, 7, 2021, 7, 'dev', '2021-01-07 04:31:02', '2021-01-07 04:31:02'),
(4067, '02-0119-251-07-2021', '02-0119-251', 9, 0, 0, 0, 0, 0, 0, 0, 19, 28, 7, 2021, 7, 'dev', '2021-01-07 04:31:02', '2021-01-07 04:31:02'),
(4068, '02-0319-273-07-2021', '02-0319-273', 10, 0, 0, 0, 0, 0, 0, 0, 18, 28, 7, 2021, 7, 'dev', '2021-01-07 04:31:02', '2021-01-07 04:31:02'),
(4069, '02-1020-576-07-2021', '02-1020-576', 9, 0, 0, 0, 0, 0, 0, 0, 19, 28, 7, 2021, 7, 'dev', '2021-01-07 04:31:02', '2021-01-07 04:31:02'),
(4070, '02-0619-311-07-2021', '02-0619-311', 7, 0, 0, 0, 0, 1, 9, 1, 20, 28, 7, 2021, 7, 'dev', '2021-01-07 04:31:02', '2021-01-07 04:31:02'),
(4071, '02-0619-312-07-2021', '02-0619-312', 8, 0, 0, 0, 0, 1, 1, 1, 19, 28, 7, 2021, 7, 'dev', '2021-01-07 04:31:02', '2021-01-07 04:31:02'),
(4072, '02-0719-331-07-2021', '02-0719-331', 9, 0, 0, 0, 0, 1, 0, 0, 18, 28, 7, 2021, 7, 'dev', '2021-01-07 04:31:02', '2021-01-07 04:31:02'),
(4073, '02-0719-333-07-2021', '02-0719-333', 8, 0, 0, 0, 1, 0, 0, 0, 19, 28, 7, 2021, 7, 'dev', '2021-01-07 04:31:02', '2021-01-07 04:31:02'),
(4074, '02-0819-396-07-2021', '02-0819-396', 8, 0, 0, 0, 0, 1, 0, 0, 19, 28, 7, 2021, 7, 'dev', '2021-01-07 04:31:02', '2021-01-07 04:31:02'),
(4075, '02-0719-337-07-2021', '02-0719-337', 9, 0, 0, 0, 0, 0, 0, 0, 19, 28, 7, 2021, 7, 'dev', '2021-01-07 04:31:02', '2021-01-07 04:31:02'),
(4076, '02-0719-339-07-2021', '02-0719-339', 8, 0, 7, 0, 0, 0, 0, 0, 13, 28, 7, 2021, 7, 'dev', '2021-01-07 04:31:02', '2021-01-07 04:31:02'),
(4077, '02-0719-375-07-2021', '02-0719-375', 9, 0, 0, 0, 0, 0, 0, 0, 19, 28, 7, 2021, 7, 'dev', '2021-01-07 04:31:02', '2021-01-07 04:31:02'),
(4078, '02-0919-402-07-2021', '02-0919-402', 10, 0, 0, 0, 0, 0, 0, 0, 18, 28, 7, 2021, 7, 'dev', '2021-01-07 04:31:02', '2021-01-07 04:31:02'),
(4079, '02-0919-403-07-2021', '02-0919-403', 9, 0, 0, 0, 0, 0, 0, 0, 19, 28, 7, 2021, 7, 'dev', '2021-01-07 04:31:02', '2021-01-07 04:31:02'),
(4080, '02-0919-401-07-2021', '02-0919-401', 9, 0, 0, 0, 0, 0, 0, 0, 19, 28, 7, 2021, 7, 'dev', '2021-01-07 04:31:02', '2021-01-07 04:31:02'),
(4081, '02-1019-451-07-2021', '02-1019-451', 12, 0, 0, 0, 0, 1, 0, 0, 15, 28, 7, 2021, 7, 'dev', '2021-01-07 04:31:02', '2021-01-07 04:31:02'),
(4082, '02-1119-452-07-2021', '02-1119-452', 8, 0, 0, 0, 0, 1, 0, 1, 19, 28, 7, 2021, 7, 'dev', '2021-01-07 04:31:02', '2021-01-07 04:31:02'),
(4083, '02-1219-500-07-2021', '02-1219-500', 9, 0, 0, 0, 0, 0, 0, 0, 19, 28, 7, 2021, 7, 'dev', '2021-01-07 04:31:02', '2021-01-07 04:31:02'),
(4084, '02-0220-513-07-2021', '02-0220-513', 9, 0, 1, 0, 0, 0, 0, 0, 18, 28, 7, 2021, 7, 'dev', '2021-01-07 04:31:02', '2021-01-07 04:31:02'),
(4085, '02-0320-517-07-2021', '02-0320-517', 8, 0, 0, 0, 0, 1, 0, 0, 19, 28, 7, 2021, 7, 'dev', '2021-01-07 04:31:02', '2021-01-07 04:31:02'),
(4086, '02-0320-516-07-2021', '02-0320-516', 10, 0, 0, 0, 0, 0, 0, 0, 18, 28, 7, 2021, 7, 'dev', '2021-01-07 04:31:02', '2021-01-07 04:31:02'),
(4087, '02-0320-529-07-2021', '02-0320-529', 10, 0, 0, 0, 0, 0, 0, 0, 18, 28, 7, 2021, 7, 'dev', '2021-01-07 04:31:02', '2021-01-07 04:31:02'),
(4088, '02-0720-534-07-2021', '02-0720-534', 10, 0, 0, 0, 0, 0, 0, 0, 18, 28, 7, 2021, 7, 'dev', '2021-01-07 04:31:02', '2021-01-07 04:31:02'),
(4089, '02-0920-553-07-2021', '02-0920-553', 12, 0, 0, 0, 0, 0, 0, 0, 16, 28, 7, 2021, 7, 'dev', '2021-01-07 04:31:02', '2021-01-07 04:31:02'),
(4090, '02-0920-550-07-2021', '02-0920-550', 14, 0, 0, 0, 0, 0, 0, 0, 14, 28, 7, 2021, 7, 'dev', '2021-01-07 04:31:02', '2021-01-07 04:31:02'),
(4091, '02-0920-547-07-2021', '02-0920-547', 11, 0, 0, 0, 0, 0, 0, 0, 17, 28, 7, 2021, 7, 'dev', '2021-01-07 04:31:02', '2021-01-07 04:31:02'),
(4092, '02-0920-552-07-2021', '02-0920-552', 12, 0, 0, 0, 0, 3, 0, 0, 13, 28, 7, 2021, 7, 'dev', '2021-01-07 04:31:02', '2021-01-07 04:31:02'),
(4093, '02-0920-557-07-2021', '02-0920-557', 12, 0, 0, 0, 1, 1, 0, 0, 14, 28, 7, 2021, 7, 'dev', '2021-01-07 04:31:02', '2021-01-07 04:31:02'),
(4094, '02-0920-563-07-2021', '02-0920-563', 13, 0, 0, 0, 0, 0, 0, 0, 15, 28, 7, 2021, 7, 'dev', '2021-01-07 04:31:02', '2021-01-07 04:31:02'),
(4095, '02-0920-564-07-2021', '02-0920-564', 13, 0, 0, 0, 0, 3, 0, 0, 12, 28, 7, 2021, 7, 'dev', '2021-01-07 04:31:02', '2021-01-07 04:31:02'),
(4096, '02-0920-562-07-2021', '02-0920-562', 11, 0, 0, 0, 0, 0, 0, 0, 17, 28, 7, 2021, 7, 'dev', '2021-01-07 04:31:02', '2021-01-07 04:31:02'),
(4097, '02-0920-566-07-2021', '02-0920-566', 12, 0, 0, 0, 0, 1, 0, 0, 15, 28, 7, 2021, 7, 'dev', '2021-01-07 04:31:02', '2021-01-07 04:31:02'),
(4098, '02-0920-556-07-2021', '02-0920-556', 12, 0, 0, 0, 0, 0, 0, 0, 16, 28, 7, 2021, 7, 'dev', '2021-01-07 04:31:02', '2021-01-07 04:31:02'),
(4099, '02-0920-561-07-2021', '02-0920-561', 12, 0, 0, 0, 0, 0, 0, 0, 16, 28, 7, 2021, 7, 'dev', '2021-01-07 04:31:02', '2021-01-07 04:31:02'),
(4100, '02-0920-568-07-2021', '02-0920-568', 11, 0, 0, 0, 0, 2, 0, 0, 15, 28, 7, 2021, 7, 'dev', '2021-01-07 04:31:02', '2021-01-07 04:31:02'),
(4101, '02-0920-555-07-2021', '02-0920-555', 10, 0, 0, 0, 0, 0, 0, 0, 18, 28, 7, 2021, 7, 'dev', '2021-01-07 04:31:02', '2021-01-07 04:31:02'),
(4102, '02-0920-549-07-2021', '02-0920-549', 13, 0, 0, 0, 0, 1, 0, 0, 14, 28, 7, 2021, 7, 'dev', '2021-01-07 04:31:02', '2021-01-07 04:31:02'),
(4103, '02-0920-554-07-2021', '02-0920-554', 13, 0, 0, 0, 0, 1, 0, 0, 14, 28, 7, 2021, 7, 'dev', '2021-01-07 04:31:02', '2021-01-07 04:31:02'),
(4104, '02-0920-559-07-2021', '02-0920-559', 11, 0, 0, 0, 0, 0, 0, 0, 17, 28, 7, 2021, 7, 'dev', '2021-01-07 04:31:02', '2021-01-07 04:31:02'),
(4105, '02-0920-551-07-2021', '02-0920-551', 13, 0, 0, 0, 0, 0, 0, 0, 15, 28, 7, 2021, 7, 'dev', '2021-01-07 04:31:02', '2021-01-07 04:31:02'),
(4106, '02-0920-560-07-2021', '02-0920-560', 11, 0, 0, 0, 0, 0, 0, 0, 17, 28, 7, 2021, 7, 'dev', '2021-01-07 04:31:02', '2021-01-07 04:31:02'),
(4107, '02-0920-565-07-2021', '02-0920-565', 12, 0, 0, 0, 0, 1, 0, 0, 15, 28, 7, 2021, 7, 'dev', '2021-01-07 04:31:02', '2021-01-07 04:31:02'),
(4108, '02-0920-558-07-2021', '02-0920-558', 13, 0, 0, 0, 0, 3, 0, 0, 12, 28, 7, 2021, 7, 'dev', '2021-01-07 04:31:02', '2021-01-07 04:31:02'),
(4109, '02-0920-569-07-2021', '02-0920-569', 13, 0, 0, 0, 0, 1, 0, 0, 14, 28, 7, 2021, 7, 'dev', '2021-01-07 04:31:02', '2021-01-07 04:31:02'),
(4110, '02-0920-567-07-2021', '02-0920-567', 13, 0, 0, 0, 1, 1, 0, 0, 13, 28, 7, 2021, 7, 'dev', '2021-01-07 04:31:02', '2021-01-07 04:31:02'),
(4111, '02-0920-546-07-2021', '02-0920-546', 9, 0, 0, 0, 0, 1, 0, 1, 18, 28, 7, 2021, 7, 'dev', '2021-01-07 04:31:02', '2021-01-07 04:31:02'),
(4112, '02-0719-358-07-2021', '02-0719-358', 9, 0, 0, 0, 0, 0, 0, 0, 19, 28, 7, 2021, 7, 'dev', '2021-01-07 04:31:02', '2021-01-07 04:31:02'),
(4113, '02-0719-374-07-2021', '02-0719-374', 9, 0, 0, 0, 0, 0, 0, 0, 19, 28, 7, 2021, 7, 'dev', '2021-01-07 04:31:02', '2021-01-07 04:31:02'),
(4114, '02-0719-351-07-2021', '02-0719-351', 9, 0, 0, 0, 0, 1, 0, 0, 18, 28, 7, 2021, 7, 'dev', '2021-01-07 04:31:02', '2021-01-07 04:31:02'),
(4115, '02-0719-350-07-2021', '02-0719-350', 9, 0, 0, 0, 0, 0, 0, 0, 19, 28, 7, 2021, 7, 'dev', '2021-01-07 04:31:02', '2021-01-07 04:31:02'),
(4116, '02-0719-353-07-2021', '02-0719-353', 10, 0, 0, 1, 0, 0, 0, 0, 17, 28, 7, 2021, 7, 'dev', '2021-01-07 04:31:02', '2021-01-07 04:31:02'),
(4117, '02-0719-340-07-2021', '02-0719-340', 7, 0, 0, 0, 0, 0, 0, 1, 14, 21, 7, 2021, 7, 'dev', '2021-01-07 04:31:02', '2021-01-07 04:31:02'),
(4118, '02-1219-492-07-2021', '02-1219-492', 5, 0, 0, 0, 0, 1, 0, 0, 8, 14, 7, 2021, 7, 'dev', '2021-01-07 04:31:02', '2021-01-07 04:31:02'),
(4119, '02-1120-580-07-2021', '02-1120-580', 3, 0, 0, 0, 0, 0, 0, 0, 6, 9, 7, 2021, 7, 'dev', '2021-01-07 04:31:02', '2021-01-07 04:31:02'),
(4120, '02-1120-582-07-2021', '02-1120-582', 2, 0, 0, 0, 0, 0, 0, 0, 7, 9, 7, 2021, 7, 'dev', '2021-01-07 04:31:02', '2021-01-07 04:31:02'),
(4121, '02-0418-024-07-2021', '02-0418-024', 8, 0, 0, 0, 0, 0, 0, 0, 20, 28, 7, 2021, 7, 'dev', '2021-01-07 04:31:02', '2021-01-07 04:31:02'),
(4122, '02-1118-091-07-2021', '02-1118-091', 7, 0, 0, 0, 0, 2, 1, 0, 19, 28, 7, 2021, 7, 'dev', '2021-01-07 04:31:02', '2021-01-07 04:31:02'),
(4123, '02-1218-182-07-2021', '02-1218-182', 10, 0, 0, 0, 0, 0, 0, 0, 18, 28, 7, 2021, 7, 'dev', '2021-01-07 04:31:02', '2021-01-07 04:31:02'),
(4124, '02-1218-201-07-2021', '02-1218-201', 8, 0, 0, 0, 2, 0, 1, 0, 18, 28, 7, 2021, 7, 'dev', '2021-01-07 04:31:02', '2021-01-07 04:31:02'),
(4125, '02-1218-246-07-2021', '02-1218-246', 8, 0, 0, 0, 0, 1, 0, 0, 19, 28, 7, 2021, 7, 'dev', '2021-01-07 04:31:02', '2021-01-07 04:31:02'),
(4126, '02-0119-267-07-2021', '02-0119-267', 8, 0, 0, 0, 0, 0, 2, 0, 20, 28, 7, 2021, 7, 'dev', '2021-01-07 04:31:02', '2021-01-07 04:31:02'),
(4127, '02-0319-278-07-2021', '02-0319-278', 9, 0, 0, 0, 0, 1, 1, 0, 18, 28, 7, 2021, 7, 'dev', '2021-01-07 04:31:02', '2021-01-07 04:31:02'),
(4128, '02-0719-325-07-2021', '02-0719-325', 8, 0, 0, 0, 0, 0, 0, 0, 20, 28, 7, 2021, 7, 'dev', '2021-01-07 04:31:02', '2021-01-07 04:31:02'),
(4129, '02-0719-335-07-2021', '02-0719-335', 8, 0, 0, 0, 0, 0, 0, 0, 20, 28, 7, 2021, 7, 'dev', '2021-01-07 04:31:02', '2021-01-07 04:31:02'),
(4130, '02-0819-394-07-2021', '02-0819-394', 10, 0, 0, 0, 0, 0, 0, 0, 18, 28, 7, 2021, 7, 'dev', '2021-01-07 04:31:02', '2021-01-07 04:31:02'),
(4131, '02-1019-430-07-2021', '02-1019-430', 9, 0, 0, 0, 0, 0, 0, 0, 19, 28, 7, 2021, 7, 'dev', '2021-01-07 04:31:02', '2021-01-07 04:31:02'),
(4132, '02-1019-429-07-2021', '02-1019-429', 10, 0, 0, 0, 0, 0, 0, 0, 18, 28, 7, 2021, 7, 'dev', '2021-01-07 04:31:02', '2021-01-07 04:31:02'),
(4133, '02-1019-437-07-2021', '02-1019-437', 7, 0, 0, 0, 0, 1, 1, 0, 20, 28, 7, 2021, 7, 'dev', '2021-01-07 04:31:02', '2021-01-07 04:31:02'),
(4134, '02-1019-439-07-2021', '02-1019-439', 7, 0, 0, 0, 0, 0, 0, 0, 21, 28, 7, 2021, 7, 'dev', '2021-01-07 04:31:02', '2021-01-07 04:31:02'),
(4135, '02-1119-479-07-2021', '02-1119-479', 8, 0, 0, 0, 0, 2, 1, 0, 18, 28, 7, 2021, 7, 'dev', '2021-01-07 04:31:02', '2021-01-07 04:31:02'),
(4136, '02-0220-510-07-2021', '02-0220-510', 8, 0, 0, 0, 0, 2, 0, 0, 18, 28, 7, 2021, 7, 'dev', '2021-01-07 04:31:02', '2021-01-07 04:31:02'),
(4137, '02-0920-544-07-2021', '02-0920-544', 8, 0, 0, 0, 0, 1, 0, 0, 19, 28, 7, 2021, 7, 'dev', '2021-01-07 04:31:02', '2021-01-07 04:31:02');

-- --------------------------------------------------------

--
-- Struktur dari tabel `presentasi_karyawan_log`
--

CREATE TABLE `presentasi_karyawan_log` (
  `id` int(11) NOT NULL,
  `id_persentasi_karyawan` text NOT NULL DEFAULT '-',
  `keterangan` text NOT NULL DEFAULT '-',
  `pic` text NOT NULL DEFAULT '-',
  `created_at` datetime NOT NULL DEFAULT current_timestamp() ON UPDATE current_timestamp(),
  `updated_at` datetime NOT NULL DEFAULT current_timestamp() ON UPDATE current_timestamp()
) ENGINE=InnoDB DEFAULT CHARSET=utf8mb4;

-- --------------------------------------------------------

--
-- Struktur dari tabel `presentasi_karyawan_outstanding`
--

CREATE TABLE `presentasi_karyawan_outstanding` (
  `id` int(11) NOT NULL,
  `nip` text NOT NULL DEFAULT '-',
  `libur` int(11) NOT NULL DEFAULT 0,
  `ph` int(11) NOT NULL DEFAULT 0,
  `izin` int(11) NOT NULL DEFAULT 0,
  `alfa` int(11) NOT NULL DEFAULT 0,
  `sakit` int(11) NOT NULL DEFAULT 0,
  `cuti` int(11) NOT NULL DEFAULT 0,
  `terlambat` int(11) NOT NULL DEFAULT 0,
  `terlambat_dgn_form` int(11) NOT NULL DEFAULT 0,
  `masuk` int(11) NOT NULL DEFAULT 0,
  `total_hari` int(11) NOT NULL DEFAULT 0,
  `bulan` int(11) NOT NULL DEFAULT 0,
  `tahun` int(11) NOT NULL DEFAULT 0,
  `created_at` datetime NOT NULL DEFAULT current_timestamp(),
  `updated_at` datetime NOT NULL DEFAULT current_timestamp()
) ENGINE=InnoDB DEFAULT CHARSET=utf8mb4;

-- --------------------------------------------------------

--
-- Struktur dari tabel `sub_departemen`
--

CREATE TABLE `sub_departemen` (
  `id` int(11) NOT NULL,
  `id_departemen` text NOT NULL DEFAULT '-',
  `sub_departemen` text NOT NULL DEFAULT '-',
  `created_at` datetime NOT NULL DEFAULT current_timestamp() ON UPDATE current_timestamp(),
  `updated_at` datetime NOT NULL DEFAULT current_timestamp() ON UPDATE current_timestamp()
) ENGINE=InnoDB DEFAULT CHARSET=utf8mb4;

-- --------------------------------------------------------

--
-- Struktur dari tabel `sys_menu`
--

CREATE TABLE `sys_menu` (
  `id` bigint(20) UNSIGNED NOT NULL,
  `id_group` int(11) NOT NULL,
  `name` varchar(50) COLLATE utf8mb4_unicode_ci NOT NULL,
  `segment_name` varchar(50) COLLATE utf8mb4_unicode_ci NOT NULL,
  `url` varchar(100) COLLATE utf8mb4_unicode_ci NOT NULL,
  `ord` int(11) NOT NULL,
  `created_at` timestamp NULL DEFAULT NULL,
  `updated_at` timestamp NULL DEFAULT NULL
) ENGINE=MyISAM DEFAULT CHARSET=utf8mb4 COLLATE=utf8mb4_unicode_ci;

--
-- Dumping data untuk tabel `sys_menu`
--

INSERT INTO `sys_menu` (`id`, `id_group`, `name`, `segment_name`, `url`, `ord`, `created_at`, `updated_at`) VALUES
(1, 1, 'Menu Group', 'menu-group', 'admin/system-utility/menu-group', 1, '2019-08-19 06:25:24', '2019-08-19 06:25:24'),
(2, 1, 'Menu', 'menu', 'admin/system-utility/menu', 2, '2019-08-19 06:25:24', '2019-08-19 06:25:24'),
(3, 2, 'User Management', 'user-management', 'admin/master-data/user-management', 1, '2019-08-19 06:25:24', '2019-08-19 06:25:24'),
(5, 3, 'Edit Profil', 'edit', 'admin/user-profile/edit', 1, '2019-08-20 02:19:04', '2019-08-20 02:19:04'),
(11, 2, 'Departemen', 'departemen', 'admin/master-data/departemen', 2, '2019-08-22 04:26:55', '2019-08-22 04:26:55'),
(12, 2, 'Sub-Departemen', 'sub-departemen', 'admin/master-data/sub-departemen', 3, '2019-08-22 04:27:21', '2019-08-22 04:27:21'),
(19, 2, 'Karyawan', 'karyawan', 'admin/master-data/karyawan', 4, '2019-09-16 03:02:14', '2019-09-16 03:02:14'),
(26, 6, 'Import Absensi', 'import-absensi', 'admin/payroll/import-absensi', 1, '2020-12-12 10:34:17', '2020-12-12 10:34:17'),
(27, 6, 'Generate Gaji', 'generate-gaji', 'admin/payroll/generate-gaji', 2, '2020-12-16 03:28:06', '2020-12-16 03:28:06'),
(28, 2, 'Karyawan-Detail', 'karyawan-detail', 'admin/master-data/karyawan-detail', 5, '2020-12-16 04:17:55', '2020-12-16 04:17:55'),
(29, 2, 'Periode - Bulan', 'periode-bulan', 'admin/master-data/periode-bulan', 6, '2020-12-17 02:22:57', '2020-12-17 02:22:57'),
(30, 2, 'Periode - Tahun', 'periode-tahun', 'admin/master-data/periode-tahun', 7, '2020-12-17 02:24:38', '2020-12-17 02:24:38'),
(31, 7, 'Laporan Penggajian', 'laporan-penggajian', 'admin/report-payroll/laporan-penggajian', 1, '2020-12-26 01:44:34', '2020-12-26 01:44:34');

-- --------------------------------------------------------

--
-- Struktur dari tabel `sys_menu_group`
--

CREATE TABLE `sys_menu_group` (
  `id` bigint(20) UNSIGNED NOT NULL,
  `name` varchar(50) COLLATE utf8mb4_unicode_ci NOT NULL,
  `segment_name` varchar(50) COLLATE utf8mb4_unicode_ci NOT NULL,
  `icon` varchar(50) COLLATE utf8mb4_unicode_ci NOT NULL,
  `ord` int(11) NOT NULL,
  `created_at` timestamp NULL DEFAULT NULL,
  `updated_at` timestamp NULL DEFAULT NULL
) ENGINE=MyISAM DEFAULT CHARSET=utf8mb4 COLLATE=utf8mb4_unicode_ci;

--
-- Dumping data untuk tabel `sys_menu_group`
--

INSERT INTO `sys_menu_group` (`id`, `name`, `segment_name`, `icon`, `ord`, `created_at`, `updated_at`) VALUES
(1, 'System Utility', 'system-utility', 'fas fa-code', 1, '2019-08-19 06:25:24', '2019-08-19 06:25:24'),
(2, 'Master Data', 'master-data', 'fas fa-database', 2, '2019-08-19 06:25:24', '2019-08-19 06:25:24'),
(3, 'User Profile', 'user-profile', 'fas fa-address-card', 4, '2019-08-20 01:52:25', '2019-08-20 01:52:25'),
(6, 'Payroll', 'payroll-data', 'fas fa-money-bill-wave', 3, '2020-12-12 10:32:55', '2020-12-12 10:32:55'),
(7, 'Report Payroll', 'report-payroll', 'fas fa-file-alt', 4, '2020-12-26 01:42:33', '2020-12-26 01:42:33');

-- --------------------------------------------------------

--
-- Struktur dari tabel `sys_permission`
--

CREATE TABLE `sys_permission` (
  `id` bigint(20) UNSIGNED NOT NULL,
  `username` varchar(10) COLLATE utf8mb4_unicode_ci NOT NULL,
  `id_menu` int(11) NOT NULL,
  `created_at` timestamp NULL DEFAULT NULL,
  `updated_at` timestamp NULL DEFAULT NULL
) ENGINE=MyISAM DEFAULT CHARSET=utf8mb4 COLLATE=utf8mb4_unicode_ci;

--
-- Dumping data untuk tabel `sys_permission`
--

INSERT INTO `sys_permission` (`id`, `username`, `id_menu`, `created_at`, `updated_at`) VALUES
(438, 'dev', 27, '2020-12-26 01:44:47', '2020-12-26 01:44:47'),
(437, 'dev', 26, '2020-12-26 01:44:47', '2020-12-26 01:44:47'),
(436, 'dev', 5, '2020-12-26 01:44:47', '2020-12-26 01:44:47'),
(435, 'dev', 30, '2020-12-26 01:44:47', '2020-12-26 01:44:47'),
(434, 'dev', 29, '2020-12-26 01:44:47', '2020-12-26 01:44:47'),
(433, 'dev', 28, '2020-12-26 01:44:47', '2020-12-26 01:44:47'),
(432, 'dev', 19, '2020-12-26 01:44:47', '2020-12-26 01:44:47'),
(431, 'dev', 12, '2020-12-26 01:44:47', '2020-12-26 01:44:47'),
(430, 'dev', 11, '2020-12-26 01:44:47', '2020-12-26 01:44:47'),
(429, 'dev', 3, '2020-12-26 01:44:47', '2020-12-26 01:44:47'),
(428, 'dev', 2, '2020-12-26 01:44:47', '2020-12-26 01:44:47'),
(427, 'dev', 1, '2020-12-26 01:44:47', '2020-12-26 01:44:47'),
(450, 'admin_hr', 11, '2020-12-30 01:21:51', '2020-12-30 01:21:51'),
(449, 'admin_hr', 3, '2020-12-30 01:21:51', '2020-12-30 01:21:51'),
(448, 'admin', 30, '2020-12-29 00:42:17', '2020-12-29 00:42:17'),
(447, 'admin', 29, '2020-12-29 00:42:17', '2020-12-29 00:42:17'),
(446, 'admin', 28, '2020-12-29 00:42:17', '2020-12-29 00:42:17'),
(445, 'admin', 19, '2020-12-29 00:42:17', '2020-12-29 00:42:17'),
(444, 'admin', 12, '2020-12-29 00:42:17', '2020-12-29 00:42:17'),
(443, 'admin', 11, '2020-12-29 00:42:17', '2020-12-29 00:42:17'),
(442, 'admin', 3, '2020-12-29 00:42:17', '2020-12-29 00:42:17'),
(441, 'admin', 2, '2020-12-29 00:42:17', '2020-12-29 00:42:17'),
(440, 'admin', 1, '2020-12-29 00:42:17', '2020-12-29 00:42:17'),
(439, 'dev', 31, '2020-12-26 01:44:47', '2020-12-26 01:44:47'),
(451, 'admin_hr', 12, '2020-12-30 01:21:51', '2020-12-30 01:21:51'),
(452, 'admin_hr', 19, '2020-12-30 01:21:51', '2020-12-30 01:21:51'),
(453, 'admin_hr', 28, '2020-12-30 01:21:51', '2020-12-30 01:21:51'),
(454, 'admin_hr', 29, '2020-12-30 01:21:51', '2020-12-30 01:21:51'),
(455, 'admin_hr', 30, '2020-12-30 01:21:51', '2020-12-30 01:21:51'),
(456, 'admin_hr', 5, '2020-12-30 01:21:51', '2020-12-30 01:21:51'),
(457, 'admin_hr', 26, '2020-12-30 01:21:51', '2020-12-30 01:21:51'),
(458, 'admin_hr', 27, '2020-12-30 01:21:51', '2020-12-30 01:21:51'),
(459, 'admin_hr', 31, '2020-12-30 01:21:51', '2020-12-30 01:21:51'),
(460, 'adminHR', 3, '2020-12-30 01:22:18', '2020-12-30 01:22:18'),
(461, 'adminHR', 11, '2020-12-30 01:22:18', '2020-12-30 01:22:18'),
(462, 'adminHR', 12, '2020-12-30 01:22:18', '2020-12-30 01:22:18'),
(463, 'adminHR', 19, '2020-12-30 01:22:18', '2020-12-30 01:22:18'),
(464, 'adminHR', 28, '2020-12-30 01:22:18', '2020-12-30 01:22:18'),
(465, 'adminHR', 29, '2020-12-30 01:22:18', '2020-12-30 01:22:18'),
(466, 'adminHR', 30, '2020-12-30 01:22:18', '2020-12-30 01:22:18'),
(467, 'adminHR', 5, '2020-12-30 01:22:18', '2020-12-30 01:22:18'),
(468, 'adminHR', 26, '2020-12-30 01:22:18', '2020-12-30 01:22:18'),
(469, 'adminHR', 27, '2020-12-30 01:22:18', '2020-12-30 01:22:18'),
(470, 'adminHR', 31, '2020-12-30 01:22:18', '2020-12-30 01:22:18');

-- --------------------------------------------------------

--
-- Struktur dari tabel `sys_user`
--

CREATE TABLE `sys_user` (
  `id` bigint(20) UNSIGNED NOT NULL,
  `username` varchar(10) COLLATE utf8mb4_unicode_ci NOT NULL,
  `password` varchar(255) COLLATE utf8mb4_unicode_ci NOT NULL,
  `tipe` int(11) NOT NULL DEFAULT 0,
  `isDel` tinyint(4) NOT NULL DEFAULT 0,
  `created_at` timestamp NULL DEFAULT NULL,
  `updated_at` timestamp NULL DEFAULT NULL
) ENGINE=MyISAM DEFAULT CHARSET=utf8mb4 COLLATE=utf8mb4_unicode_ci;

--
-- Dumping data untuk tabel `sys_user`
--

INSERT INTO `sys_user` (`id`, `username`, `password`, `tipe`, `isDel`, `created_at`, `updated_at`) VALUES
(12, 'dev', 'eyJpdiI6InIrMUphUmlOVUZkUGluaVQ5d21sQnc9PSIsInZhbHVlIjoiV09tT2RrSHh5cmw3OFFCRFNJaGlRZz09IiwibWFjIjoiMzE2ZDdkNjIyODhiYThjMDExZTFmNWY4OWNiMzQ1NmM1MjhhMGE5ZjUzNjNjOGM4MzZlZDIyZGE4OGQ4ZWU0ZSJ9', 0, 0, '2020-12-16 23:47:08', '2020-12-16 23:47:08'),
(13, 'admin', 'eyJpdiI6ImdxTkFxK1pLbDViU3luKzIyTmxxZGc9PSIsInZhbHVlIjoiK1B5eGoxWUtXSWpsejFNQzZwSzFOQT09IiwibWFjIjoiYmQ0OWQ5YmIwY2RjZDBmYzQ4OGNlMmI1MTgwZWM1OTViN2JmNGJiNzYyYTcxNTg1ZmMyMDk4N2Y1MmY2N2E4ZCJ9', 0, 0, '2020-12-23 01:08:07', '2020-12-23 01:08:07'),
(14, 'admin_hr', 'eyJpdiI6IjRWbEtQejV4MWJ4c2lKWmRURlFnN0E9PSIsInZhbHVlIjoienVzaHhWR29ZOXMxWFdzcTQybWVKQT09IiwibWFjIjoiNGJkYzJjNmU1Y2QxZGM2YWVkMTY5MjU5ZGUzNGM3ZjYzOWEyZjA1NTUzNzFmNWU2MDY5MGI1NWZiOTYzYTViYiJ9', 0, 0, '2020-12-30 01:21:51', '2020-12-30 01:21:51'),
(15, 'adminHR', 'eyJpdiI6ImRQVkFOOEtRWlN1UDB3SFAvanNSdUE9PSIsInZhbHVlIjoiVmNGeWlYdUpsOHM2L3lZR3l4SzlGZz09IiwibWFjIjoiNzg4MDg4NDI3MjMyMjM4ZmY1MzhhMmVkMGVmZWEzYjQ1NTczYWFkNzczZGM3YzY2ZjI5Zjk0N2E3NTE3MTgwMiJ9', 0, 0, '2020-12-30 01:22:18', '2020-12-30 01:22:18');

-- --------------------------------------------------------

--
-- Struktur dari tabel `sys_user_profile`
--

CREATE TABLE `sys_user_profile` (
  `id` int(11) NOT NULL,
  `username` varchar(255) COLLATE utf8mb4_unicode_ci NOT NULL DEFAULT '-',
  `full_name` varchar(150) COLLATE utf8mb4_unicode_ci NOT NULL DEFAULT '-',
  `email` varchar(150) COLLATE utf8mb4_unicode_ci NOT NULL DEFAULT '-',
  `phone` varchar(15) COLLATE utf8mb4_unicode_ci NOT NULL DEFAULT '-',
  `created_at` timestamp NOT NULL DEFAULT current_timestamp() ON UPDATE current_timestamp(),
  `updated_at` timestamp NOT NULL DEFAULT current_timestamp() ON UPDATE current_timestamp()
) ENGINE=MyISAM DEFAULT CHARSET=utf8mb4 COLLATE=utf8mb4_unicode_ci;

--
-- Dumping data untuk tabel `sys_user_profile`
--

INSERT INTO `sys_user_profile` (`id`, `username`, `full_name`, `email`, `phone`, `created_at`, `updated_at`) VALUES
(1, 'admin', 'Admin Saloka', '-', '00987654', '2020-12-09 02:03:41', '2020-12-09 02:03:41'),
(5, 'dev', 'Developer', 'dev@gmail.com', '0000', '2020-12-16 23:47:08', '2020-12-16 23:47:08'),
(6, 'admin', 'Admin HRIS Saloka', 'admin@salokapark.com', '0', '2020-12-23 01:08:08', '2020-12-23 01:08:08'),
(7, 'adminHR', 'admin HR', 'adminHR@gmai.com', '09876', '2020-12-30 01:22:18', '2020-12-30 01:22:18');

-- --------------------------------------------------------

--
-- Struktur dari tabel `users`
--

CREATE TABLE `users` (
  `id` bigint(20) UNSIGNED NOT NULL,
  `name` varchar(75) COLLATE utf8mb4_unicode_ci NOT NULL,
  `email` varchar(150) COLLATE utf8mb4_unicode_ci NOT NULL,
  `email_verified_at` timestamp NULL DEFAULT NULL,
  `password` varchar(255) COLLATE utf8mb4_unicode_ci NOT NULL,
  `remember_token` varchar(100) COLLATE utf8mb4_unicode_ci DEFAULT NULL,
  `created_at` timestamp NULL DEFAULT NULL,
  `updated_at` timestamp NULL DEFAULT NULL
) ENGINE=MyISAM DEFAULT CHARSET=utf8mb4 COLLATE=utf8mb4_unicode_ci;

--
-- Indexes for dumped tables
--

--
-- Indeks untuk tabel `departemen`
--
ALTER TABLE `departemen`
  ADD PRIMARY KEY (`id`);

--
-- Indeks untuk tabel `karyawan`
--
ALTER TABLE `karyawan`
  ADD PRIMARY KEY (`id`);

--
-- Indeks untuk tabel `karyawan_detail`
--
ALTER TABLE `karyawan_detail`
  ADD PRIMARY KEY (`id`);

--
-- Indeks untuk tabel `password_resets`
--
ALTER TABLE `password_resets`
  ADD KEY `password_resets_email_index` (`email`);

--
-- Indeks untuk tabel `penggajian`
--
ALTER TABLE `penggajian`
  ADD PRIMARY KEY (`id`);

--
-- Indeks untuk tabel `periode_bulan`
--
ALTER TABLE `periode_bulan`
  ADD PRIMARY KEY (`id`);

--
-- Indeks untuk tabel `periode_tahun`
--
ALTER TABLE `periode_tahun`
  ADD PRIMARY KEY (`id`);

--
-- Indeks untuk tabel `presentasi_karyawan`
--
ALTER TABLE `presentasi_karyawan`
  ADD PRIMARY KEY (`id`);

--
-- Indeks untuk tabel `presentasi_karyawan_log`
--
ALTER TABLE `presentasi_karyawan_log`
  ADD PRIMARY KEY (`id`);

--
-- Indeks untuk tabel `presentasi_karyawan_outstanding`
--
ALTER TABLE `presentasi_karyawan_outstanding`
  ADD PRIMARY KEY (`id`);

--
-- Indeks untuk tabel `sub_departemen`
--
ALTER TABLE `sub_departemen`
  ADD PRIMARY KEY (`id`);

--
-- Indeks untuk tabel `sys_menu`
--
ALTER TABLE `sys_menu`
  ADD PRIMARY KEY (`id`);

--
-- Indeks untuk tabel `sys_menu_group`
--
ALTER TABLE `sys_menu_group`
  ADD PRIMARY KEY (`id`);

--
-- Indeks untuk tabel `sys_permission`
--
ALTER TABLE `sys_permission`
  ADD PRIMARY KEY (`id`);

--
-- Indeks untuk tabel `sys_user`
--
ALTER TABLE `sys_user`
  ADD PRIMARY KEY (`id`);

--
-- Indeks untuk tabel `sys_user_profile`
--
ALTER TABLE `sys_user_profile`
  ADD PRIMARY KEY (`id`);

--
-- Indeks untuk tabel `users`
--
ALTER TABLE `users`
  ADD PRIMARY KEY (`id`),
  ADD UNIQUE KEY `users_email_unique` (`email`);

--
-- AUTO_INCREMENT untuk tabel yang dibuang
--

--
-- AUTO_INCREMENT untuk tabel `departemen`
--
ALTER TABLE `departemen`
  MODIFY `id` int(11) NOT NULL AUTO_INCREMENT, AUTO_INCREMENT=15;

--
-- AUTO_INCREMENT untuk tabel `karyawan`
--
ALTER TABLE `karyawan`
  MODIFY `id` int(11) NOT NULL AUTO_INCREMENT, AUTO_INCREMENT=281;

--
-- AUTO_INCREMENT untuk tabel `karyawan_detail`
--
ALTER TABLE `karyawan_detail`
  MODIFY `id` int(11) NOT NULL AUTO_INCREMENT, AUTO_INCREMENT=1574;

--
-- AUTO_INCREMENT untuk tabel `penggajian`
--
ALTER TABLE `penggajian`
  MODIFY `id` int(11) NOT NULL AUTO_INCREMENT, AUTO_INCREMENT=1919;

--
-- AUTO_INCREMENT untuk tabel `periode_bulan`
--
ALTER TABLE `periode_bulan`
  MODIFY `id` int(11) NOT NULL AUTO_INCREMENT, AUTO_INCREMENT=8;

--
-- AUTO_INCREMENT untuk tabel `periode_tahun`
--
ALTER TABLE `periode_tahun`
  MODIFY `id` int(11) NOT NULL AUTO_INCREMENT, AUTO_INCREMENT=8;

--
-- AUTO_INCREMENT untuk tabel `presentasi_karyawan`
--
ALTER TABLE `presentasi_karyawan`
  MODIFY `id` int(11) NOT NULL AUTO_INCREMENT, AUTO_INCREMENT=4138;

--
-- AUTO_INCREMENT untuk tabel `presentasi_karyawan_log`
--
ALTER TABLE `presentasi_karyawan_log`
  MODIFY `id` int(11) NOT NULL AUTO_INCREMENT, AUTO_INCREMENT=11;

--
-- AUTO_INCREMENT untuk tabel `presentasi_karyawan_outstanding`
--
ALTER TABLE `presentasi_karyawan_outstanding`
  MODIFY `id` int(11) NOT NULL AUTO_INCREMENT, AUTO_INCREMENT=3003;

--
-- AUTO_INCREMENT untuk tabel `sub_departemen`
--
ALTER TABLE `sub_departemen`
  MODIFY `id` int(11) NOT NULL AUTO_INCREMENT;

--
-- AUTO_INCREMENT untuk tabel `sys_menu`
--
ALTER TABLE `sys_menu`
  MODIFY `id` bigint(20) UNSIGNED NOT NULL AUTO_INCREMENT, AUTO_INCREMENT=32;

--
-- AUTO_INCREMENT untuk tabel `sys_menu_group`
--
ALTER TABLE `sys_menu_group`
  MODIFY `id` bigint(20) UNSIGNED NOT NULL AUTO_INCREMENT, AUTO_INCREMENT=8;

--
-- AUTO_INCREMENT untuk tabel `sys_permission`
--
ALTER TABLE `sys_permission`
  MODIFY `id` bigint(20) UNSIGNED NOT NULL AUTO_INCREMENT, AUTO_INCREMENT=471;

--
-- AUTO_INCREMENT untuk tabel `sys_user`
--
ALTER TABLE `sys_user`
  MODIFY `id` bigint(20) UNSIGNED NOT NULL AUTO_INCREMENT, AUTO_INCREMENT=16;

--
-- AUTO_INCREMENT untuk tabel `sys_user_profile`
--
ALTER TABLE `sys_user_profile`
  MODIFY `id` int(11) NOT NULL AUTO_INCREMENT, AUTO_INCREMENT=8;

--
-- AUTO_INCREMENT untuk tabel `users`
--
ALTER TABLE `users`
  MODIFY `id` bigint(20) UNSIGNED NOT NULL AUTO_INCREMENT;
COMMIT;

/*!40101 SET CHARACTER_SET_CLIENT=@OLD_CHARACTER_SET_CLIENT */;
/*!40101 SET CHARACTER_SET_RESULTS=@OLD_CHARACTER_SET_RESULTS */;
/*!40101 SET COLLATION_CONNECTION=@OLD_COLLATION_CONNECTION */;
